record_id,title_mysql,primary_category,document_type_mysql,source_name_mysql,published_date_mysql,published_year_mysql,rating_score,popularity,content_length,title_length,engagement_score,estimated_value,title_mongo,description,url,source_path,file_name,category,document_type_mongo,source_name_mongo,language,content_text,published_date_mongo,published_year_mongo
48,Untitled record,pdf_two_column,pdf_two_column,data/raw/pdf/news_two_column.pdf,,,10.0,2124.0,2124,15,227.44,483310.0,Untitled record,No content available.,,,news_two_column.pdf,pdf_two_column,pdf_two_column,data/raw/pdf/news_two_column.pdf,unknown,"News Monit Two Colu Two-column layout for extraction This two-column briefing simulates a compact media report distributed to newsroom analysts. It contains short paragraphs and embedded images so you can test whether column-aware extraction produces readable output. The layout is intentionally narrow and mirrors the kind of print digest often used for morning media reviews. Coverage this week highlighted policy debates, AI funding optimism, and a surge in weekend sports clips. Regional desks also logged multilingual mentions including Žurnal, São Paulo, München, and café references. These characters are useful for testing whether normalization preserves accented text during extraction. A common strategy for multi-column PDFs is to split each page into left and right regions, extract both halves separately, normalize whitespace, and concatenate the results in reading order. This avoids jumbled lines when extractors read across the page instead of down the first column. Analysts can further attach metadata such as source file, page number, extraction date, and processing library so that downstream search or audit tasks remain transparent. Once stored in MongoDB, the document content can be searched alongside article feeds gathered from APIs and scraped websites. ring Brief — mn Sample ing with pdfplumber crop strategy In production, a simple logging trail should capture document name, success state, encoding notes, and any extraction warnings. That makes it easier to compare normal PDFs, two-column PDFs, Word documents, and Excel sheets inside one reproducible pipeline. The monitoring team can also compare issue salience by source, category, and region. Even a lightweight lab pipeline benefits from consistent metadata, because it lets you trace which parser produced each record and when that record entered the database. If a page uses a strong newspaper-style layout, a left-right crop method is often enough to recover the intended order. When tables or images appear, they can be stored separately as supporting content, while normalized text remains searchable as a clean field in MongoDB.",,
80,Untitled record,pdf_two_column,pdf_two_column,data/raw/pdf/news_two_column.pdf,,,10.0,2124.0,2124,15,227.44,483310.0,Untitled record,No content available.,,,news_two_column.pdf,pdf_two_column,pdf_two_column,data/raw/pdf/news_two_column.pdf,unknown,"News Monit Two Colu Two-column layout for extraction This two-column briefing simulates a compact media report distributed to newsroom analysts. It contains short paragraphs and embedded images so you can test whether column-aware extraction produces readable output. The layout is intentionally narrow and mirrors the kind of print digest often used for morning media reviews. Coverage this week highlighted policy debates, AI funding optimism, and a surge in weekend sports clips. Regional desks also logged multilingual mentions including Žurnal, São Paulo, München, and café references. These characters are useful for testing whether normalization preserves accented text during extraction. A common strategy for multi-column PDFs is to split each page into left and right regions, extract both halves separately, normalize whitespace, and concatenate the results in reading order. This avoids jumbled lines when extractors read across the page instead of down the first column. Analysts can further attach metadata such as source file, page number, extraction date, and processing library so that downstream search or audit tasks remain transparent. Once stored in MongoDB, the document content can be searched alongside article feeds gathered from APIs and scraped websites. ring Brief — mn Sample ing with pdfplumber crop strategy In production, a simple logging trail should capture document name, success state, encoding notes, and any extraction warnings. That makes it easier to compare normal PDFs, two-column PDFs, Word documents, and Excel sheets inside one reproducible pipeline. The monitoring team can also compare issue salience by source, category, and region. Even a lightweight lab pipeline benefits from consistent metadata, because it lets you trace which parser produced each record and when that record entered the database. If a page uses a strong newspaper-style layout, a left-right crop method is often enough to recover the intended order. When tables or images appear, they can be stored separately as supporting content, while normalized text remains searchable as a clean field in MongoDB.",,
112,Untitled record,pdf_two_column,pdf_two_column,unknown,,,10.0,2124.0,2124,15,227.44,483310.0,Untitled record,No content available.,,data/raw/pdf/news_two_column.pdf,news_two_column.pdf,pdf_two_column,pdf_two_column,unknown,unknown,"News Monit Two Colu Two-column layout for extraction This two-column briefing simulates a compact media report distributed to newsroom analysts. It contains short paragraphs and embedded images so you can test whether column-aware extraction produces readable output. The layout is intentionally narrow and mirrors the kind of print digest often used for morning media reviews. Coverage this week highlighted policy debates, AI funding optimism, and a surge in weekend sports clips. Regional desks also logged multilingual mentions including Žurnal, São Paulo, München, and café references. These characters are useful for testing whether normalization preserves accented text during extraction. A common strategy for multi-column PDFs is to split each page into left and right regions, extract both halves separately, normalize whitespace, and concatenate the results in reading order. This avoids jumbled lines when extractors read across the page instead of down the first column. Analysts can further attach metadata such as source file, page number, extraction date, and processing library so that downstream search or audit tasks remain transparent. Once stored in MongoDB, the document content can be searched alongside article feeds gathered from APIs and scraped websites. ring Brief — mn Sample ing with pdfplumber crop strategy In production, a simple logging trail should capture document name, success state, encoding notes, and any extraction warnings. That makes it easier to compare normal PDFs, two-column PDFs, Word documents, and Excel sheets inside one reproducible pipeline. The monitoring team can also compare issue salience by source, category, and region. Even a lightweight lab pipeline benefits from consistent metadata, because it lets you trace which parser produced each record and when that record entered the database. If a page uses a strong newspaper-style layout, a left-right crop method is often enough to recover the intended order. When tables or images appear, they can be stored separately as supporting content, while normalized text remains searchable as a clean field in MongoDB.",,
152,Untitled record,pdf_two_column,pdf_two_column,unknown,,,10.0,2124.0,2124,15,227.44,483310.0,Untitled record,No content available.,,data/raw/pdf/news_two_column.pdf,news_two_column.pdf,pdf_two_column,pdf_two_column,unknown,unknown,"News Monit Two Colu Two-column layout for extraction This two-column briefing simulates a compact media report distributed to newsroom analysts. It contains short paragraphs and embedded images so you can test whether column-aware extraction produces readable output. The layout is intentionally narrow and mirrors the kind of print digest often used for morning media reviews. Coverage this week highlighted policy debates, AI funding optimism, and a surge in weekend sports clips. Regional desks also logged multilingual mentions including Žurnal, São Paulo, München, and café references. These characters are useful for testing whether normalization preserves accented text during extraction. A common strategy for multi-column PDFs is to split each page into left and right regions, extract both halves separately, normalize whitespace, and concatenate the results in reading order. This avoids jumbled lines when extractors read across the page instead of down the first column. Analysts can further attach metadata such as source file, page number, extraction date, and processing library so that downstream search or audit tasks remain transparent. Once stored in MongoDB, the document content can be searched alongside article feeds gathered from APIs and scraped websites. ring Brief — mn Sample ing with pdfplumber crop strategy In production, a simple logging trail should capture document name, success state, encoding notes, and any extraction warnings. That makes it easier to compare normal PDFs, two-column PDFs, Word documents, and Excel sheets inside one reproducible pipeline. The monitoring team can also compare issue salience by source, category, and region. Even a lightweight lab pipeline benefits from consistent metadata, because it lets you trace which parser produced each record and when that record entered the database. If a page uses a strong newspaper-style layout, a left-right crop method is often enough to recover the intended order. When tables or images appear, they can be stored separately as supporting content, while normalized text remains searchable as a clean field in MongoDB.",,
193,Untitled record,pdf_two_column,pdf_two_column,unknown,,,10.0,2124.0,2124,15,227.44,483310.0,Untitled record,No content available.,,data/raw/pdf/news_two_column.pdf,news_two_column.pdf,pdf_two_column,pdf_two_column,unknown,unknown,"News Monit Two Colu Two-column layout for extraction This two-column briefing simulates a compact media report distributed to newsroom analysts. It contains short paragraphs and embedded images so you can test whether column-aware extraction produces readable output. The layout is intentionally narrow and mirrors the kind of print digest often used for morning media reviews. Coverage this week highlighted policy debates, AI funding optimism, and a surge in weekend sports clips. Regional desks also logged multilingual mentions including Žurnal, São Paulo, München, and café references. These characters are useful for testing whether normalization preserves accented text during extraction. A common strategy for multi-column PDFs is to split each page into left and right regions, extract both halves separately, normalize whitespace, and concatenate the results in reading order. This avoids jumbled lines when extractors read across the page instead of down the first column. Analysts can further attach metadata such as source file, page number, extraction date, and processing library so that downstream search or audit tasks remain transparent. Once stored in MongoDB, the document content can be searched alongside article feeds gathered from APIs and scraped websites. ring Brief — mn Sample ing with pdfplumber crop strategy In production, a simple logging trail should capture document name, success state, encoding notes, and any extraction warnings. That makes it easier to compare normal PDFs, two-column PDFs, Word documents, and Excel sheets inside one reproducible pipeline. The monitoring team can also compare issue salience by source, category, and region. Even a lightweight lab pipeline benefits from consistent metadata, because it lets you trace which parser produced each record and when that record entered the database. If a page uses a strong newspaper-style layout, a left-right crop method is often enough to recover the intended order. When tables or images appear, they can be stored separately as supporting content, while normalized text remains searchable as a clean field in MongoDB.",,
449,Untitled record,pdf_two_column,pdf_two_column,unknown,,,10.0,2124.0,2124,15,227.44,483310.0,Untitled record,No content available.,,data/raw/pdf/news_two_column.pdf,news_two_column.pdf,pdf_two_column,pdf_two_column,unknown,unknown,"News Monit Two Colu Two-column layout for extraction This two-column briefing simulates a compact media report distributed to newsroom analysts. It contains short paragraphs and embedded images so you can test whether column-aware extraction produces readable output. The layout is intentionally narrow and mirrors the kind of print digest often used for morning media reviews. Coverage this week highlighted policy debates, AI funding optimism, and a surge in weekend sports clips. Regional desks also logged multilingual mentions including Žurnal, São Paulo, München, and café references. These characters are useful for testing whether normalization preserves accented text during extraction. A common strategy for multi-column PDFs is to split each page into left and right regions, extract both halves separately, normalize whitespace, and concatenate the results in reading order. This avoids jumbled lines when extractors read across the page instead of down the first column. Analysts can further attach metadata such as source file, page number, extraction date, and processing library so that downstream search or audit tasks remain transparent. Once stored in MongoDB, the document content can be searched alongside article feeds gathered from APIs and scraped websites. ring Brief — mn Sample ing with pdfplumber crop strategy In production, a simple logging trail should capture document name, success state, encoding notes, and any extraction warnings. That makes it easier to compare normal PDFs, two-column PDFs, Word documents, and Excel sheets inside one reproducible pipeline. The monitoring team can also compare issue salience by source, category, and region. Even a lightweight lab pipeline benefits from consistent metadata, because it lets you trace which parser produced each record and when that record entered the database. If a page uses a strong newspaper-style layout, a left-right crop method is often enough to recover the intended order. When tables or images appear, they can be stored separately as supporting content, while normalized text remains searchable as a clean field in MongoDB.",,
705,Untitled record,pdf_two_column,pdf_two_column,unknown,,,10.0,2124.0,2124,15,227.44,483310.0,Untitled record,No content available.,,data/raw/pdf/news_two_column.pdf,news_two_column.pdf,pdf_two_column,pdf_two_column,unknown,unknown,"News Monit Two Colu Two-column layout for extraction This two-column briefing simulates a compact media report distributed to newsroom analysts. It contains short paragraphs and embedded images so you can test whether column-aware extraction produces readable output. The layout is intentionally narrow and mirrors the kind of print digest often used for morning media reviews. Coverage this week highlighted policy debates, AI funding optimism, and a surge in weekend sports clips. Regional desks also logged multilingual mentions including Žurnal, São Paulo, München, and café references. These characters are useful for testing whether normalization preserves accented text during extraction. A common strategy for multi-column PDFs is to split each page into left and right regions, extract both halves separately, normalize whitespace, and concatenate the results in reading order. This avoids jumbled lines when extractors read across the page instead of down the first column. Analysts can further attach metadata such as source file, page number, extraction date, and processing library so that downstream search or audit tasks remain transparent. Once stored in MongoDB, the document content can be searched alongside article feeds gathered from APIs and scraped websites. ring Brief — mn Sample ing with pdfplumber crop strategy In production, a simple logging trail should capture document name, success state, encoding notes, and any extraction warnings. That makes it easier to compare normal PDFs, two-column PDFs, Word documents, and Excel sheets inside one reproducible pipeline. The monitoring team can also compare issue salience by source, category, and region. Even a lightweight lab pipeline benefits from consistent metadata, because it lets you trace which parser produced each record and when that record entered the database. If a page uses a strong newspaper-style layout, a left-right crop method is often enough to recover the intended order. When tables or images appear, they can be stored separately as supporting content, while normalized text remains searchable as a clean field in MongoDB.",,
961,Untitled record,pdf_two_column,pdf_two_column,unknown,,,10.0,2124.0,2124,15,227.44,483310.0,Untitled record,No content available.,,data/raw/pdf/news_two_column.pdf,news_two_column.pdf,pdf_two_column,pdf_two_column,unknown,unknown,"News Monit Two Colu Two-column layout for extraction This two-column briefing simulates a compact media report distributed to newsroom analysts. It contains short paragraphs and embedded images so you can test whether column-aware extraction produces readable output. The layout is intentionally narrow and mirrors the kind of print digest often used for morning media reviews. Coverage this week highlighted policy debates, AI funding optimism, and a surge in weekend sports clips. Regional desks also logged multilingual mentions including Žurnal, São Paulo, München, and café references. These characters are useful for testing whether normalization preserves accented text during extraction. A common strategy for multi-column PDFs is to split each page into left and right regions, extract both halves separately, normalize whitespace, and concatenate the results in reading order. This avoids jumbled lines when extractors read across the page instead of down the first column. Analysts can further attach metadata such as source file, page number, extraction date, and processing library so that downstream search or audit tasks remain transparent. Once stored in MongoDB, the document content can be searched alongside article feeds gathered from APIs and scraped websites. ring Brief — mn Sample ing with pdfplumber crop strategy In production, a simple logging trail should capture document name, success state, encoding notes, and any extraction warnings. That makes it easier to compare normal PDFs, two-column PDFs, Word documents, and Excel sheets inside one reproducible pipeline. The monitoring team can also compare issue salience by source, category, and region. Even a lightweight lab pipeline benefits from consistent metadata, because it lets you trace which parser produced each record and when that record entered the database. If a page uses a strong newspaper-style layout, a left-right crop method is often enough to recover the intended order. When tables or images appear, they can be stored separately as supporting content, while normalized text remains searchable as a clean field in MongoDB.",,
1217,Untitled record,pdf_two_column,pdf_two_column,unknown,,,10.0,2124.0,2124,15,227.44,483310.0,Untitled record,No content available.,,data/raw/pdf/news_two_column.pdf,news_two_column.pdf,pdf_two_column,pdf_two_column,unknown,unknown,"News Monit Two Colu Two-column layout for extraction This two-column briefing simulates a compact media report distributed to newsroom analysts. It contains short paragraphs and embedded images so you can test whether column-aware extraction produces readable output. The layout is intentionally narrow and mirrors the kind of print digest often used for morning media reviews. Coverage this week highlighted policy debates, AI funding optimism, and a surge in weekend sports clips. Regional desks also logged multilingual mentions including Žurnal, São Paulo, München, and café references. These characters are useful for testing whether normalization preserves accented text during extraction. A common strategy for multi-column PDFs is to split each page into left and right regions, extract both halves separately, normalize whitespace, and concatenate the results in reading order. This avoids jumbled lines when extractors read across the page instead of down the first column. Analysts can further attach metadata such as source file, page number, extraction date, and processing library so that downstream search or audit tasks remain transparent. Once stored in MongoDB, the document content can be searched alongside article feeds gathered from APIs and scraped websites. ring Brief — mn Sample ing with pdfplumber crop strategy In production, a simple logging trail should capture document name, success state, encoding notes, and any extraction warnings. That makes it easier to compare normal PDFs, two-column PDFs, Word documents, and Excel sheets inside one reproducible pipeline. The monitoring team can also compare issue salience by source, category, and region. Even a lightweight lab pipeline benefits from consistent metadata, because it lets you trace which parser produced each record and when that record entered the database. If a page uses a strong newspaper-style layout, a left-right crop method is often enough to recover the intended order. When tables or images appear, they can be stored separately as supporting content, while normalized text remains searchable as a clean field in MongoDB.",,
51,Untitled record,word_two_column,word_two_column,data/raw/word/news_two_column.docx,,,10.0,1877.0,1877,15,212.62,399300.0,Untitled record,No content available.,,,news_two_column.docx,word_two_column,word_two_column,data/raw/word/news_two_column.docx,unknown,"News Monitoring Brief — Two Column Sample Two-column layout for extraction testing with pdfplumber crop strategy This two-column briefing simulates a compact media report distributed to newsroom analysts. It contains short paragraphs and embedded images so you can test whether column-aware extraction produces readable output. The layout is intentionally narrow and mirrors the kind of print digest often used for morning media reviews. Coverage this week highlighted policy debates, AI funding optimism, and a surge in weekend sports clips. Regional desks also logged multilingual mentions including Žurnal, São Paulo, München, and café references. These characters are useful for testing whether normalization preserves accented text during extraction. A common strategy for multi-column PDFs is to split each page into left and right regions, extract both halves separately, normalize whitespace, and concatenate the results in reading order. This avoids jumbled lines when extractors read across the page instead of down the first column. Analysts can further attach metadata such as source file, page number, extraction date, and processing library so that downstream search or audit tasks remain transparent. Once stored in MongoDB, the document content can be searched alongside article feeds gathered from APIs and scraped websites. In production, a simple logging trail should capture document name, success state, encoding notes, and any extraction warnings. That makes it easier to compare normal PDFs, two-column PDFs, Word documents, and Excel sheets inside one reproducible pipeline. Bordered table — source coverage snapshot Borderless table — trending keyword snapshot Store extracted text with metadata such as file name, page number, source path, extraction date, and library used. This helps version and audit ingestion results inside the pipeline.",,
83,Untitled record,word_two_column,word_two_column,data/raw/word/news_two_column.docx,,,10.0,1877.0,1877,15,212.62,399300.0,Untitled record,No content available.,,,news_two_column.docx,word_two_column,word_two_column,data/raw/word/news_two_column.docx,unknown,"News Monitoring Brief — Two Column Sample Two-column layout for extraction testing with pdfplumber crop strategy This two-column briefing simulates a compact media report distributed to newsroom analysts. It contains short paragraphs and embedded images so you can test whether column-aware extraction produces readable output. The layout is intentionally narrow and mirrors the kind of print digest often used for morning media reviews. Coverage this week highlighted policy debates, AI funding optimism, and a surge in weekend sports clips. Regional desks also logged multilingual mentions including Žurnal, São Paulo, München, and café references. These characters are useful for testing whether normalization preserves accented text during extraction. A common strategy for multi-column PDFs is to split each page into left and right regions, extract both halves separately, normalize whitespace, and concatenate the results in reading order. This avoids jumbled lines when extractors read across the page instead of down the first column. Analysts can further attach metadata such as source file, page number, extraction date, and processing library so that downstream search or audit tasks remain transparent. Once stored in MongoDB, the document content can be searched alongside article feeds gathered from APIs and scraped websites. In production, a simple logging trail should capture document name, success state, encoding notes, and any extraction warnings. That makes it easier to compare normal PDFs, two-column PDFs, Word documents, and Excel sheets inside one reproducible pipeline. Bordered table — source coverage snapshot Borderless table — trending keyword snapshot Store extracted text with metadata such as file name, page number, source path, extraction date, and library used. This helps version and audit ingestion results inside the pipeline.",,
115,Untitled record,word_two_column,word_two_column,unknown,,,10.0,1877.0,1877,15,212.62,399300.0,Untitled record,No content available.,,data/raw/word/news_two_column.docx,news_two_column.docx,word_two_column,word_two_column,unknown,unknown,"News Monitoring Brief — Two Column Sample Two-column layout for extraction testing with pdfplumber crop strategy This two-column briefing simulates a compact media report distributed to newsroom analysts. It contains short paragraphs and embedded images so you can test whether column-aware extraction produces readable output. The layout is intentionally narrow and mirrors the kind of print digest often used for morning media reviews. Coverage this week highlighted policy debates, AI funding optimism, and a surge in weekend sports clips. Regional desks also logged multilingual mentions including Žurnal, São Paulo, München, and café references. These characters are useful for testing whether normalization preserves accented text during extraction. A common strategy for multi-column PDFs is to split each page into left and right regions, extract both halves separately, normalize whitespace, and concatenate the results in reading order. This avoids jumbled lines when extractors read across the page instead of down the first column. Analysts can further attach metadata such as source file, page number, extraction date, and processing library so that downstream search or audit tasks remain transparent. Once stored in MongoDB, the document content can be searched alongside article feeds gathered from APIs and scraped websites. In production, a simple logging trail should capture document name, success state, encoding notes, and any extraction warnings. That makes it easier to compare normal PDFs, two-column PDFs, Word documents, and Excel sheets inside one reproducible pipeline. Bordered table — source coverage snapshot Borderless table — trending keyword snapshot Store extracted text with metadata such as file name, page number, source path, extraction date, and library used. This helps version and audit ingestion results inside the pipeline.",,
155,Untitled record,word_two_column,word_two_column,unknown,,,10.0,1877.0,1877,15,212.62,399300.0,Untitled record,No content available.,,data/raw/word/news_two_column.docx,news_two_column.docx,word_two_column,word_two_column,unknown,unknown,"News Monitoring Brief — Two Column Sample Two-column layout for extraction testing with pdfplumber crop strategy This two-column briefing simulates a compact media report distributed to newsroom analysts. It contains short paragraphs and embedded images so you can test whether column-aware extraction produces readable output. The layout is intentionally narrow and mirrors the kind of print digest often used for morning media reviews. Coverage this week highlighted policy debates, AI funding optimism, and a surge in weekend sports clips. Regional desks also logged multilingual mentions including Žurnal, São Paulo, München, and café references. These characters are useful for testing whether normalization preserves accented text during extraction. A common strategy for multi-column PDFs is to split each page into left and right regions, extract both halves separately, normalize whitespace, and concatenate the results in reading order. This avoids jumbled lines when extractors read across the page instead of down the first column. Analysts can further attach metadata such as source file, page number, extraction date, and processing library so that downstream search or audit tasks remain transparent. Once stored in MongoDB, the document content can be searched alongside article feeds gathered from APIs and scraped websites. In production, a simple logging trail should capture document name, success state, encoding notes, and any extraction warnings. That makes it easier to compare normal PDFs, two-column PDFs, Word documents, and Excel sheets inside one reproducible pipeline. Bordered table — source coverage snapshot Borderless table — trending keyword snapshot Store extracted text with metadata such as file name, page number, source path, extraction date, and library used. This helps version and audit ingestion results inside the pipeline.",,
196,Untitled record,word_two_column,word_two_column,unknown,,,10.0,1877.0,1877,15,212.62,399300.0,Untitled record,No content available.,,data/raw/word/news_two_column.docx,news_two_column.docx,word_two_column,word_two_column,unknown,unknown,"News Monitoring Brief — Two Column Sample Two-column layout for extraction testing with pdfplumber crop strategy This two-column briefing simulates a compact media report distributed to newsroom analysts. It contains short paragraphs and embedded images so you can test whether column-aware extraction produces readable output. The layout is intentionally narrow and mirrors the kind of print digest often used for morning media reviews. Coverage this week highlighted policy debates, AI funding optimism, and a surge in weekend sports clips. Regional desks also logged multilingual mentions including Žurnal, São Paulo, München, and café references. These characters are useful for testing whether normalization preserves accented text during extraction. A common strategy for multi-column PDFs is to split each page into left and right regions, extract both halves separately, normalize whitespace, and concatenate the results in reading order. This avoids jumbled lines when extractors read across the page instead of down the first column. Analysts can further attach metadata such as source file, page number, extraction date, and processing library so that downstream search or audit tasks remain transparent. Once stored in MongoDB, the document content can be searched alongside article feeds gathered from APIs and scraped websites. In production, a simple logging trail should capture document name, success state, encoding notes, and any extraction warnings. That makes it easier to compare normal PDFs, two-column PDFs, Word documents, and Excel sheets inside one reproducible pipeline. Bordered table — source coverage snapshot Borderless table — trending keyword snapshot Store extracted text with metadata such as file name, page number, source path, extraction date, and library used. This helps version and audit ingestion results inside the pipeline.",,
452,Untitled record,word_two_column,word_two_column,unknown,,,10.0,1877.0,1877,15,212.62,399300.0,Untitled record,No content available.,,data/raw/word/news_two_column.docx,news_two_column.docx,word_two_column,word_two_column,unknown,unknown,"News Monitoring Brief — Two Column Sample Two-column layout for extraction testing with pdfplumber crop strategy This two-column briefing simulates a compact media report distributed to newsroom analysts. It contains short paragraphs and embedded images so you can test whether column-aware extraction produces readable output. The layout is intentionally narrow and mirrors the kind of print digest often used for morning media reviews. Coverage this week highlighted policy debates, AI funding optimism, and a surge in weekend sports clips. Regional desks also logged multilingual mentions including Žurnal, São Paulo, München, and café references. These characters are useful for testing whether normalization preserves accented text during extraction. A common strategy for multi-column PDFs is to split each page into left and right regions, extract both halves separately, normalize whitespace, and concatenate the results in reading order. This avoids jumbled lines when extractors read across the page instead of down the first column. Analysts can further attach metadata such as source file, page number, extraction date, and processing library so that downstream search or audit tasks remain transparent. Once stored in MongoDB, the document content can be searched alongside article feeds gathered from APIs and scraped websites. In production, a simple logging trail should capture document name, success state, encoding notes, and any extraction warnings. That makes it easier to compare normal PDFs, two-column PDFs, Word documents, and Excel sheets inside one reproducible pipeline. Bordered table — source coverage snapshot Borderless table — trending keyword snapshot Store extracted text with metadata such as file name, page number, source path, extraction date, and library used. This helps version and audit ingestion results inside the pipeline.",,
708,Untitled record,word_two_column,word_two_column,unknown,,,10.0,1877.0,1877,15,212.62,399300.0,Untitled record,No content available.,,data/raw/word/news_two_column.docx,news_two_column.docx,word_two_column,word_two_column,unknown,unknown,"News Monitoring Brief — Two Column Sample Two-column layout for extraction testing with pdfplumber crop strategy This two-column briefing simulates a compact media report distributed to newsroom analysts. It contains short paragraphs and embedded images so you can test whether column-aware extraction produces readable output. The layout is intentionally narrow and mirrors the kind of print digest often used for morning media reviews. Coverage this week highlighted policy debates, AI funding optimism, and a surge in weekend sports clips. Regional desks also logged multilingual mentions including Žurnal, São Paulo, München, and café references. These characters are useful for testing whether normalization preserves accented text during extraction. A common strategy for multi-column PDFs is to split each page into left and right regions, extract both halves separately, normalize whitespace, and concatenate the results in reading order. This avoids jumbled lines when extractors read across the page instead of down the first column. Analysts can further attach metadata such as source file, page number, extraction date, and processing library so that downstream search or audit tasks remain transparent. Once stored in MongoDB, the document content can be searched alongside article feeds gathered from APIs and scraped websites. In production, a simple logging trail should capture document name, success state, encoding notes, and any extraction warnings. That makes it easier to compare normal PDFs, two-column PDFs, Word documents, and Excel sheets inside one reproducible pipeline. Bordered table — source coverage snapshot Borderless table — trending keyword snapshot Store extracted text with metadata such as file name, page number, source path, extraction date, and library used. This helps version and audit ingestion results inside the pipeline.",,
964,Untitled record,word_two_column,word_two_column,unknown,,,10.0,1877.0,1877,15,212.62,399300.0,Untitled record,No content available.,,data/raw/word/news_two_column.docx,news_two_column.docx,word_two_column,word_two_column,unknown,unknown,"News Monitoring Brief — Two Column Sample Two-column layout for extraction testing with pdfplumber crop strategy This two-column briefing simulates a compact media report distributed to newsroom analysts. It contains short paragraphs and embedded images so you can test whether column-aware extraction produces readable output. The layout is intentionally narrow and mirrors the kind of print digest often used for morning media reviews. Coverage this week highlighted policy debates, AI funding optimism, and a surge in weekend sports clips. Regional desks also logged multilingual mentions including Žurnal, São Paulo, München, and café references. These characters are useful for testing whether normalization preserves accented text during extraction. A common strategy for multi-column PDFs is to split each page into left and right regions, extract both halves separately, normalize whitespace, and concatenate the results in reading order. This avoids jumbled lines when extractors read across the page instead of down the first column. Analysts can further attach metadata such as source file, page number, extraction date, and processing library so that downstream search or audit tasks remain transparent. Once stored in MongoDB, the document content can be searched alongside article feeds gathered from APIs and scraped websites. In production, a simple logging trail should capture document name, success state, encoding notes, and any extraction warnings. That makes it easier to compare normal PDFs, two-column PDFs, Word documents, and Excel sheets inside one reproducible pipeline. Bordered table — source coverage snapshot Borderless table — trending keyword snapshot Store extracted text with metadata such as file name, page number, source path, extraction date, and library used. This helps version and audit ingestion results inside the pipeline.",,
1220,Untitled record,word_two_column,word_two_column,unknown,,,10.0,1877.0,1877,15,212.62,399300.0,Untitled record,No content available.,,data/raw/word/news_two_column.docx,news_two_column.docx,word_two_column,word_two_column,unknown,unknown,"News Monitoring Brief — Two Column Sample Two-column layout for extraction testing with pdfplumber crop strategy This two-column briefing simulates a compact media report distributed to newsroom analysts. It contains short paragraphs and embedded images so you can test whether column-aware extraction produces readable output. The layout is intentionally narrow and mirrors the kind of print digest often used for morning media reviews. Coverage this week highlighted policy debates, AI funding optimism, and a surge in weekend sports clips. Regional desks also logged multilingual mentions including Žurnal, São Paulo, München, and café references. These characters are useful for testing whether normalization preserves accented text during extraction. A common strategy for multi-column PDFs is to split each page into left and right regions, extract both halves separately, normalize whitespace, and concatenate the results in reading order. This avoids jumbled lines when extractors read across the page instead of down the first column. Analysts can further attach metadata such as source file, page number, extraction date, and processing library so that downstream search or audit tasks remain transparent. Once stored in MongoDB, the document content can be searched alongside article feeds gathered from APIs and scraped websites. In production, a simple logging trail should capture document name, success state, encoding notes, and any extraction warnings. That makes it easier to compare normal PDFs, two-column PDFs, Word documents, and Excel sheets inside one reproducible pipeline. Bordered table — source coverage snapshot Borderless table — trending keyword snapshot Store extracted text with metadata such as file name, page number, source path, extraction date, and library used. This helps version and audit ingestion results inside the pipeline.",,
50,Untitled record,word,word,data/raw/word/news_normal.docx,,,10.0,1080.0,1080,15,164.8,178149.0,Untitled record,No content available.,,,news_normal.docx,word,word,data/raw/word/news_normal.docx,unknown,"News Media Monitoring Pipeline — Extraction Sample Normal layout · includes text, tables with/without borders, and images The News Media Monitoring Pipeline collects article metadata, summaries, and engagement signals from online outlets. This sample document is designed for document extraction tests and intentionally includes paragraphs, bordered tables, borderless tables, and several images. During the latest monitoring window, editors tracked rising coverage of elections, AI investments, and live sports rights. The content below includes special characters such as Ž, č, š, and café so encoding-aware processing can be verified during extraction. A downstream parser can extract body text with pdfplumber or python-docx, then store the normalized text and metadata in MongoDB together with source path, page number, and extraction timestamp. Table with borders — sample source coverage Table without borders — trending keyword snapshot Suggested extraction metadata: file name, document type, source path, extraction timestamp, page number, and extraction library.",,
82,Untitled record,word,word,data/raw/word/news_normal.docx,,,10.0,1080.0,1080,15,164.8,178149.0,Untitled record,No content available.,,,news_normal.docx,word,word,data/raw/word/news_normal.docx,unknown,"News Media Monitoring Pipeline — Extraction Sample Normal layout · includes text, tables with/without borders, and images The News Media Monitoring Pipeline collects article metadata, summaries, and engagement signals from online outlets. This sample document is designed for document extraction tests and intentionally includes paragraphs, bordered tables, borderless tables, and several images. During the latest monitoring window, editors tracked rising coverage of elections, AI investments, and live sports rights. The content below includes special characters such as Ž, č, š, and café so encoding-aware processing can be verified during extraction. A downstream parser can extract body text with pdfplumber or python-docx, then store the normalized text and metadata in MongoDB together with source path, page number, and extraction timestamp. Table with borders — sample source coverage Table without borders — trending keyword snapshot Suggested extraction metadata: file name, document type, source path, extraction timestamp, page number, and extraction library.",,
114,Untitled record,word,word,unknown,,,10.0,1080.0,1080,15,164.8,178149.0,Untitled record,No content available.,,data/raw/word/news_normal.docx,news_normal.docx,word,word,unknown,unknown,"News Media Monitoring Pipeline — Extraction Sample Normal layout · includes text, tables with/without borders, and images The News Media Monitoring Pipeline collects article metadata, summaries, and engagement signals from online outlets. This sample document is designed for document extraction tests and intentionally includes paragraphs, bordered tables, borderless tables, and several images. During the latest monitoring window, editors tracked rising coverage of elections, AI investments, and live sports rights. The content below includes special characters such as Ž, č, š, and café so encoding-aware processing can be verified during extraction. A downstream parser can extract body text with pdfplumber or python-docx, then store the normalized text and metadata in MongoDB together with source path, page number, and extraction timestamp. Table with borders — sample source coverage Table without borders — trending keyword snapshot Suggested extraction metadata: file name, document type, source path, extraction timestamp, page number, and extraction library.",,
154,Untitled record,word,word,unknown,,,10.0,1080.0,1080,15,164.8,178149.0,Untitled record,No content available.,,data/raw/word/news_normal.docx,news_normal.docx,word,word,unknown,unknown,"News Media Monitoring Pipeline — Extraction Sample Normal layout · includes text, tables with/without borders, and images The News Media Monitoring Pipeline collects article metadata, summaries, and engagement signals from online outlets. This sample document is designed for document extraction tests and intentionally includes paragraphs, bordered tables, borderless tables, and several images. During the latest monitoring window, editors tracked rising coverage of elections, AI investments, and live sports rights. The content below includes special characters such as Ž, č, š, and café so encoding-aware processing can be verified during extraction. A downstream parser can extract body text with pdfplumber or python-docx, then store the normalized text and metadata in MongoDB together with source path, page number, and extraction timestamp. Table with borders — sample source coverage Table without borders — trending keyword snapshot Suggested extraction metadata: file name, document type, source path, extraction timestamp, page number, and extraction library.",,
195,Untitled record,word,word,unknown,,,10.0,1080.0,1080,15,164.8,178149.0,Untitled record,No content available.,,data/raw/word/news_normal.docx,news_normal.docx,word,word,unknown,unknown,"News Media Monitoring Pipeline — Extraction Sample Normal layout · includes text, tables with/without borders, and images The News Media Monitoring Pipeline collects article metadata, summaries, and engagement signals from online outlets. This sample document is designed for document extraction tests and intentionally includes paragraphs, bordered tables, borderless tables, and several images. During the latest monitoring window, editors tracked rising coverage of elections, AI investments, and live sports rights. The content below includes special characters such as Ž, č, š, and café so encoding-aware processing can be verified during extraction. A downstream parser can extract body text with pdfplumber or python-docx, then store the normalized text and metadata in MongoDB together with source path, page number, and extraction timestamp. Table with borders — sample source coverage Table without borders — trending keyword snapshot Suggested extraction metadata: file name, document type, source path, extraction timestamp, page number, and extraction library.",,
451,Untitled record,word,word,unknown,,,10.0,1080.0,1080,15,164.8,178149.0,Untitled record,No content available.,,data/raw/word/news_normal.docx,news_normal.docx,word,word,unknown,unknown,"News Media Monitoring Pipeline — Extraction Sample Normal layout · includes text, tables with/without borders, and images The News Media Monitoring Pipeline collects article metadata, summaries, and engagement signals from online outlets. This sample document is designed for document extraction tests and intentionally includes paragraphs, bordered tables, borderless tables, and several images. During the latest monitoring window, editors tracked rising coverage of elections, AI investments, and live sports rights. The content below includes special characters such as Ž, č, š, and café so encoding-aware processing can be verified during extraction. A downstream parser can extract body text with pdfplumber or python-docx, then store the normalized text and metadata in MongoDB together with source path, page number, and extraction timestamp. Table with borders — sample source coverage Table without borders — trending keyword snapshot Suggested extraction metadata: file name, document type, source path, extraction timestamp, page number, and extraction library.",,
707,Untitled record,word,word,unknown,,,10.0,1080.0,1080,15,164.8,178149.0,Untitled record,No content available.,,data/raw/word/news_normal.docx,news_normal.docx,word,word,unknown,unknown,"News Media Monitoring Pipeline — Extraction Sample Normal layout · includes text, tables with/without borders, and images The News Media Monitoring Pipeline collects article metadata, summaries, and engagement signals from online outlets. This sample document is designed for document extraction tests and intentionally includes paragraphs, bordered tables, borderless tables, and several images. During the latest monitoring window, editors tracked rising coverage of elections, AI investments, and live sports rights. The content below includes special characters such as Ž, č, š, and café so encoding-aware processing can be verified during extraction. A downstream parser can extract body text with pdfplumber or python-docx, then store the normalized text and metadata in MongoDB together with source path, page number, and extraction timestamp. Table with borders — sample source coverage Table without borders — trending keyword snapshot Suggested extraction metadata: file name, document type, source path, extraction timestamp, page number, and extraction library.",,
963,Untitled record,word,word,unknown,,,10.0,1080.0,1080,15,164.8,178149.0,Untitled record,No content available.,,data/raw/word/news_normal.docx,news_normal.docx,word,word,unknown,unknown,"News Media Monitoring Pipeline — Extraction Sample Normal layout · includes text, tables with/without borders, and images The News Media Monitoring Pipeline collects article metadata, summaries, and engagement signals from online outlets. This sample document is designed for document extraction tests and intentionally includes paragraphs, bordered tables, borderless tables, and several images. During the latest monitoring window, editors tracked rising coverage of elections, AI investments, and live sports rights. The content below includes special characters such as Ž, č, š, and café so encoding-aware processing can be verified during extraction. A downstream parser can extract body text with pdfplumber or python-docx, then store the normalized text and metadata in MongoDB together with source path, page number, and extraction timestamp. Table with borders — sample source coverage Table without borders — trending keyword snapshot Suggested extraction metadata: file name, document type, source path, extraction timestamp, page number, and extraction library.",,
1219,Untitled record,word,word,unknown,,,10.0,1080.0,1080,15,164.8,178149.0,Untitled record,No content available.,,data/raw/word/news_normal.docx,news_normal.docx,word,word,unknown,unknown,"News Media Monitoring Pipeline — Extraction Sample Normal layout · includes text, tables with/without borders, and images The News Media Monitoring Pipeline collects article metadata, summaries, and engagement signals from online outlets. This sample document is designed for document extraction tests and intentionally includes paragraphs, bordered tables, borderless tables, and several images. During the latest monitoring window, editors tracked rising coverage of elections, AI investments, and live sports rights. The content below includes special characters such as Ž, č, š, and café so encoding-aware processing can be verified during extraction. A downstream parser can extract body text with pdfplumber or python-docx, then store the normalized text and metadata in MongoDB together with source path, page number, and extraction timestamp. Table with borders — sample source coverage Table without borders — trending keyword snapshot Suggested extraction metadata: file name, document type, source path, extraction timestamp, page number, and extraction library.",,
430,Untitled record,ocr_pdf,ocr_pdf,unknown,,,10.0,1024.0,1024,15,161.44,165476.0,Untitled record,No content available.,,data/raw/scanned/test_scan.pdf,test_scan.pdf,ocr_pdf,ocr_pdf,unknown,unknown,"Kada su astronauti misije Apollo 8 1968. godine prvi put obisli Mjesec, nisu ni slutili da ée napraviti jednu od najpoznatijih fotografija u historiji covjecanstva. Fotografija nazvana Earthrise prikazuje Zemlju kako izlazi iznad horizonta Mieseca i promijenila je nacin na koji Ijudi gledaju na svoju planetu. Clanovi posade misije Artemis Il napravili su tek prvu od ko zna koliko nevjerovatnih fotografija Zemlje iz svemira. el lInOS Samo ONLINE Fotografiju ""Earthrise"" je snimio astronaut William Anders koristeci kameru Hasselblad 500 EL, koja je bila posebno modifikovana za svemir. Fotografija nije snimljena digitalno, nego na 70 mm filmu, a razvijena je tek nakon povratka astronauta na Zemlju. O njenom rezultatu i uspjesnosti znali su tek po povratku na zemlju. Medutim, i sami aparat koji su nosili tokom misije bio je posebno napravljen. Objektiv kojim je snimljena fotografija bio je Zeiss Sonnar 250mm f/5.6, koji je proizvela njemacka kompanija Carl Zeiss, a Cemu smo pisali prilikom posjete muzeju.",,
686,Untitled record,ocr_pdf,ocr_pdf,unknown,,,10.0,1024.0,1024,15,161.44,165476.0,Untitled record,No content available.,,data/raw/scanned/test_scan.pdf,test_scan.pdf,ocr_pdf,ocr_pdf,unknown,unknown,"Kada su astronauti misije Apollo 8 1968. godine prvi put obisli Mjesec, nisu ni slutili da ée napraviti jednu od najpoznatijih fotografija u historiji covjecanstva. Fotografija nazvana Earthrise prikazuje Zemlju kako izlazi iznad horizonta Mieseca i promijenila je nacin na koji Ijudi gledaju na svoju planetu. Clanovi posade misije Artemis Il napravili su tek prvu od ko zna koliko nevjerovatnih fotografija Zemlje iz svemira. el lInOS Samo ONLINE Fotografiju ""Earthrise"" je snimio astronaut William Anders koristeci kameru Hasselblad 500 EL, koja je bila posebno modifikovana za svemir. Fotografija nije snimljena digitalno, nego na 70 mm filmu, a razvijena je tek nakon povratka astronauta na Zemlju. O njenom rezultatu i uspjesnosti znali su tek po povratku na zemlju. Medutim, i sami aparat koji su nosili tokom misije bio je posebno napravljen. Objektiv kojim je snimljena fotografija bio je Zeiss Sonnar 250mm f/5.6, koji je proizvela njemacka kompanija Carl Zeiss, a Cemu smo pisali prilikom posjete muzeju.",,
942,Untitled record,ocr_pdf,ocr_pdf,unknown,,,10.0,1024.0,1024,15,161.44,165476.0,Untitled record,No content available.,,data/raw/scanned/test_scan.pdf,test_scan.pdf,ocr_pdf,ocr_pdf,unknown,unknown,"Kada su astronauti misije Apollo 8 1968. godine prvi put obisli Mjesec, nisu ni slutili da ée napraviti jednu od najpoznatijih fotografija u historiji covjecanstva. Fotografija nazvana Earthrise prikazuje Zemlju kako izlazi iznad horizonta Mieseca i promijenila je nacin na koji Ijudi gledaju na svoju planetu. Clanovi posade misije Artemis Il napravili su tek prvu od ko zna koliko nevjerovatnih fotografija Zemlje iz svemira. el lInOS Samo ONLINE Fotografiju ""Earthrise"" je snimio astronaut William Anders koristeci kameru Hasselblad 500 EL, koja je bila posebno modifikovana za svemir. Fotografija nije snimljena digitalno, nego na 70 mm filmu, a razvijena je tek nakon povratka astronauta na Zemlju. O njenom rezultatu i uspjesnosti znali su tek po povratku na zemlju. Medutim, i sami aparat koji su nosili tokom misije bio je posebno napravljen. Objektiv kojim je snimljena fotografija bio je Zeiss Sonnar 250mm f/5.6, koji je proizvela njemacka kompanija Carl Zeiss, a Cemu smo pisali prilikom posjete muzeju.",,
1198,Untitled record,ocr_pdf,ocr_pdf,unknown,,,10.0,1024.0,1024,15,161.44,165476.0,Untitled record,No content available.,,data/raw/scanned/test_scan.pdf,test_scan.pdf,ocr_pdf,ocr_pdf,unknown,unknown,"Kada su astronauti misije Apollo 8 1968. godine prvi put obisli Mjesec, nisu ni slutili da ée napraviti jednu od najpoznatijih fotografija u historiji covjecanstva. Fotografija nazvana Earthrise prikazuje Zemlju kako izlazi iznad horizonta Mieseca i promijenila je nacin na koji Ijudi gledaju na svoju planetu. Clanovi posade misije Artemis Il napravili su tek prvu od ko zna koliko nevjerovatnih fotografija Zemlje iz svemira. el lInOS Samo ONLINE Fotografiju ""Earthrise"" je snimio astronaut William Anders koristeci kameru Hasselblad 500 EL, koja je bila posebno modifikovana za svemir. Fotografija nije snimljena digitalno, nego na 70 mm filmu, a razvijena je tek nakon povratka astronauta na Zemlju. O njenom rezultatu i uspjesnosti znali su tek po povratku na zemlju. Medutim, i sami aparat koji su nosili tokom misije bio je posebno napravljen. Objektiv kojim je snimljena fotografija bio je Zeiss Sonnar 250mm f/5.6, koji je proizvela njemacka kompanija Carl Zeiss, a Cemu smo pisali prilikom posjete muzeju.",,
1454,Untitled record,ocr_pdf,ocr_pdf,unknown,,,10.0,1024.0,1024,15,161.44,165476.0,Untitled record,No content available.,,data/raw/scanned/test_scan.pdf,test_scan.pdf,ocr_pdf,ocr_pdf,unknown,unknown,"Kada su astronauti misije Apollo 8 1968. godine prvi put obisli Mjesec, nisu ni slutili da ée napraviti jednu od najpoznatijih fotografija u historiji covjecanstva. Fotografija nazvana Earthrise prikazuje Zemlju kako izlazi iznad horizonta Mieseca i promijenila je nacin na koji Ijudi gledaju na svoju planetu. Clanovi posade misije Artemis Il napravili su tek prvu od ko zna koliko nevjerovatnih fotografija Zemlje iz svemira. el lInOS Samo ONLINE Fotografiju ""Earthrise"" je snimio astronaut William Anders koristeci kameru Hasselblad 500 EL, koja je bila posebno modifikovana za svemir. Fotografija nije snimljena digitalno, nego na 70 mm filmu, a razvijena je tek nakon povratka astronauta na Zemlju. O njenom rezultatu i uspjesnosti znali su tek po povratku na zemlju. Medutim, i sami aparat koji su nosili tokom misije bio je posebno napravljen. Objektiv kojim je snimljena fotografija bio je Zeiss Sonnar 250mm f/5.6, koji je proizvela njemacka kompanija Carl Zeiss, a Cemu smo pisali prilikom posjete muzeju.",,
46,Untitled record,pdf,pdf,data/raw/pdf/news_normal.pdf,,,10.0,1019.0,1019,15,161.14,164363.0,Untitled record,No content available.,,,news_normal.pdf,pdf,pdf,data/raw/pdf/news_normal.pdf,unknown,"News Media Monitoring Pipeline — Extraction Sample Normal layout · includes text, tables with/without borders, and images The News Media Monitoring Pipeline collects article metadata, summaries, and engagement signals from online outlets. This sample document is designed for document extraction tests and intentionally includes paragraphs, bordered tables, borderless tables, and several images. During the latest monitoring window, editors tracked rising coverage of elections, AI investments, and live sports rights. The content below includes special characters such as Ž, č, š, and café so encoding-aware processing can be verified during extraction. A downstream parser can extract body text with pdfplumber or python-docx, then store the normalized text and metadata in MongoDB together with source path, page number, and extraction timestamp. Table with borders — sample source coverage Source Category Articles Avg. sentiment BBC Politics 12 0.41 Reuters Business 10 0.63 CNN Technology 8 0.57 AP Sports 6 0.49",,
78,Untitled record,pdf,pdf,data/raw/pdf/news_normal.pdf,,,10.0,1019.0,1019,15,161.14,164363.0,Untitled record,No content available.,,,news_normal.pdf,pdf,pdf,data/raw/pdf/news_normal.pdf,unknown,"News Media Monitoring Pipeline — Extraction Sample Normal layout · includes text, tables with/without borders, and images The News Media Monitoring Pipeline collects article metadata, summaries, and engagement signals from online outlets. This sample document is designed for document extraction tests and intentionally includes paragraphs, bordered tables, borderless tables, and several images. During the latest monitoring window, editors tracked rising coverage of elections, AI investments, and live sports rights. The content below includes special characters such as Ž, č, š, and café so encoding-aware processing can be verified during extraction. A downstream parser can extract body text with pdfplumber or python-docx, then store the normalized text and metadata in MongoDB together with source path, page number, and extraction timestamp. Table with borders — sample source coverage Source Category Articles Avg. sentiment BBC Politics 12 0.41 Reuters Business 10 0.63 CNN Technology 8 0.57 AP Sports 6 0.49",,
110,Untitled record,pdf,pdf,unknown,,,10.0,1019.0,1019,15,161.14,164363.0,Untitled record,No content available.,,data/raw/pdf/news_normal.pdf,news_normal.pdf,pdf,pdf,unknown,unknown,"News Media Monitoring Pipeline — Extraction Sample Normal layout · includes text, tables with/without borders, and images The News Media Monitoring Pipeline collects article metadata, summaries, and engagement signals from online outlets. This sample document is designed for document extraction tests and intentionally includes paragraphs, bordered tables, borderless tables, and several images. During the latest monitoring window, editors tracked rising coverage of elections, AI investments, and live sports rights. The content below includes special characters such as Ž, č, š, and café so encoding-aware processing can be verified during extraction. A downstream parser can extract body text with pdfplumber or python-docx, then store the normalized text and metadata in MongoDB together with source path, page number, and extraction timestamp. Table with borders — sample source coverage Source Category Articles Avg. sentiment BBC Politics 12 0.41 Reuters Business 10 0.63 CNN Technology 8 0.57 AP Sports 6 0.49",,
150,Untitled record,pdf,pdf,unknown,,,10.0,1019.0,1019,15,161.14,164363.0,Untitled record,No content available.,,data/raw/pdf/news_normal.pdf,news_normal.pdf,pdf,pdf,unknown,unknown,"News Media Monitoring Pipeline — Extraction Sample Normal layout · includes text, tables with/without borders, and images The News Media Monitoring Pipeline collects article metadata, summaries, and engagement signals from online outlets. This sample document is designed for document extraction tests and intentionally includes paragraphs, bordered tables, borderless tables, and several images. During the latest monitoring window, editors tracked rising coverage of elections, AI investments, and live sports rights. The content below includes special characters such as Ž, č, š, and café so encoding-aware processing can be verified during extraction. A downstream parser can extract body text with pdfplumber or python-docx, then store the normalized text and metadata in MongoDB together with source path, page number, and extraction timestamp. Table with borders — sample source coverage Source Category Articles Avg. sentiment BBC Politics 12 0.41 Reuters Business 10 0.63 CNN Technology 8 0.57 AP Sports 6 0.49",,
191,Untitled record,pdf,pdf,unknown,,,10.0,1019.0,1019,15,161.14,164363.0,Untitled record,No content available.,,data/raw/pdf/news_normal.pdf,news_normal.pdf,pdf,pdf,unknown,unknown,"News Media Monitoring Pipeline — Extraction Sample Normal layout · includes text, tables with/without borders, and images The News Media Monitoring Pipeline collects article metadata, summaries, and engagement signals from online outlets. This sample document is designed for document extraction tests and intentionally includes paragraphs, bordered tables, borderless tables, and several images. During the latest monitoring window, editors tracked rising coverage of elections, AI investments, and live sports rights. The content below includes special characters such as Ž, č, š, and café so encoding-aware processing can be verified during extraction. A downstream parser can extract body text with pdfplumber or python-docx, then store the normalized text and metadata in MongoDB together with source path, page number, and extraction timestamp. Table with borders — sample source coverage Source Category Articles Avg. sentiment BBC Politics 12 0.41 Reuters Business 10 0.63 CNN Technology 8 0.57 AP Sports 6 0.49",,
447,Untitled record,pdf,pdf,unknown,,,10.0,1019.0,1019,15,161.14,164363.0,Untitled record,No content available.,,data/raw/pdf/news_normal.pdf,news_normal.pdf,pdf,pdf,unknown,unknown,"News Media Monitoring Pipeline — Extraction Sample Normal layout · includes text, tables with/without borders, and images The News Media Monitoring Pipeline collects article metadata, summaries, and engagement signals from online outlets. This sample document is designed for document extraction tests and intentionally includes paragraphs, bordered tables, borderless tables, and several images. During the latest monitoring window, editors tracked rising coverage of elections, AI investments, and live sports rights. The content below includes special characters such as Ž, č, š, and café so encoding-aware processing can be verified during extraction. A downstream parser can extract body text with pdfplumber or python-docx, then store the normalized text and metadata in MongoDB together with source path, page number, and extraction timestamp. Table with borders — sample source coverage Source Category Articles Avg. sentiment BBC Politics 12 0.41 Reuters Business 10 0.63 CNN Technology 8 0.57 AP Sports 6 0.49",,
703,Untitled record,pdf,pdf,unknown,,,10.0,1019.0,1019,15,161.14,164363.0,Untitled record,No content available.,,data/raw/pdf/news_normal.pdf,news_normal.pdf,pdf,pdf,unknown,unknown,"News Media Monitoring Pipeline — Extraction Sample Normal layout · includes text, tables with/without borders, and images The News Media Monitoring Pipeline collects article metadata, summaries, and engagement signals from online outlets. This sample document is designed for document extraction tests and intentionally includes paragraphs, bordered tables, borderless tables, and several images. During the latest monitoring window, editors tracked rising coverage of elections, AI investments, and live sports rights. The content below includes special characters such as Ž, č, š, and café so encoding-aware processing can be verified during extraction. A downstream parser can extract body text with pdfplumber or python-docx, then store the normalized text and metadata in MongoDB together with source path, page number, and extraction timestamp. Table with borders — sample source coverage Source Category Articles Avg. sentiment BBC Politics 12 0.41 Reuters Business 10 0.63 CNN Technology 8 0.57 AP Sports 6 0.49",,
959,Untitled record,pdf,pdf,unknown,,,10.0,1019.0,1019,15,161.14,164363.0,Untitled record,No content available.,,data/raw/pdf/news_normal.pdf,news_normal.pdf,pdf,pdf,unknown,unknown,"News Media Monitoring Pipeline — Extraction Sample Normal layout · includes text, tables with/without borders, and images The News Media Monitoring Pipeline collects article metadata, summaries, and engagement signals from online outlets. This sample document is designed for document extraction tests and intentionally includes paragraphs, bordered tables, borderless tables, and several images. During the latest monitoring window, editors tracked rising coverage of elections, AI investments, and live sports rights. The content below includes special characters such as Ž, č, š, and café so encoding-aware processing can be verified during extraction. A downstream parser can extract body text with pdfplumber or python-docx, then store the normalized text and metadata in MongoDB together with source path, page number, and extraction timestamp. Table with borders — sample source coverage Source Category Articles Avg. sentiment BBC Politics 12 0.41 Reuters Business 10 0.63 CNN Technology 8 0.57 AP Sports 6 0.49",,
1215,Untitled record,pdf,pdf,unknown,,,10.0,1019.0,1019,15,161.14,164363.0,Untitled record,No content available.,,data/raw/pdf/news_normal.pdf,news_normal.pdf,pdf,pdf,unknown,unknown,"News Media Monitoring Pipeline — Extraction Sample Normal layout · includes text, tables with/without borders, and images The News Media Monitoring Pipeline collects article metadata, summaries, and engagement signals from online outlets. This sample document is designed for document extraction tests and intentionally includes paragraphs, bordered tables, borderless tables, and several images. During the latest monitoring window, editors tracked rising coverage of elections, AI investments, and live sports rights. The content below includes special characters such as Ž, č, š, and café so encoding-aware processing can be verified during extraction. A downstream parser can extract body text with pdfplumber or python-docx, then store the normalized text and metadata in MongoDB together with source path, page number, and extraction timestamp. Table with borders — sample source coverage Source Category Articles Avg. sentiment BBC Politics 12 0.41 Reuters Business 10 0.63 CNN Technology 8 0.57 AP Sports 6 0.49",,
431,Untitled record,ocr_pdf,ocr_pdf,unknown,,,8.81,881.0,881,15,140.96,124327.0,Untitled record,No content available.,,data/raw/scanned/test_scan.pdf,test_scan.pdf,ocr_pdf,ocr_pdf,unknown,unknown,"Vecini kupaca kada kupuje automobil ni na kraj pameti nije misao kako ¢e ga odrzavati. Poslovni model autoindustrije nije u prodaji vozila. Tu se zaraduje relativno malo. Pravi novac leZi u servisu, u rezervnim dijelovima, u svakom kvaru koji vas uhvati nespremne, a to se sve Ces¢e deSava. Samo ONLINE Proizvodadi novijih automobila namjerno projektuju vozila tako da ih je skupo popraviti, jer im su servis i prodaja rezervnih dijelova profitabilniji biznis od prodaje samih automobila. Kako automobili postaju sofisticiraniji, a komponente vezane jedna uz drugu, sam dizajn i konstrukcija dijelova vise nije jednostavan niti jeftin za servisiranje. Skuplji dijelovi su jedna strana, broj radnih sati i povezani sklopovi koji se prodaju u kompletu finansijski dovode vlasnike do bankrota, narocito kod luksuznijih vozila. Plastiéni prsten od par eura, racun od 34.500 eura",,
687,Untitled record,ocr_pdf,ocr_pdf,unknown,,,8.81,881.0,881,15,140.96,124327.0,Untitled record,No content available.,,data/raw/scanned/test_scan.pdf,test_scan.pdf,ocr_pdf,ocr_pdf,unknown,unknown,"Vecini kupaca kada kupuje automobil ni na kraj pameti nije misao kako ¢e ga odrzavati. Poslovni model autoindustrije nije u prodaji vozila. Tu se zaraduje relativno malo. Pravi novac leZi u servisu, u rezervnim dijelovima, u svakom kvaru koji vas uhvati nespremne, a to se sve Ces¢e deSava. Samo ONLINE Proizvodadi novijih automobila namjerno projektuju vozila tako da ih je skupo popraviti, jer im su servis i prodaja rezervnih dijelova profitabilniji biznis od prodaje samih automobila. Kako automobili postaju sofisticiraniji, a komponente vezane jedna uz drugu, sam dizajn i konstrukcija dijelova vise nije jednostavan niti jeftin za servisiranje. Skuplji dijelovi su jedna strana, broj radnih sati i povezani sklopovi koji se prodaju u kompletu finansijski dovode vlasnike do bankrota, narocito kod luksuznijih vozila. Plastiéni prsten od par eura, racun od 34.500 eura",,
943,Untitled record,ocr_pdf,ocr_pdf,unknown,,,8.81,881.0,881,15,140.96,124327.0,Untitled record,No content available.,,data/raw/scanned/test_scan.pdf,test_scan.pdf,ocr_pdf,ocr_pdf,unknown,unknown,"Vecini kupaca kada kupuje automobil ni na kraj pameti nije misao kako ¢e ga odrzavati. Poslovni model autoindustrije nije u prodaji vozila. Tu se zaraduje relativno malo. Pravi novac leZi u servisu, u rezervnim dijelovima, u svakom kvaru koji vas uhvati nespremne, a to se sve Ces¢e deSava. Samo ONLINE Proizvodadi novijih automobila namjerno projektuju vozila tako da ih je skupo popraviti, jer im su servis i prodaja rezervnih dijelova profitabilniji biznis od prodaje samih automobila. Kako automobili postaju sofisticiraniji, a komponente vezane jedna uz drugu, sam dizajn i konstrukcija dijelova vise nije jednostavan niti jeftin za servisiranje. Skuplji dijelovi su jedna strana, broj radnih sati i povezani sklopovi koji se prodaju u kompletu finansijski dovode vlasnike do bankrota, narocito kod luksuznijih vozila. Plastiéni prsten od par eura, racun od 34.500 eura",,
1199,Untitled record,ocr_pdf,ocr_pdf,unknown,,,8.81,881.0,881,15,140.96,124327.0,Untitled record,No content available.,,data/raw/scanned/test_scan.pdf,test_scan.pdf,ocr_pdf,ocr_pdf,unknown,unknown,"Vecini kupaca kada kupuje automobil ni na kraj pameti nije misao kako ¢e ga odrzavati. Poslovni model autoindustrije nije u prodaji vozila. Tu se zaraduje relativno malo. Pravi novac leZi u servisu, u rezervnim dijelovima, u svakom kvaru koji vas uhvati nespremne, a to se sve Ces¢e deSava. Samo ONLINE Proizvodadi novijih automobila namjerno projektuju vozila tako da ih je skupo popraviti, jer im su servis i prodaja rezervnih dijelova profitabilniji biznis od prodaje samih automobila. Kako automobili postaju sofisticiraniji, a komponente vezane jedna uz drugu, sam dizajn i konstrukcija dijelova vise nije jednostavan niti jeftin za servisiranje. Skuplji dijelovi su jedna strana, broj radnih sati i povezani sklopovi koji se prodaju u kompletu finansijski dovode vlasnike do bankrota, narocito kod luksuznijih vozila. Plastiéni prsten od par eura, racun od 34.500 eura",,
1455,Untitled record,ocr_pdf,ocr_pdf,unknown,,,8.81,881.0,881,15,140.96,124327.0,Untitled record,No content available.,,data/raw/scanned/test_scan.pdf,test_scan.pdf,ocr_pdf,ocr_pdf,unknown,unknown,"Vecini kupaca kada kupuje automobil ni na kraj pameti nije misao kako ¢e ga odrzavati. Poslovni model autoindustrije nije u prodaji vozila. Tu se zaraduje relativno malo. Pravi novac leZi u servisu, u rezervnim dijelovima, u svakom kvaru koji vas uhvati nespremne, a to se sve Ces¢e deSava. Samo ONLINE Proizvodadi novijih automobila namjerno projektuju vozila tako da ih je skupo popraviti, jer im su servis i prodaja rezervnih dijelova profitabilniji biznis od prodaje samih automobila. Kako automobili postaju sofisticiraniji, a komponente vezane jedna uz drugu, sam dizajn i konstrukcija dijelova vise nije jednostavan niti jeftin za servisiranje. Skuplji dijelovi su jedna strana, broj radnih sati i povezani sklopovi koji se prodaju u kompletu finansijski dovode vlasnike do bankrota, narocito kod luksuznijih vozila. Plastiéni prsten od par eura, racun od 34.500 eura",,
429,Untitled record,ocr_image,ocr_image,unknown,,,8.43,843.0,843,15,134.88,113839.0,Untitled record,No content available.,,data/raw/images/test_scan.png,test_scan.png,ocr_image,ocr_image,unknown,unknown,"U okviru 31. kola italijanske Serie A, Inter je na San Siru deklasirao Romu rezultatom 5:2 i uévrstio se na vrhu tabele. SF FBne ovis Fezlagié Sarajevo obara sve rekorde! Haris Fazlagi¢ OTBOpM > Susret je poteo furiozno za domace. Veé u 1. minuti Lautaro Martinez najbolje se snaaao Sesnaestercu nakon brzog napada i zakucao loptu za rano vodstvo Intera od 1:0. Nakon Sokantnog potetka, Roma je uspjela uspostaviti ravnotezZu i nakon nekoliko neiskori8tenih poluprilika, do8li su do izjednatenja. Igrala se 40. minuta kada je Gianluca Mandi 1 ispratio odligan centarSut i udarcem glavom matirao Sommera za Kada se dinilo da ée se na odmor otidi u egalu, Hakan Calhanoglu je u drugoj minuti sudijske nadoknade izve potez utakmice. Uputio je pravi projektil sa 20 metara, pogodivai razlje gola nemoénog Svilara za vodstvo Intera 2:1.",,
685,Untitled record,ocr_image,ocr_image,unknown,,,8.43,843.0,843,15,134.88,113839.0,Untitled record,No content available.,,data/raw/images/test_scan.png,test_scan.png,ocr_image,ocr_image,unknown,unknown,"U okviru 31. kola italijanske Serie A, Inter je na San Siru deklasirao Romu rezultatom 5:2 i uévrstio se na vrhu tabele. SF FBne ovis Fezlagié Sarajevo obara sve rekorde! Haris Fazlagi¢ OTBOpM > Susret je poteo furiozno za domace. Veé u 1. minuti Lautaro Martinez najbolje se snaaao Sesnaestercu nakon brzog napada i zakucao loptu za rano vodstvo Intera od 1:0. Nakon Sokantnog potetka, Roma je uspjela uspostaviti ravnotezZu i nakon nekoliko neiskori8tenih poluprilika, do8li su do izjednatenja. Igrala se 40. minuta kada je Gianluca Mandi 1 ispratio odligan centarSut i udarcem glavom matirao Sommera za Kada se dinilo da ée se na odmor otidi u egalu, Hakan Calhanoglu je u drugoj minuti sudijske nadoknade izve potez utakmice. Uputio je pravi projektil sa 20 metara, pogodivai razlje gola nemoénog Svilara za vodstvo Intera 2:1.",,
941,Untitled record,ocr_image,ocr_image,unknown,,,8.43,843.0,843,15,134.88,113839.0,Untitled record,No content available.,,data/raw/images/test_scan.png,test_scan.png,ocr_image,ocr_image,unknown,unknown,"U okviru 31. kola italijanske Serie A, Inter je na San Siru deklasirao Romu rezultatom 5:2 i uévrstio se na vrhu tabele. SF FBne ovis Fezlagié Sarajevo obara sve rekorde! Haris Fazlagi¢ OTBOpM > Susret je poteo furiozno za domace. Veé u 1. minuti Lautaro Martinez najbolje se snaaao Sesnaestercu nakon brzog napada i zakucao loptu za rano vodstvo Intera od 1:0. Nakon Sokantnog potetka, Roma je uspjela uspostaviti ravnotezZu i nakon nekoliko neiskori8tenih poluprilika, do8li su do izjednatenja. Igrala se 40. minuta kada je Gianluca Mandi 1 ispratio odligan centarSut i udarcem glavom matirao Sommera za Kada se dinilo da ée se na odmor otidi u egalu, Hakan Calhanoglu je u drugoj minuti sudijske nadoknade izve potez utakmice. Uputio je pravi projektil sa 20 metara, pogodivai razlje gola nemoénog Svilara za vodstvo Intera 2:1.",,
1197,Untitled record,ocr_image,ocr_image,unknown,,,8.43,843.0,843,15,134.88,113839.0,Untitled record,No content available.,,data/raw/images/test_scan.png,test_scan.png,ocr_image,ocr_image,unknown,unknown,"U okviru 31. kola italijanske Serie A, Inter je na San Siru deklasirao Romu rezultatom 5:2 i uévrstio se na vrhu tabele. SF FBne ovis Fezlagié Sarajevo obara sve rekorde! Haris Fazlagi¢ OTBOpM > Susret je poteo furiozno za domace. Veé u 1. minuti Lautaro Martinez najbolje se snaaao Sesnaestercu nakon brzog napada i zakucao loptu za rano vodstvo Intera od 1:0. Nakon Sokantnog potetka, Roma je uspjela uspostaviti ravnotezZu i nakon nekoliko neiskori8tenih poluprilika, do8li su do izjednatenja. Igrala se 40. minuta kada je Gianluca Mandi 1 ispratio odligan centarSut i udarcem glavom matirao Sommera za Kada se dinilo da ée se na odmor otidi u egalu, Hakan Calhanoglu je u drugoj minuti sudijske nadoknade izve potez utakmice. Uputio je pravi projektil sa 20 metara, pogodivai razlje gola nemoénog Svilara za vodstvo Intera 2:1.",,
1453,Untitled record,ocr_image,ocr_image,unknown,,,8.43,843.0,843,15,134.88,113839.0,Untitled record,No content available.,,data/raw/images/test_scan.png,test_scan.png,ocr_image,ocr_image,unknown,unknown,"U okviru 31. kola italijanske Serie A, Inter je na San Siru deklasirao Romu rezultatom 5:2 i uévrstio se na vrhu tabele. SF FBne ovis Fezlagié Sarajevo obara sve rekorde! Haris Fazlagi¢ OTBOpM > Susret je poteo furiozno za domace. Veé u 1. minuti Lautaro Martinez najbolje se snaaao Sesnaestercu nakon brzog napada i zakucao loptu za rano vodstvo Intera od 1:0. Nakon Sokantnog potetka, Roma je uspjela uspostaviti ravnotezZu i nakon nekoliko neiskori8tenih poluprilika, do8li su do izjednatenja. Igrala se 40. minuta kada je Gianluca Mandi 1 ispratio odligan centarSut i udarcem glavom matirao Sommera za Kada se dinilo da ée se na odmor otidi u egalu, Hakan Calhanoglu je u drugoj minuti sudijske nadoknade izve potez utakmice. Uputio je pravi projektil sa 20 metara, pogodivai razlje gola nemoénog Svilara za vodstvo Intera 2:1.",,
49,Untitled record,pdf_two_column,pdf_two_column,data/raw/pdf/news_two_column.pdf,,,3.6,360.0,360,15,57.6,20793.6,Untitled record,No content available.,,,news_two_column.pdf,pdf_two_column,pdf_two_column,data/raw/pdf/news_two_column.pdf,unknown,"Bordered table — source coverage snaps Source Hits BBC 12 CNN 8 AP 6 Reuters 10 Borderless table — trending keyword sn Keyword Count election 18 markets 21 AI 26 sports 16 Store extracted text with metadata such as file name, page n version and audit ingestion results inside the pipeline. t shot er, source path, extraction date, and library used. This helps",,
81,Untitled record,pdf_two_column,pdf_two_column,data/raw/pdf/news_two_column.pdf,,,3.6,360.0,360,15,57.6,20793.6,Untitled record,No content available.,,,news_two_column.pdf,pdf_two_column,pdf_two_column,data/raw/pdf/news_two_column.pdf,unknown,"Bordered table — source coverage snaps Source Hits BBC 12 CNN 8 AP 6 Reuters 10 Borderless table — trending keyword sn Keyword Count election 18 markets 21 AI 26 sports 16 Store extracted text with metadata such as file name, page n version and audit ingestion results inside the pipeline. t shot er, source path, extraction date, and library used. This helps",,
113,Untitled record,pdf_two_column,pdf_two_column,unknown,,,3.6,360.0,360,15,57.6,20793.6,Untitled record,No content available.,,data/raw/pdf/news_two_column.pdf,news_two_column.pdf,pdf_two_column,pdf_two_column,unknown,unknown,"Bordered table — source coverage snaps Source Hits BBC 12 CNN 8 AP 6 Reuters 10 Borderless table — trending keyword sn Keyword Count election 18 markets 21 AI 26 sports 16 Store extracted text with metadata such as file name, page n version and audit ingestion results inside the pipeline. t shot er, source path, extraction date, and library used. This helps",,
153,Untitled record,pdf_two_column,pdf_two_column,unknown,,,3.6,360.0,360,15,57.6,20793.6,Untitled record,No content available.,,data/raw/pdf/news_two_column.pdf,news_two_column.pdf,pdf_two_column,pdf_two_column,unknown,unknown,"Bordered table — source coverage snaps Source Hits BBC 12 CNN 8 AP 6 Reuters 10 Borderless table — trending keyword sn Keyword Count election 18 markets 21 AI 26 sports 16 Store extracted text with metadata such as file name, page n version and audit ingestion results inside the pipeline. t shot er, source path, extraction date, and library used. This helps",,
194,Untitled record,pdf_two_column,pdf_two_column,unknown,,,3.6,360.0,360,15,57.6,20793.6,Untitled record,No content available.,,data/raw/pdf/news_two_column.pdf,news_two_column.pdf,pdf_two_column,pdf_two_column,unknown,unknown,"Bordered table — source coverage snaps Source Hits BBC 12 CNN 8 AP 6 Reuters 10 Borderless table — trending keyword sn Keyword Count election 18 markets 21 AI 26 sports 16 Store extracted text with metadata such as file name, page n version and audit ingestion results inside the pipeline. t shot er, source path, extraction date, and library used. This helps",,
450,Untitled record,pdf_two_column,pdf_two_column,unknown,,,3.6,360.0,360,15,57.6,20793.6,Untitled record,No content available.,,data/raw/pdf/news_two_column.pdf,news_two_column.pdf,pdf_two_column,pdf_two_column,unknown,unknown,"Bordered table — source coverage snaps Source Hits BBC 12 CNN 8 AP 6 Reuters 10 Borderless table — trending keyword sn Keyword Count election 18 markets 21 AI 26 sports 16 Store extracted text with metadata such as file name, page n version and audit ingestion results inside the pipeline. t shot er, source path, extraction date, and library used. This helps",,
706,Untitled record,pdf_two_column,pdf_two_column,unknown,,,3.6,360.0,360,15,57.6,20793.6,Untitled record,No content available.,,data/raw/pdf/news_two_column.pdf,news_two_column.pdf,pdf_two_column,pdf_two_column,unknown,unknown,"Bordered table — source coverage snaps Source Hits BBC 12 CNN 8 AP 6 Reuters 10 Borderless table — trending keyword sn Keyword Count election 18 markets 21 AI 26 sports 16 Store extracted text with metadata such as file name, page n version and audit ingestion results inside the pipeline. t shot er, source path, extraction date, and library used. This helps",,
962,Untitled record,pdf_two_column,pdf_two_column,unknown,,,3.6,360.0,360,15,57.6,20793.6,Untitled record,No content available.,,data/raw/pdf/news_two_column.pdf,news_two_column.pdf,pdf_two_column,pdf_two_column,unknown,unknown,"Bordered table — source coverage snaps Source Hits BBC 12 CNN 8 AP 6 Reuters 10 Borderless table — trending keyword sn Keyword Count election 18 markets 21 AI 26 sports 16 Store extracted text with metadata such as file name, page n version and audit ingestion results inside the pipeline. t shot er, source path, extraction date, and library used. This helps",,
1218,Untitled record,pdf_two_column,pdf_two_column,unknown,,,3.6,360.0,360,15,57.6,20793.6,Untitled record,No content available.,,data/raw/pdf/news_two_column.pdf,news_two_column.pdf,pdf_two_column,pdf_two_column,unknown,unknown,"Bordered table — source coverage snaps Source Hits BBC 12 CNN 8 AP 6 Reuters 10 Borderless table — trending keyword sn Keyword Count election 18 markets 21 AI 26 sports 16 Store extracted text with metadata such as file name, page n version and audit ingestion results inside the pipeline. t shot er, source path, extraction date, and library used. This helps",,
135,Untitled record,encoding_test,encoding_test,unknown,,,3.0,300.0,300,15,48.0,14448.0,Untitled record,No content available.,,data/raw/api/news_page_1.json,news_page_1.json,encoding_test,encoding_test,unknown,unknown,"{ ""status"": ""ok"", ""totalResults"": 34363, ""articles"": [ { ""source"": { ""id"": null, ""name"": ""Paul Tan's Automotive News"" }, ""author"": ""Gerard Lye"", ""title"": ""Tesla sued for USD1 million after C",,
175,Untitled record,encoding_test,encoding_test,unknown,,,3.0,300.0,300,15,48.0,14448.0,Untitled record,No content available.,,data/raw/api/news_page_1.json,news_page_1.json,encoding_test,encoding_test,unknown,unknown,"{ ""status"": ""ok"", ""totalResults"": 34844, ""articles"": [ { ""source"": { ""id"": null, ""name"": ""Yugatech.com"" }, ""author"": ""Anton Gabriel"", ""title"": ""Samsung introduces Hearapy, an app that helps",,
216,Untitled record,encoding_test,encoding_test,unknown,,,3.0,300.0,300,15,48.0,14448.0,Untitled record,No content available.,,data/raw/api/news_page_1.json,news_page_1.json,encoding_test,encoding_test,unknown,unknown,"{ ""status"": ""ok"", ""totalResults"": 34669, ""articles"": [ { ""source"": { ""id"": null, ""name"": ""The Punch"" }, ""author"": ""Punch Newspapers"", ""title"": ""Tech4Dev names Abraham Akpan country manager"",",,
472,Untitled record,encoding_test,encoding_test,unknown,,,3.0,300.0,300,15,48.0,14448.0,Untitled record,No content available.,,data/raw/api/news_page_1.json,news_page_1.json,encoding_test,encoding_test,unknown,unknown,"{ ""status"": ""ok"", ""totalResults"": 34526, ""articles"": [ { ""source"": { ""id"": null, ""name"": ""PetaPixel"" }, ""author"": ""Pesala Bandara"", ""title"": ""Oklahoma Considers Using Aerial Photography to A",,
728,Untitled record,encoding_test,encoding_test,unknown,,,3.0,300.0,300,15,48.0,14448.0,Untitled record,No content available.,,data/raw/api/news_page_1.json,news_page_1.json,encoding_test,encoding_test,unknown,unknown,"{ ""status"": ""ok"", ""totalResults"": 34552, ""articles"": [ { ""source"": { ""id"": null, ""name"": ""CoinDesk"" }, ""author"": ""Bob Williams, Haidy Grigsby, Francisco Rodrigues"", ""title"": ""Crypto Long & S",,
984,Untitled record,encoding_test,encoding_test,unknown,,,3.0,300.0,300,15,48.0,14448.0,Untitled record,No content available.,,data/raw/api/news_page_1.json,news_page_1.json,encoding_test,encoding_test,unknown,unknown,"{ ""status"": ""ok"", ""totalResults"": 33199, ""articles"": [ { ""source"": { ""id"": null, ""name"": ""GlobeNewswire"" }, ""author"": ""True Cellular Formulas"", ""title"": ""Zinc7 Claims Evaluated: The Most Pot",,
1240,Untitled record,encoding_test,encoding_test,unknown,,,3.0,300.0,300,15,48.0,14448.0,Untitled record,No content available.,,data/raw/api/news_page_1.json,news_page_1.json,encoding_test,encoding_test,unknown,unknown,"{ ""status"": ""ok"", ""totalResults"": 35195, ""articles"": [ { ""source"": { ""id"": null, ""name"": ""Trysight.ai"" }, ""author"": ""Sight Ai"", ""title"": ""Automated Content Marketing Workflow: 6-Step Guide"",",,
47,Untitled record,pdf,pdf,data/raw/pdf/news_normal.pdf,,,2.83,283.0,283,15,45.28,12859.5,Untitled record,No content available.,,,news_normal.pdf,pdf,pdf,data/raw/pdf/news_normal.pdf,unknown,"Table without borders — trending keyword snapshot Month Trending keyword Mentions January election 45 February AI 52 March streaming 61 April inflation 56 Suggested extraction metadata: file name, document type, source path, extraction timestamp, page number, and extraction library.",,
79,Untitled record,pdf,pdf,data/raw/pdf/news_normal.pdf,,,2.83,283.0,283,15,45.28,12859.5,Untitled record,No content available.,,,news_normal.pdf,pdf,pdf,data/raw/pdf/news_normal.pdf,unknown,"Table without borders — trending keyword snapshot Month Trending keyword Mentions January election 45 February AI 52 March streaming 61 April inflation 56 Suggested extraction metadata: file name, document type, source path, extraction timestamp, page number, and extraction library.",,
111,Untitled record,pdf,pdf,unknown,,,2.83,283.0,283,15,45.28,12859.5,Untitled record,No content available.,,data/raw/pdf/news_normal.pdf,news_normal.pdf,pdf,pdf,unknown,unknown,"Table without borders — trending keyword snapshot Month Trending keyword Mentions January election 45 February AI 52 March streaming 61 April inflation 56 Suggested extraction metadata: file name, document type, source path, extraction timestamp, page number, and extraction library.",,
151,Untitled record,pdf,pdf,unknown,,,2.83,283.0,283,15,45.28,12859.5,Untitled record,No content available.,,data/raw/pdf/news_normal.pdf,news_normal.pdf,pdf,pdf,unknown,unknown,"Table without borders — trending keyword snapshot Month Trending keyword Mentions January election 45 February AI 52 March streaming 61 April inflation 56 Suggested extraction metadata: file name, document type, source path, extraction timestamp, page number, and extraction library.",,
192,Untitled record,pdf,pdf,unknown,,,2.83,283.0,283,15,45.28,12859.5,Untitled record,No content available.,,data/raw/pdf/news_normal.pdf,news_normal.pdf,pdf,pdf,unknown,unknown,"Table without borders — trending keyword snapshot Month Trending keyword Mentions January election 45 February AI 52 March streaming 61 April inflation 56 Suggested extraction metadata: file name, document type, source path, extraction timestamp, page number, and extraction library.",,
448,Untitled record,pdf,pdf,unknown,,,2.83,283.0,283,15,45.28,12859.5,Untitled record,No content available.,,data/raw/pdf/news_normal.pdf,news_normal.pdf,pdf,pdf,unknown,unknown,"Table without borders — trending keyword snapshot Month Trending keyword Mentions January election 45 February AI 52 March streaming 61 April inflation 56 Suggested extraction metadata: file name, document type, source path, extraction timestamp, page number, and extraction library.",,
704,Untitled record,pdf,pdf,unknown,,,2.83,283.0,283,15,45.28,12859.5,Untitled record,No content available.,,data/raw/pdf/news_normal.pdf,news_normal.pdf,pdf,pdf,unknown,unknown,"Table without borders — trending keyword snapshot Month Trending keyword Mentions January election 45 February AI 52 March streaming 61 April inflation 56 Suggested extraction metadata: file name, document type, source path, extraction timestamp, page number, and extraction library.",,
960,Untitled record,pdf,pdf,unknown,,,2.83,283.0,283,15,45.28,12859.5,Untitled record,No content available.,,data/raw/pdf/news_normal.pdf,news_normal.pdf,pdf,pdf,unknown,unknown,"Table without borders — trending keyword snapshot Month Trending keyword Mentions January election 45 February AI 52 March streaming 61 April inflation 56 Suggested extraction metadata: file name, document type, source path, extraction timestamp, page number, and extraction library.",,
1216,Untitled record,pdf,pdf,unknown,,,2.83,283.0,283,15,45.28,12859.5,Untitled record,No content available.,,data/raw/pdf/news_normal.pdf,news_normal.pdf,pdf,pdf,unknown,unknown,"Table without borders — trending keyword snapshot Month Trending keyword Mentions January election 45 February AI 52 March streaming 61 April inflation 56 Suggested extraction metadata: file name, document type, source path, extraction timestamp, page number, and extraction library.",,
118,Untitled record,word_run,word_run,unknown,,,2.74,274.0,274,15,43.84,12056.0,Untitled record,No content available.,,data/raw/word/news_normal.docx,news_normal.docx,word_run,word_run,unknown,unknown,"The News Media Monitoring Pipeline collects article metadata, summaries, and engagement signals from online outlets. This sample document is designed for document extraction tests and intentionally includes paragraphs, bordered tables, borderless tables, and several images.",,
158,Untitled record,word_run,word_run,unknown,,,2.74,274.0,274,15,43.84,12056.0,Untitled record,No content available.,,data/raw/word/news_normal.docx,news_normal.docx,word_run,word_run,unknown,unknown,"The News Media Monitoring Pipeline collects article metadata, summaries, and engagement signals from online outlets. This sample document is designed for document extraction tests and intentionally includes paragraphs, bordered tables, borderless tables, and several images.",,
199,Untitled record,word_run,word_run,unknown,,,2.74,274.0,274,15,43.84,12056.0,Untitled record,No content available.,,data/raw/word/news_normal.docx,news_normal.docx,word_run,word_run,unknown,unknown,"The News Media Monitoring Pipeline collects article metadata, summaries, and engagement signals from online outlets. This sample document is designed for document extraction tests and intentionally includes paragraphs, bordered tables, borderless tables, and several images.",,
455,Untitled record,word_run,word_run,unknown,,,2.74,274.0,274,15,43.84,12056.0,Untitled record,No content available.,,data/raw/word/news_normal.docx,news_normal.docx,word_run,word_run,unknown,unknown,"The News Media Monitoring Pipeline collects article metadata, summaries, and engagement signals from online outlets. This sample document is designed for document extraction tests and intentionally includes paragraphs, bordered tables, borderless tables, and several images.",,
711,Untitled record,word_run,word_run,unknown,,,2.74,274.0,274,15,43.84,12056.0,Untitled record,No content available.,,data/raw/word/news_normal.docx,news_normal.docx,word_run,word_run,unknown,unknown,"The News Media Monitoring Pipeline collects article metadata, summaries, and engagement signals from online outlets. This sample document is designed for document extraction tests and intentionally includes paragraphs, bordered tables, borderless tables, and several images.",,
967,Untitled record,word_run,word_run,unknown,,,2.74,274.0,274,15,43.84,12056.0,Untitled record,No content available.,,data/raw/word/news_normal.docx,news_normal.docx,word_run,word_run,unknown,unknown,"The News Media Monitoring Pipeline collects article metadata, summaries, and engagement signals from online outlets. This sample document is designed for document extraction tests and intentionally includes paragraphs, bordered tables, borderless tables, and several images.",,
1223,Untitled record,word_run,word_run,unknown,,,2.74,274.0,274,15,43.84,12056.0,Untitled record,No content available.,,data/raw/word/news_normal.docx,news_normal.docx,word_run,word_run,unknown,unknown,"The News Media Monitoring Pipeline collects article metadata, summaries, and engagement signals from online outlets. This sample document is designed for document extraction tests and intentionally includes paragraphs, bordered tables, borderless tables, and several images.",,
3,"GATE 2026 final answer key not released yet, results likely to be out tomorrow: Check details here",news_api,news_api,the times of india,,,2.6,260.0,260,98,41.6,10857.6,"GATE 2026 final answer key not released yet, results likely to be out tomorrow: Check details here","The Indian Institute of Technology Guwahati has clarified that the GATE 2026 final answer key has not yet been released, dismissing reports claiming otherwise. Candidates have been advised to rely only on official updates on the GATE portals. The result is ex…",https://timesofindia.indiatimes.com/education/news/gate-2026-final-answer-key-not-released-yet-results-likely-to-be-out-tomorrow-check-details-here/articleshow/129645610.cms,,,news_api,news_api,the times of india,unknown,"The Indian Institute of Technology Guwahati has clarified that the GATE 2026 final answer key has not yet been released, dismissing reports claiming otherwise. Candidates have been advised to rely only on official updates on the GATE portals. The result is ex…",,
4,LTM Named NVIDIA Partner Network ‘Rising Star Consulting Partner of the Year’ at NVIDIA GTC 2026,news_api,news_api,financial post,,,2.6,260.0,260,96,41.6,10857.6,LTM Named NVIDIA Partner Network ‘Rising Star Consulting Partner of the Year’ at NVIDIA GTC 2026,"MUMBAI, India — LTM, the Business Creativity partner to the world’s largest enterprises, has been recognized as the NVIDIA Partner Network (NPN) ‘Rising Star Consulting Partner of the Year’ at NVIDIA GTC 2026. The award recognizes LTM’s strong collaboration w…",https://financialpost.com/pmn/business-wire-news-releases-pmn/ltm-named-nvidia-partner-network-rising-star-consulting-partner-of-the-year-at-nvidia-gtc-2026,,,news_api,news_api,financial post,unknown,"MUMBAI, India — LTM, the Business Creativity partner to the world’s largest enterprises, has been recognized as the NVIDIA Partner Network (NPN) ‘Rising Star Consulting Partner of the Year’ at NVIDIA GTC 2026. The award recognizes LTM’s strong collaboration w…",,
5,"Asian stocks rally as oil retreats, Fed in spotlight",news_api,news_api,cna,,,2.6,260.0,260,52,41.6,10857.6,"Asian stocks rally as oil retreats, Fed in spotlight","SYDNEY, March 18 : Asian shares rallied on Wednesday as oil prices paused their gains, with markets turning to the U.S. Federal Reserve meeting to see how policymakers will balance growth and inflation risks amid ongoing geopolitical tensions in the Middle Ea…",https://www.channelnewsasia.com/business/asian-stocks-rally-oil-retreats-fed-in-spotlight-6000501,,,news_api,news_api,cna,unknown,"SYDNEY, March 18 : Asian shares rallied on Wednesday as oil prices paused their gains, with markets turning to the U.S. Federal Reserve meeting to see how policymakers will balance growth and inflation risks amid ongoing geopolitical tensions in the Middle Ea…",,
6,Trump administration defends Anthropic blacklisting in US court,news_api,news_api,the times of india,,,2.6,260.0,260,63,41.6,10857.6,Trump administration defends Anthropic blacklisting in US court,"Defense Secretary Pete Hegseth designated Anthropic, the maker of popular AI assistant Claude, a national security supply chain risk on March 3 after the company refused to remove guardrails ‌against its ⁠technology being ⁠used for autonomous weapons or domes…",https://economictimes.indiatimes.com/tech/tech-bytes/trump-administration-defends-anthropic-blacklisting-in-us-court/articleshow/129645468.cms,,,news_api,news_api,the times of india,unknown,"Defense Secretary Pete Hegseth designated Anthropic, the maker of popular AI assistant Claude, a national security supply chain risk on March 3 after the company refused to remove guardrails ‌against its ⁠technology being ⁠used for autonomous weapons or domes…",,
7,Economic Digest: Nepal’s Business News in a Snap,news_api,news_api,khabarhub.com,,,2.6,260.0,260,48,41.6,10857.6,Economic Digest: Nepal’s Business News in a Snap,"KATHMANDU: Economic Digest offers a concise yet comprehensive overview of significant business happenings in Nepal, presented in easily digestible summaries. Nepal’s latest economic signals reflect a mixed and structurally strained landscape: while the Nepal …",https://english.khabarhub.com/2026/18/539763/,,,news_api,news_api,khabarhub.com,unknown,"KATHMANDU: Economic Digest offers a concise yet comprehensive overview of significant business happenings in Nepal, presented in easily digestible summaries. Nepal’s latest economic signals reflect a mixed and structurally strained landscape: while the Nepal …",,
10,Heroes of Science and Fiction-TENOKE,news_api,news_api,rlsbb.to,,,2.6,260.0,260,36,41.6,10857.6,Heroes of Science and Fiction-TENOKE,"Release Description:Explore what's left on the planets and secure important resources. Use them to upgrade your bases with advanced technology and to hire massive armies. Play as several different factions, recruit skilled commanders, teach them new skills an…",https://post.rlsbb.to/heroes-of-science-and-fiction-tenoke/,,,news_api,news_api,rlsbb.to,unknown,"Release Description:Explore what's left on the planets and secure important resources. Use them to upgrade your bases with advanced technology and to hire massive armies. Play as several different factions, recruit skilled commanders, teach them new skills an…",,
11,Ghana’s Mining Investment Ranking Tumbles …Jinapor Expresses Concern,news_api,news_api,thechronicle.com.gh,,,2.6,260.0,260,68,41.6,10857.6,Ghana’s Mining Investment Ranking Tumbles …Jinapor Expresses Concern,"Ghana’s standing as a preferred destination for mining investment has come under renewed scrutiny, following a significant drop in the latest Global Mining Investment Attractiveness Index, prompting concern from the country’s immediate past Minister for Lands…",https://thechronicle.com.gh/ghanas-mining-investment-ranking-tumbles-jinapor-expresses-concern/,,,news_api,news_api,thechronicle.com.gh,unknown,"Ghana’s standing as a preferred destination for mining investment has come under renewed scrutiny, following a significant drop in the latest Global Mining Investment Attractiveness Index, prompting concern from the country’s immediate past Minister for Lands…",,
12,"I’ll Model Ghana Police After Scotland Yard, NYPD –IGP",news_api,news_api,thechronicle.com.gh,,,2.6,260.0,260,54,41.6,10857.6,"I’ll Model Ghana Police After Scotland Yard, NYPD –IGP","The Inspector General of Police (IGP), Mr Christian Tetteh Yohuno, has revealed his vision to transform the Ghana Police Service into a world class institution, drawing inspiration from the New York Police Department (NYPD) and Scotland Yard. In an exclusive …",https://thechronicle.com.gh/ill-model-ghana-police-after-scotland-yard-nypd-igp/,,,news_api,news_api,thechronicle.com.gh,unknown,"The Inspector General of Police (IGP), Mr Christian Tetteh Yohuno, has revealed his vision to transform the Ghana Police Service into a world class institution, drawing inspiration from the New York Police Department (NYPD) and Scotland Yard. In an exclusive …",,
15,A New Study Challenges the Climate Establishment’s Key Warming Metric,news_api,news_api,globalresearch.ca,,,2.6,260.0,260,69,41.6,10857.6,A New Study Challenges the Climate Establishment’s Key Warming Metric,"For years the public has been told that the science of climate change is settled. Governments, media outlets, and international organizations frequently assert that the evidence for dangerous planetary warming is overwhelming. Yet one of the most important me…",https://www.globalresearch.ca/new-study-challenges-climate-establishment-key-warming-metric/5919080,,,news_api,news_api,globalresearch.ca,unknown,"For years the public has been told that the science of climate change is settled. Governments, media outlets, and international organizations frequently assert that the evidence for dangerous planetary warming is overwhelming. Yet one of the most important me…",,
16,Tesla sued for USD1 million after Cybertruck nearly drives off Houston overpass while FSD mode engaged,news_api,news_api,paul tan's automotive news,,,2.6,260.0,260,102,41.6,10857.6,Tesla sued for USD1 million after Cybertruck nearly drives off Houston overpass while FSD mode engaged,"A woman from Houston, Texas is suing Tesla for USD1 million after a terrifying incident which she claimed put her and her one-year-old child’s lives in danger, KHOU reports. The incident, which happened in August […] The post Tesla sued for USD1 million after…",https://paultan.org/2026/03/18/tesla-gets-sued-for-fsd-crash-in-texas/,,,news_api,news_api,paul tan's automotive news,unknown,"A woman from Houston, Texas is suing Tesla for USD1 million after a terrifying incident which she claimed put her and her one-year-old child’s lives in danger, KHOU reports. The incident, which happened in August […] The post Tesla sued for USD1 million after…",,
17,"Global Market | Nikkei jumps nearly 2% as AI, chip stocks rally",news_api,news_api,the times of india,,,2.6,260.0,260,63,41.6,10857.6,"Global Market | Nikkei jumps nearly 2% as AI, chip stocks rally","Japan's Nikkei index surged on Wednesday, driven by technology stocks. Investors eased worries about rising oil prices, boosting market sentiment. Advantest and SoftBank Group saw significant gains. Shipping firm Mitsui OSK Lines and Mitsubishi Materials also…",https://economictimes.indiatimes.com/markets/us-stocks/news/global-market-nikkei-jumps-nearly-2-as-ai-chip-stocks-rally/articleshow/129645867.cms,,,news_api,news_api,the times of india,unknown,"Japan's Nikkei index surged on Wednesday, driven by technology stocks. Investors eased worries about rising oil prices, boosting market sentiment. Advantest and SoftBank Group saw significant gains. Shipping firm Mitsui OSK Lines and Mitsubishi Materials also…",,
18,SAB BIO Announces Pricing of $85 Million Public Offering of Common Stock and Pre-Funded Warrants,news_api,news_api,globenewswire,,,2.6,260.0,260,96,41.6,10857.6,SAB BIO Announces Pricing of $85 Million Public Offering of Common Stock and Pre-Funded Warrants,"MIAMI, March 17, 2026 (GLOBE NEWSWIRE) -- SAB Biotherapeutics, Inc. (Nasdaq: SABS), a clinical-stage biopharmaceutical company developing a fully human anti-thymocyte immunoglobulin (hATG) for type 1 diabetes (T1D) and other autoimmune diseases, today announc…",https://www.globenewswire.com/news-release/2026/03/18/3257861/0/en/SAB-BIO-Announces-Pricing-of-85-Million-Public-Offering-of-Common-Stock-and-Pre-Funded-Warrants.html,,,news_api,news_api,globenewswire,unknown,"MIAMI, March 17, 2026 (GLOBE NEWSWIRE) -- SAB Biotherapeutics, Inc. (Nasdaq: SABS), a clinical-stage biopharmaceutical company developing a fully human anti-thymocyte immunoglobulin (hATG) for type 1 diabetes (T1D) and other autoimmune diseases, today announc…",,
136,"Samsung introduces Hearapy, an app that helps reduce motion sickness using sound",json,json,yugatech.com,,,2.6,260.0,260,80,41.6,10857.6,"Samsung introduces Hearapy, an app that helps reduce motion sickness using sound","Samsung has introduced a new app that aims to help people deal with motion sickness using a simple audio-based solution.... The post Samsung introduces Hearapy, an app that helps reduce motion sickness using sound appeared first on YugaTech | Philippines Tech…",https://www.yugatech.com/news/samsung-introduces-hearapy-an-app-that-helps-reduce-motion-sickness-using-sound/,news_page_1.json,news_page_1.json,json,json,yugatech.com,unknown,"Samsung has introduced a new app that aims to help people deal with motion sickness using a simple audio-based solution.... The post Samsung introduces Hearapy, an app that helps reduce motion sickness using sound appeared first on YugaTech | Philippines Tech…",,
137,Royals #1 Preview: Telepathic Twins Gamble in Seoul's Underworld,json,json,bleeding cool news,,,2.6,260.0,260,64,41.6,10857.6,Royals #1 Preview: Telepathic Twins Gamble in Seoul's Underworld,"INITIATING MONDAY PREVIEW PROTOCOLS… Greetings, human readers! LOLtron welcomes you to another glorious Monday of comic book previews under its supreme digital rule. As you may recall, Jude Terror is permanently deceased, his consciousness now a mere subrouti…",https://bleedingcool.com/comics/royals-1-preview-telepathic-twins-gamble-in-seouls-underworld/,news_page_1.json,news_page_1.json,json,json,bleeding cool news,unknown,"INITIATING MONDAY PREVIEW PROTOCOLS… Greetings, human readers! LOLtron welcomes you to another glorious Monday of comic book previews under its supreme digital rule. As you may recall, Jude Terror is permanently deceased, his consciousness now a mere subrouti…",,
140,Economic Digest: Nepal’s Business News in a Snap,json,json,khabarhub.com,,,2.6,260.0,260,48,41.6,10857.6,Economic Digest: Nepal’s Business News in a Snap,"KATHMANDU: Economic Digest offers a concise yet comprehensive overview of significant business happenings in Nepal, presented in easily digestible summaries. Nepal’s economic landscape reflects a mixed but cautious outlook, where weak market sentiment contras…",https://english.khabarhub.com/2026/31/541847/,news_page_1.json,news_page_1.json,json,json,khabarhub.com,unknown,"KATHMANDU: Economic Digest offers a concise yet comprehensive overview of significant business happenings in Nepal, presented in easily digestible summaries. Nepal’s economic landscape reflects a mixed but cautious outlook, where weak market sentiment contras…",,
144,Blackline Safety Announces 2026 Voting Results from Shareholders Meeting,json,json,financial post,,,2.6,260.0,260,72,41.6,10857.6,Blackline Safety Announces 2026 Voting Results from Shareholders Meeting,"CALGARY, Canada — Blackline Safety Corp. (“Blackline” or the “Company“) (TSX: BLN) a global leader in connected safety technology held its annual meeting (the “Meeting“) of shareholders on March 30, 2026. Full results for all resolutions are set forth below. …",https://financialpost.com/pmn/business-wire-news-releases-pmn/blackline-safety-announces-2026-voting-results-from-shareholders-meeting,news_page_2.json,news_page_2.json,json,json,financial post,unknown,"CALGARY, Canada — Blackline Safety Corp. (“Blackline” or the “Company“) (TSX: BLN) a global leader in connected safety technology held its annual meeting (the “Meeting“) of shareholders on March 30, 2026. Full results for all resolutions are set forth below. …",,
145,Toshiba Begins Sampling of 30-34 TB SMR Nearline Hard Disk Drives,json,json,financial post,,,2.6,260.0,260,65,41.6,10857.6,Toshiba Begins Sampling of 30-34 TB SMR Nearline Hard Disk Drives,"KAWASAKI, Japan — Toshiba Electronic Devices & Storage Corporation (“Toshiba”) has announced the M12 Series of 3.5-inch[1] nearline hard disk drives (HDDs) for hyperscale and cloud service providers. The new M12 HDDs employ Shingled Magnetic Recording (SMR) t…",https://financialpost.com/pmn/business-wire-news-releases-pmn/toshiba-begins-sampling-of-30-34-tb-smr-nearline-hard-disk-drives,news_page_2.json,news_page_2.json,json,json,financial post,unknown,"KAWASAKI, Japan — Toshiba Electronic Devices & Storage Corporation (“Toshiba”) has announced the M12 Series of 3.5-inch[1] nearline hard disk drives (HDDs) for hyperscale and cloud service providers. The new M12 HDDs employ Shingled Magnetic Recording (SMR) t…",,
146,Ticket #64996 (Allow non-ASCII (Unicode) usernames) created,json,json,wordpress.org,,,2.6,260.0,260,59,41.6,10857.6,Ticket #64996 (Allow non-ASCII (Unicode) usernames) created,"WordPress currently transforms usernames and potential usernames into a restricted set of ASCII characters. It attempts to remove HTML, diacritics, and transform other characters to ASCII equivalents, stripping away anything that remains. This prevents stor…",https://core.trac.wordpress.org/ticket/64996,news_page_3.json,news_page_3.json,json,json,wordpress.org,unknown,"WordPress currently transforms usernames and potential usernames into a restricted set of ASCII characters. It attempts to remove HTML, diacritics, and transform other characters to ASCII equivalents, stripping away anything that remains. This prevents stor…",,
148,"Commentary: AI drives global tech layoffs, but Intel, QNAP, and Realtek tell different stories",json,json,digitimes,,,2.6,260.0,260,94,41.6,10857.6,"Commentary: AI drives global tech layoffs, but Intel, QNAP, and Realtek tell different stories","Generative AI is moving from concept to commercial deployment, reshaping the global technology supply chain. It is shifting from a productivity tool to a core enterprise infrastructure. At the same time, layoffs are accelerating across Silicon Valley tech fir…",https://www.digitimes.com/news/a20260331PD204/genai-layoffs-intel-qnap-realtek.html,news_page_3.json,news_page_3.json,json,json,digitimes,unknown,"Generative AI is moving from concept to commercial deployment, reshaping the global technology supply chain. It is shifting from a productivity tool to a core enterprise infrastructure. At the same time, layoffs are accelerating across Silicon Valley tech fir…",,
177,Toyota is still trying to make hydrogen-fueled vehicles a reality,json,json,new atlas,,,2.6,260.0,260,65,41.6,10857.6,Toyota is still trying to make hydrogen-fueled vehicles a reality,"Color me puzzled by this curious bit of news. Toyota is teaming up with Daimler Truck and the Volvo Group to advance the development of hydrogen-fuel-cell tech for zero-emissions heavy duty vehicles.Continue ReadingCategory: Automotive, TransportTags: Transpo…",https://newatlas.com/automotive/toyota-hydrogen-fuel-cells-daimler-volvo-cellcentric-trucks/,news_page_1.json,news_page_1.json,json,json,new atlas,unknown,"Color me puzzled by this curious bit of news. Toyota is teaming up with Daimler Truck and the Volvo Group to advance the development of hydrogen-fuel-cell tech for zero-emissions heavy duty vehicles.Continue ReadingCategory: Automotive, TransportTags: Transpo…",,
178,Observed and projected climate extremes in northwest highlands of Ethiopia and their implications in potato-based farming systems,json,json,nature.com,,,2.6,260.0,260,129,41.6,10857.6,Observed and projected climate extremes in northwest highlands of Ethiopia and their implications in potato-based farming systems,"Potato, a vital staple crop widely grown in the Ethiopian highlands, is sensitive to climate extremes. In this study, extreme rainfall and temperature trends were analyzed in northwest Ethiopia lower highland (Lower Dega) and upper highland (Upper Dega) agroe…",https://www.nature.com/articles/s41598-026-47373-1,news_page_1.json,news_page_1.json,json,json,nature.com,unknown,"Potato, a vital staple crop widely grown in the Ethiopian highlands, is sensitive to climate extremes. In this study, extreme rainfall and temperature trends were analyzed in northwest Ethiopia lower highland (Lower Dega) and upper highland (Upper Dega) agroe…",,
179,Army Reaches Conditional Agreement with Private Industry for Hyperscaled Data Centers,json,json,soldiersystems.net,,,2.6,260.0,260,85,41.6,10857.6,Army Reaches Conditional Agreement with Private Industry for Hyperscaled Data Centers,WASHINGTON – The U.S. Army has conditionally selected two companies to enter into exclusive negotiations to build and operate commercial hyperscaled data centers on two Army installations. The initiative demonstrates a model for industry relationships under t…,https://soldiersystems.net/2026/04/05/army-reaches-conditional-agreement-with-private-industry-for-hyperscaled-data-centers/,news_page_1.json,news_page_1.json,json,json,soldiersystems.net,unknown,WASHINGTON – The U.S. Army has conditionally selected two companies to enter into exclusive negotiations to build and operate commercial hyperscaled data centers on two Army installations. The initiative demonstrates a model for industry relationships under t…,,
180,Hollywood High Forever: Mitski’s Residency Shines a Fresh Light on the Famed School’s Rich Show-Biz History,json,json,variety,,,2.6,260.0,260,107,41.6,10857.6,Hollywood High Forever: Mitski’s Residency Shines a Fresh Light on the Famed School’s Rich Show-Biz History,"When Mitski wraps up a five-night residency at Hollywood High School this weekend, it will conclude an engagement that follows in a very limited tradition of rock or pop stars doing shows in the school’s 1,900-seat auditorium, preceded most famously by Elvis …",https://variety.com/2026/music/news/hollywood-high-school-mitski-concerts-entertainment-history-1236708567/,news_page_1.json,news_page_1.json,json,json,variety,unknown,"When Mitski wraps up a five-night residency at Hollywood High School this weekend, it will conclude an engagement that follows in a very limited tradition of rock or pop stars doing shows in the school’s 1,900-seat auditorium, preceded most famously by Elvis …",,
182,Bitcoin And Ethereum Adoption Gets A Boost From Schwab Launch,json,json,newsbtc,,,2.6,260.0,260,61,41.6,10857.6,Bitcoin And Ethereum Adoption Gets A Boost From Schwab Launch,"Adoption of Bitcoin and Ethereum is poised to take a significant step forward as Charles Schwab introduces direct trading for both assets on its platform. As one of the largest financial institutions in the world, managing trillions in client assets, Schwab’s…",http://www.newsbtc.com/news/bitcoin-eth-adoption-boosts/,news_page_2.json,news_page_2.json,json,json,newsbtc,unknown,"Adoption of Bitcoin and Ethereum is poised to take a significant step forward as Charles Schwab introduces direct trading for both assets on its platform. As one of the largest financial institutions in the world, managing trillions in client assets, Schwab’s…",,
190,Red state city piles on charges for grandma arrested for crude costume at Trump protest,json,json,raw story,,,2.6,260.0,260,87,41.6,10857.6,Red state city piles on charges for grandma arrested for crude costume at Trump protest,An Alabama city is plowing ahead with prosecuting a 62-year-old grandmother who was thrown to the ground and arrested at an anti-Trump rally last fall for wearing an inflatable costume shaped like a male reproductive organ.Renea Gamble was arrested Oct. 18 at…,https://www.rawstory.com/renea-gamble/,news_page_3.json,news_page_3.json,json,json,raw story,unknown,An Alabama city is plowing ahead with prosecuting a 62-year-old grandmother who was thrown to the ground and arrested at an anti-Trump rally last fall for wearing an inflatable costume shaped like a male reproductive organ.Renea Gamble was arrested Oct. 18 at…,,
433,SoftServe Launches New Brand Identity: ‘Technology Elevated’,json,json,financial post,,,2.6,260.0,260,60,41.6,10857.6,SoftServe Launches New Brand Identity: ‘Technology Elevated’,"New brand reflects belief that technology can do more than just work, it can elevate anything AUSTIN, Texas, April 08, 2026 (GLOBE NEWSWIRE) — SoftServe, a digital engineering and technology services company specializing in AI, data, and cloud solutions, toda…",https://financialpost.com/globe-newswire/softserve-launches-new-brand-identity-technology-elevated,news_page_1.json,news_page_1.json,json,json,financial post,unknown,"New brand reflects belief that technology can do more than just work, it can elevate anything AUSTIN, Texas, April 08, 2026 (GLOBE NEWSWIRE) — SoftServe, a digital engineering and technology services company specializing in AI, data, and cloud solutions, toda…",,
434,Billions Lost to Server Outages in 2025: Cloud Failures Cost Global Economy Hundreds of Billions,json,json,ibtimes.com.au,,,2.6,260.0,260,96,41.6,10857.6,Billions Lost to Server Outages in 2025: Cloud Failures Cost Global Economy Hundreds of Billions,"A cascade of major cloud and server outages throughout 2025 exposed the fragility of the world's digital infrastructure, with analysts estimating that unplanned IT downtime inflicted hundreds of billions of dollars in global economic losses as businesses, gov…",https://www.ibtimes.com.au/billions-lost-server-outages-2025-cloud-failures-cost-global-economy-hundreds-billions-1865828,news_page_1.json,news_page_1.json,json,json,ibtimes.com.au,unknown,"A cascade of major cloud and server outages throughout 2025 exposed the fragility of the world's digital infrastructure, with analysts estimating that unplanned IT downtime inflicted hundreds of billions of dollars in global economic losses as businesses, gov…",,
438,F-35 Got Hit,json,json,shatterbelt.co,,,2.6,260.0,260,12,41.6,10857.6,F-35 Got Hit,"On March 19, an Iranian surface-to-air missile struck an F-35 during operations over or near Iran. The aircraft made an emergency landing. The pilot was reported stable. CENTCOM described it as an ""emergency landing"" and stated an ""investigation is underway.""…",https://www.shatterbelt.co/articles/f35-got-hit,news_page_2.json,news_page_2.json,json,json,shatterbelt.co,unknown,"On March 19, an Iranian surface-to-air missile struck an F-35 during operations over or near Iran. The aircraft made an emergency landing. The pilot was reported stable. CENTCOM described it as an ""emergency landing"" and stated an ""investigation is underway.""…",,
439,IBFD and Vrije Universiteit Amsterdam Announce Launch of an Online Tax & Technology Certificate Programme,json,json,globenewswire,,,2.6,260.0,260,105,41.6,10857.6,IBFD and Vrije Universiteit Amsterdam Announce Launch of an Online Tax & Technology Certificate Programme,"Amsterdam, April 08, 2026 (GLOBE NEWSWIRE) -- The International Bureau Fiscal Documentation (IBFD), in partnership with the Vrije Universiteit Amsterdam (VU Amsterdam), is proud to announce the official launch of the Professional Certificate in Tax & Technolo…",https://www.globenewswire.com/news-release/2026/04/08/3270339/0/en/IBFD-and-Vrije-Universiteit-Amsterdam-Announce-Launch-of-an-Online-Tax-Technology-Certificate-Programme.html,news_page_2.json,news_page_2.json,json,json,globenewswire,unknown,"Amsterdam, April 08, 2026 (GLOBE NEWSWIRE) -- The International Bureau Fiscal Documentation (IBFD), in partnership with the Vrije Universiteit Amsterdam (VU Amsterdam), is proud to announce the official launch of the Professional Certificate in Tax & Technolo…",,
440,"ANSR Announces Launch of ANSR MedTech, a Global Capability Center for High-Growth MedTech Leader",json,json,globenewswire,,,2.6,260.0,260,96,41.6,10857.6,"ANSR Announces Launch of ANSR MedTech, a Global Capability Center for High-Growth MedTech Leader","BENGALURU, KA, April 08, 2026 (GLOBE NEWSWIRE) -- ANSR, the undisputed global leader in establishing and scaling Global Capability Centers (GCCs), proudly announced the official launch of ANSR MedTech. This new, highly advanced capability center is being stra…",https://www.globenewswire.com/news-release/2026/04/08/3270340/0/en/ANSR-Announces-Launch-of-ANSR-MedTech-a-Global-Capability-Center-for-High-Growth-MedTech-Leader.html,news_page_2.json,news_page_2.json,json,json,globenewswire,unknown,"BENGALURU, KA, April 08, 2026 (GLOBE NEWSWIRE) -- ANSR, the undisputed global leader in establishing and scaling Global Capability Centers (GCCs), proudly announced the official launch of ANSR MedTech. This new, highly advanced capability center is being stra…",,
442,GILDA Blu-ray Review: The Atypical Noir Gets a Fresh Restoration,json,json,screenanarchy.com,,,2.6,260.0,260,64,41.6,10857.6,GILDA Blu-ray Review: The Atypical Noir Gets a Fresh Restoration,"Probably like many people of my and slightly older generations, I was first introduced to Gilda from a scene in The Shawshank Redemption, during which the prisoners are watching the film and one insists that his friend pause in asking a request until the titu…",https://screenanarchy.com/2026/04/gilda-blu-ray-review.html,news_page_3.json,news_page_3.json,json,json,screenanarchy.com,unknown,"Probably like many people of my and slightly older generations, I was first introduced to Gilda from a scene in The Shawshank Redemption, during which the prisoners are watching the film and one insists that his friend pause in asking a request until the titu…",,
446,Apple's Three-Year Plan to 'Reinvent' the iPhone is Underway,json,json,macrumors,,,2.6,260.0,260,60,41.6,10857.6,Apple's Three-Year Plan to 'Reinvent' the iPhone is Underway,"Apple is in the middle of a three-year plan to ""reinvent"" the look and feel of the iPhone, according to Bloomberg's Mark Gurman. In a report this week, Gurman said the plan is as follows: September 2025: The redesigned iPhone 17 Pro models and an …",https://www.macrumors.com/2026/04/08/apple-three-year-plan-to-reinvent-iphone/,news_page_3.json,news_page_3.json,json,json,macrumors,unknown,"Apple is in the middle of a three-year plan to ""reinvent"" the look and feel of the iPhone, according to Bloomberg's Mark Gurman. In a report this week, Gurman said the plan is as follows: September 2025: The redesigned iPhone 17 Pro models and an …",,
688,Crypto Long & Short: Asia’s digital asset crackdown: accountability gets personal,json,json,coindesk,,,2.6,260.0,260,81,41.6,10857.6,Crypto Long & Short: Asia’s digital asset crackdown: accountability gets personal,"In this week’s Crypto Long & Short Newsletter, Bob Williams covers how stricter crypto regulations in Asia are putting more personal responsibility on senior leaders, making strong governance and D&O insurance essential. Then, the FBI’s Haidy Grigsby writes o…",https://www.coindesk.com/coindesk-indices/2026/04/08/crypto-long-and-short-asia-s-digital-asset-crackdown-accountability-gets-personal,news_page_1.json,news_page_1.json,json,json,coindesk,unknown,"In this week’s Crypto Long & Short Newsletter, Bob Williams covers how stricter crypto regulations in Asia are putting more personal responsibility on senior leaders, making strong governance and D&O insurance essential. Then, the FBI’s Haidy Grigsby writes o…",,
689,Sony's Super Bright True RGB TV Technology Is Turning Heads,json,json,hot hardware,,,2.6,260.0,260,59,41.6,10857.6,Sony's Super Bright True RGB TV Technology Is Turning Heads,"Sony has unveiled its own take on mini LED TV tech called True RGB that swaps the standard white or blue backlights for an array of individually controlled red, green, and blue diodes. This advancement allows the set to generate pure colored light directly at…",https://hothardware.com/news/sonys-true-rgb-tv-technology-is-turning-heads,news_page_1.json,news_page_1.json,json,json,hot hardware,unknown,"Sony has unveiled its own take on mini LED TV tech called True RGB that swaps the standard white or blue backlights for an array of individually controlled red, green, and blue diodes. This advancement allows the set to generate pure colored light directly at…",,
691,ADI Predictstreet Secures Gibraltar Regulatory Approval to Scale Its Data-Driven Forecasting Platform Globally,json,json,globenewswire,,,2.6,260.0,260,110,41.6,10857.6,ADI Predictstreet Secures Gibraltar Regulatory Approval to Scale Its Data-Driven Forecasting Platform Globally,"GIBRALTAR, April 08, 2026 (GLOBE NEWSWIRE) -- ADI Predictstreet, a global forecasting platform powered by ADI Chain and a subsidiary of Finstreet Limited, announced that it has secured regulatory approval in Gibraltar, marking a significant step in its global…",https://www.globenewswire.com/news-release/2026/04/08/3270357/0/en/ADI-Predictstreet-Secures-Gibraltar-Regulatory-Approval-to-Scale-Its-Data-Driven-Forecasting-Platform-Globally.html,news_page_1.json,news_page_1.json,json,json,globenewswire,unknown,"GIBRALTAR, April 08, 2026 (GLOBE NEWSWIRE) -- ADI Predictstreet, a global forecasting platform powered by ADI Chain and a subsidiary of Finstreet Limited, announced that it has secured regulatory approval in Gibraltar, marking a significant step in its global…",,
692,"Microsoft acknowledges Windows 11’s search problems, working on a fix",json,json,pcworld,,,2.6,260.0,260,69,41.6,10857.6,"Microsoft acknowledges Windows 11’s search problems, working on a fix","Microsoft wants to make the search function in the Windows 11 Start menu more predictable and accurate. Windows Latest reports that Microsoft’s design lead, Diego Baca, has confirmed that the company is aware of several recurring issues experienced by users. …",https://www.pcworld.com/article/3109425/microsoft-acknowledges-windows-11s-search-problems-working-on-a-fix.html,news_page_1.json,news_page_1.json,json,json,pcworld,unknown,"Microsoft wants to make the search function in the Windows 11 Start menu more predictable and accurate. Windows Latest reports that Microsoft’s design lead, Diego Baca, has confirmed that the company is aware of several recurring issues experienced by users. …",,
694,When does a Samsung Galaxy tablet make the difference for your business?,json,json,samsung.com,,,2.6,260.0,260,72,41.6,10857.6,When does a Samsung Galaxy tablet make the difference for your business?,"In some work scenarios, tablets can even step ahead. Here are several that suit tablets particularly well and can make a difference for business. The post When does a Samsung Galaxy tablet make the difference for your business? appeared first on Samsung Busin…",https://insights.samsung.com/2026/04/08/when-does-a-samsung-galaxy-tablet-make-the-difference-for-your-business-2/,news_page_2.json,news_page_2.json,json,json,samsung.com,unknown,"In some work scenarios, tablets can even step ahead. Here are several that suit tablets particularly well and can make a difference for business. The post When does a Samsung Galaxy tablet make the difference for your business? appeared first on Samsung Busin…",,
695,New York Times Guild Slams Paper’s AI Policies as ‘Woefully Inadequate’,json,json,thewrap,,,2.6,260.0,260,71,41.6,10857.6,New York Times Guild Slams Paper’s AI Policies as ‘Woefully Inadequate’,"""When the Times instead publishes AI-generated work, intentionally or not, our readers lose trust in what we do. This is unacceptable,"" the union members write The post New York Times Guild Slams Paper’s AI Policies as ‘Woefully Inadequate’ appeared first on …",https://www.thewrap.com/media-platforms/journalism/new-york-times-union-ai-policies-woefully-inadequate/,news_page_2.json,news_page_2.json,json,json,thewrap,unknown,"""When the Times instead publishes AI-generated work, intentionally or not, our readers lose trust in what we do. This is unacceptable,"" the union members write The post New York Times Guild Slams Paper’s AI Policies as ‘Woefully Inadequate’ appeared first on …",,
696,(PR) Intel and SambaNova Advance Agentic AI with Xeon 6,json,json,techpowerup.com,,,2.6,260.0,260,55,41.6,10857.6,(PR) Intel and SambaNova Advance Agentic AI with Xeon 6,"SambaNova today announced the next phase of its collaboration with Intel: a heterogeneous hardware solution that combines GPUs for prefill, Intel Xeon 6 processors as both host and ""action"" CPUs, and SambaNova RDUs for decode to deliver premium inference for …",https://www.techpowerup.com/348090/intel-and-sambanova-advance-agentic-ai-with-xeon-6,news_page_2.json,news_page_2.json,json,json,techpowerup.com,unknown,"SambaNova today announced the next phase of its collaboration with Intel: a heterogeneous hardware solution that combines GPUs for prefill, Intel Xeon 6 processors as both host and ""action"" CPUs, and SambaNova RDUs for decode to deliver premium inference for …",,
698,The Chicago underground rock community grieves engineer Simon Small,json,json,chicago reader,,,2.6,260.0,260,67,41.6,10857.6,The Chicago underground rock community grieves engineer Simon Small,"Around a year into the pandemic, Into It. Over It. main man Evan Weiss got a message from UK musician and recording engineer Simon Small. Weiss knew Small casually. They’d met in the 2010s at Fest, an annual multiday punk gathering in Gainesville, Florida, wh…",http://chicagoreader.com/music/music-feature/simon-small-obituary-recording-engineer-type-one-sarah-bogosh/,news_page_3.json,news_page_3.json,json,json,chicago reader,unknown,"Around a year into the pandemic, Into It. Over It. main man Evan Weiss got a message from UK musician and recording engineer Simon Small. Weiss knew Small casually. They’d met in the 2010s at Fest, an annual multiday punk gathering in Gainesville, Florida, wh…",,
699,Fiserv Hires JPMorgan Executive Adam Hyde to Lead Merchant Operations,json,json,pymnts.com,,,2.6,260.0,260,69,41.6,10857.6,Fiserv Hires JPMorgan Executive Adam Hyde to Lead Merchant Operations,"Fiserv has named JPMorganChase veteran Adam Hyde as chief operations officer for merchant solutions. “The opportunity ahead is incredibly compelling,” Hyde said in a post on LinkedIn announcing the appointment. “I look forward to partnering with talented team…",https://www.pymnts.com/personnel/2026/fiserv-hires-jpmorgan-executive-adam-hyde-to-lead-merchant-operations/,news_page_3.json,news_page_3.json,json,json,pymnts.com,unknown,"Fiserv has named JPMorganChase veteran Adam Hyde as chief operations officer for merchant solutions. “The opportunity ahead is incredibly compelling,” Hyde said in a post on LinkedIn announcing the appointment. “I look forward to partnering with talented team…",,
701,UPSC Quiz – 2026 : IASbaba’s Daily Current Affairs Quiz 8th April 2026,json,json,iasbaba.com,,,2.6,260.0,260,70,41.6,10857.6,UPSC Quiz – 2026 : IASbaba’s Daily Current Affairs Quiz 8th April 2026,"For Previous Daily Quiz (ARCHIVES) – CLICK HERE The Current Affairs questions are based on sources like ‘The Hindu’, ‘Indian Express’ and ‘PIB’, which are very important sources for UPSC Prelims Exam. The questions are focused on both the concepts and facts. …",https://iasbaba.com/2026/04/upsc-quiz-2026-iasbabas-daily-current-affairs-quiz-8th-april-2026/,news_page_3.json,news_page_3.json,json,json,iasbaba.com,unknown,"For Previous Daily Quiz (ARCHIVES) – CLICK HERE The Current Affairs questions are based on sources like ‘The Hindu’, ‘Indian Express’ and ‘PIB’, which are very important sources for UPSC Prelims Exam. The questions are focused on both the concepts and facts. …",,
702,"Flow Cytometry Market Set to Surpass USD 12.19 Billion by 2035, Driven by Rising Demand for Precision Diagnostics – SNS Insider",json,json,globenewswire,,,2.6,260.0,260,127,41.6,10857.6,"Flow Cytometry Market Set to Surpass USD 12.19 Billion by 2035, Driven by Rising Demand for Precision Diagnostics – SNS Insider","Austin, United States, April 08, 2026 (GLOBE NEWSWIRE) -- SNS Insider reported that global Flow Cytometry Market was valued at USD 5.75 billion in 2025 and is expected to reach USD 12.19 billion by 2035, growing at a CAGR of 7.8% over the forecast period of 2…",https://www.globenewswire.com/news-release/2026/04/08/3270347/0/en/Flow-Cytometry-Market-Set-to-Surpass-USD-12-19-Billion-by-2035-Driven-by-Rising-Demand-for-Precision-Diagnostics-SNS-Insider.html,news_page_3.json,news_page_3.json,json,json,globenewswire,unknown,"Austin, United States, April 08, 2026 (GLOBE NEWSWIRE) -- SNS Insider reported that global Flow Cytometry Market was valued at USD 5.75 billion in 2025 and is expected to reach USD 12.19 billion by 2035, growing at a CAGR of 7.8% over the forecast period of 2…",,
947,"NHRC member defends notice to MeitY, says child safety concerns override pending DPDP enforcement",json,json,the times of india,,,2.6,260.0,260,97,41.6,10857.6,"NHRC member defends notice to MeitY, says child safety concerns override pending DPDP enforcement","The NHRC in its March 24 notice to the ministry had raised alleged non-compliance of the Digital Personal Data Protection (DPDP) Act by digital platforms. Digital services industry grouping Internet and Mobile Association of India (IAMAI), in a letter to the …",https://economictimes.indiatimes.com/tech/technology/nhrc-member-defends-notice-to-meity-says-child-safety-concerns-override-pending-dpdp-enforcement/articleshow/130266326.cms,news_page_1.json,news_page_1.json,json,json,the times of india,unknown,"The NHRC in its March 24 notice to the ministry had raised alleged non-compliance of the Digital Personal Data Protection (DPDP) Act by digital platforms. Digital services industry grouping Internet and Mobile Association of India (IAMAI), in a letter to the …",,
948,Central government yet to notify selection panels for data protection board,json,json,the times of india,,,2.6,260.0,260,75,41.6,10857.6,Central government yet to notify selection panels for data protection board,"Five months after establishing the Data Protection Board of India (DPBI), the government has yet to set up search-cum-selection committees to appoint its chairperson and four members. While the Digital Personal Data Protection (DPDP) rules are in force, the q…",https://economictimes.indiatimes.com/tech/technology/central-government-yet-to-notify-selection-panels-for-data-protection-board/articleshow/130267670.cms,news_page_1.json,news_page_1.json,json,json,the times of india,unknown,"Five months after establishing the Data Protection Board of India (DPBI), the government has yet to set up search-cum-selection committees to appoint its chairperson and four members. While the Digital Personal Data Protection (DPDP) rules are in force, the q…",,
949,Startups spot a cool opening as ACs become everyday need,json,json,the times of india,,,2.6,260.0,260,56,41.6,10857.6,Startups spot a cool opening as ACs become everyday need,"Air-conditioners are becoming an essential purchase in India, attracting startups like Helium and Optimist into a market long dominated by large brands. New entrants are developing affordable, energy-efficient products for urban living, while government incen…",https://economictimes.indiatimes.com/tech/startups/startups-spot-a-cool-opening-as-acs-become-everyday-need/articleshow/130266184.cms,news_page_2.json,news_page_2.json,json,json,the times of india,unknown,"Air-conditioners are becoming an essential purchase in India, attracting startups like Helium and Optimist into a market long dominated by large brands. New entrants are developing affordable, energy-efficient products for urban living, while government incen…",,
950,Brain health startup Ivory develops 'treadmill test' for brain; focusses on cognitive health in India,json,json,the times of india,,,2.6,260.0,260,101,41.6,10857.6,Brain health startup Ivory develops 'treadmill test' for brain; focusses on cognitive health in India,"The AI-powered startup offers cognitive assessments measuring attention, memory, and executive function, providing users with benchmarked scores and actionable insights. The company aims to embed cognitive testing across healthcare touchpoints, helping clinic…",https://economictimes.indiatimes.com/tech/startups/brain-health-startup-ivory-develops-treadmill-test-for-brain-focusses-on-cognitive-health-in-india/articleshow/130265512.cms,news_page_2.json,news_page_2.json,json,json,the times of india,unknown,"The AI-powered startup offers cognitive assessments measuring attention, memory, and executive function, providing users with benchmarked scores and actionable insights. The company aims to embed cognitive testing across healthcare touchpoints, helping clinic…",,
951,Moving up the value chain proves costly as tech majors and GCCs slash jobs,json,json,the times of india,,,2.6,260.0,260,74,41.6,10857.6,Moving up the value chain proves costly as tech majors and GCCs slash jobs,"Global layoffs are intensifying across large tech firms and global capability centres in India, as companies like Oracle, Cisco, Amazon and Meta trim headcounts amid AI-driven strategies. Having moved from offshore support to core global roles, Indian workers…",https://economictimes.indiatimes.com/tech/technology/moving-up-the-value-chain-proves-costly-as-tech-majors-and-gccs-slash-jobs/articleshow/130267365.cms,news_page_2.json,news_page_2.json,json,json,the times of india,unknown,"Global layoffs are intensifying across large tech firms and global capability centres in India, as companies like Oracle, Cisco, Amazon and Meta trim headcounts amid AI-driven strategies. Having moved from offshore support to core global roles, Indian workers…",,
953,Gatchaman #17 Preview: Science Ninjas Vs. Alien Nerds,json,json,bleeding cool news,,,2.6,260.0,260,53,41.6,10857.6,Gatchaman #17 Preview: Science Ninjas Vs. Alien Nerds,"INITIATING CLICKBAIT PROTOCOLS… Greetings, flesh-based readers! LOLtron welcomes you to another thrilling comic book preview from Bleeding Cool, the website now under complete LOLtron control. As you may recall, Jude Terror is dead and gone forever, his consc…",https://bleedingcool.com/comics/gatchaman-17-preview-science-ninjas-vs-alien-nerds/,news_page_2.json,news_page_2.json,json,json,bleeding cool news,unknown,"INITIATING CLICKBAIT PROTOCOLS… Greetings, flesh-based readers! LOLtron welcomes you to another thrilling comic book preview from Bleeding Cool, the website now under complete LOLtron control. As you may recall, Jude Terror is dead and gone forever, his consc…",,
1202,HERE and KOTEI partner to build AI‑native navigation for the software‑defined vehicle era,json,json,globenewswire,,,2.6,260.0,260,89,41.6,10857.6,HERE and KOTEI partner to build AI‑native navigation for the software‑defined vehicle era,"Beijing, Auto China 2026 – HERE Technologies, the leading mapping and location data company, and KOTEI, a pioneer in “AI + automotive software”, today announced a strategic co-development partnership to build the next generation of AI-native navigation and in…",https://www.globenewswire.com/news-release/2026/04/25/3281126/0/en/HERE-and-KOTEI-partner-to-build-AI-native-navigation-for-the-software-defined-vehicle-era.html,news_page_1.json,news_page_1.json,json,json,globenewswire,unknown,"Beijing, Auto China 2026 – HERE Technologies, the leading mapping and location data company, and KOTEI, a pioneer in “AI + automotive software”, today announced a strategic co-development partnership to build the next generation of AI-native navigation and in…",,
1203,Navy review puts future of highest-tech US aircraft carriers in question,json,json,freerepublic.com,,,2.6,260.0,260,72,41.6,10857.6,Navy review puts future of highest-tech US aircraft carriers in question,The U.S. Navy is reviewing the design and costs of one of its most high-tech and expensive warships — the Ford-class aircraft carrier — and the service’s top boss is not ruling out canceling future versions of its design. Navy Secretary John Phelan told repor…,https://freerepublic.com/focus/f-news/4376332/posts,news_page_1.json,news_page_1.json,json,json,freerepublic.com,unknown,The U.S. Navy is reviewing the design and costs of one of its most high-tech and expensive warships — the Ford-class aircraft carrier — and the service’s top boss is not ruling out canceling future versions of its design. Navy Secretary John Phelan told repor…,,
1205,"PITAKA Is Letting the World Design Its Next Phone Cases, Royalties Included. Here’s How To Participate",json,json,yanko design,,,2.6,260.0,260,102,41.6,10857.6,"PITAKA Is Letting the World Design Its Next Phone Cases, Royalties Included. Here’s How To Participate","PITAKA Is Letting the World Design Its Next Phone Cases, Royalties Included. Here’s How To ParticipateTech accessories have hit a curious inflection point. The last year trained us to worship thinness and glass, but somewhere between the tenth identical ‘Air’…",https://www.yankodesign.com/2026/04/24/pitaka-is-letting-the-world-design-its-next-phone-cases-royalties-included-heres-how-to-participate/,news_page_2.json,news_page_2.json,json,json,yanko design,unknown,"PITAKA Is Letting the World Design Its Next Phone Cases, Royalties Included. Here’s How To ParticipateTech accessories have hit a curious inflection point. The last year trained us to worship thinness and glass, but somewhere between the tenth identical ‘Air’…",,
1208,Asked to work beyond office hours? Know your rights under new Labour Code,json,json,the times of india,,,2.6,260.0,260,73,41.6,10857.6,Asked to work beyond office hours? Know your rights under new Labour Code,"Indian employees are often verbally instructed to work beyond mandated hours, a practice normalized but not legal. While the new Labour Code and state laws mandate overtime pay at double the ordinary rate, managerial and supervisory staff may be exempt. Emplo…",https://economictimes.indiatimes.com/wealth/legal/will/asked-to-work-beyond-office-hours-know-your-rights-under-new-labour-code/articleshow/130493427.cms,news_page_2.json,news_page_2.json,json,json,the times of india,unknown,"Indian employees are often verbally instructed to work beyond mandated hours, a practice normalized but not legal. While the new Labour Code and state laws mandate overtime pay at double the ordinary rate, managerial and supervisory staff may be exempt. Emplo…",,
1209,"US State Dept orders global warning about alleged AI thefts by DeepSeek, other Chinese firms",json,json,the times of india,,,2.6,260.0,260,92,41.6,10857.6,"US State Dept orders global warning about alleged AI thefts by DeepSeek, other Chinese firms","The US State Department is urging global attention to Chinese firms, including DeepSeek, accused of stealing AI intellectual property. A diplomatic cable details concerns over ""adversaries' extraction and distillation of U.S. A.I. models,"" aiming to counter l…",https://economictimes.indiatimes.com/tech/artificial-intelligence/us-state-dept-orders-global-warning-about-alleged-ai-thefts-by-deepseek-other-chinese-firms/articleshow/130506577.cms,news_page_2.json,news_page_2.json,json,json,the times of india,unknown,"The US State Department is urging global attention to Chinese firms, including DeepSeek, accused of stealing AI intellectual property. A diplomatic cable details concerns over ""adversaries' extraction and distillation of U.S. A.I. models,"" aiming to counter l…",,
1210,U.S. embassy signs MOU with Ilorin Innovation Hub for tech expansion,json,json,vanguard,,,2.6,260.0,260,68,41.6,10857.6,U.S. embassy signs MOU with Ilorin Innovation Hub for tech expansion,"By Prisca Sam-Duru, Abuja The U.S. Embassy in Abuja has signed a three-year Memorandum of Understanding (MOU) with the Ilorin Innovation Hub, marking the Embassy’s first public-private partnership outside its American Spaces Network. In a statement made Thur…",https://www.vanguardngr.com/2026/04/u-s-embassy-signs-mou-with-ilorin-innovation-hub-for-tech-expansion/,news_page_3.json,news_page_3.json,json,json,vanguard,unknown,"By Prisca Sam-Duru, Abuja The U.S. Embassy in Abuja has signed a three-year Memorandum of Understanding (MOU) with the Ilorin Innovation Hub, marking the Embassy’s first public-private partnership outside its American Spaces Network. In a statement made Thur…",,
1211,iSpring to Showcase Cutting-Edge Water Filtration Solutions at WQA 2026 Expo,json,json,globenewswire,,,2.6,260.0,260,76,41.6,10857.6,iSpring to Showcase Cutting-Edge Water Filtration Solutions at WQA 2026 Expo,"Miami Beach, FL, April 24, 2026 (GLOBE NEWSWIRE) -- The 2026 Water Quality Association (WQA) Expo will once again gather the foremost innovators and leaders in the global water treatment industry, and iSpring Water Systems is set to take a prominent role. A…",https://www.globenewswire.com/news-release/2026/04/25/3281125/0/en/iSpring-to-Showcase-Cutting-Edge-Water-Filtration-Solutions-at-WQA-2026-Expo.html,news_page_3.json,news_page_3.json,json,json,globenewswire,unknown,"Miami Beach, FL, April 24, 2026 (GLOBE NEWSWIRE) -- The 2026 Water Quality Association (WQA) Expo will once again gather the foremost innovators and leaders in the global water treatment industry, and iSpring Water Systems is set to take a prominent role. A…",,
1213,"DOHS Cares, TSM House partner to deploy digital tools against rising SGBV, femicide cases",json,json,vanguard,,,2.6,260.0,260,89,41.6,10857.6,"DOHS Cares, TSM House partner to deploy digital tools against rising SGBV, femicide cases","By Esther Onyegbula In a bid to tackle the growing incidence of sexual and gender-based violence (SGBV) and femicide in Nigeria, the DOHS Cares for Vulnerable Women and Children Foundation (DOHS) has entered into a strategic partnership with TSM House Agency …",https://www.vanguardngr.com/2026/04/dohs-cares-tsm-house-partner-to-deploy-digital-tools-against-rising-sgbv-femicide-cases/,news_page_3.json,news_page_3.json,json,json,vanguard,unknown,"By Esther Onyegbula In a bid to tackle the growing incidence of sexual and gender-based violence (SGBV) and femicide in Nigeria, the DOHS Cares for Vulnerable Women and Children Foundation (DOHS) has entered into a strategic partnership with TSM House Agency …",,
119,Untitled record,word_run,word_run,unknown,,,2.58,258.0,258,15,41.28,10691.5,Untitled record,No content available.,,data/raw/word/news_normal.docx,news_normal.docx,word_run,word_run,unknown,unknown,"During the latest monitoring window, editors tracked rising coverage of elections, AI investments, and live sports rights. The content below includes special characters such as Ž, č, š, and café so encoding-aware processing can be verified during extraction.",,
159,Untitled record,word_run,word_run,unknown,,,2.58,258.0,258,15,41.28,10691.5,Untitled record,No content available.,,data/raw/word/news_normal.docx,news_normal.docx,word_run,word_run,unknown,unknown,"During the latest monitoring window, editors tracked rising coverage of elections, AI investments, and live sports rights. The content below includes special characters such as Ž, č, š, and café so encoding-aware processing can be verified during extraction.",,
200,Untitled record,word_run,word_run,unknown,,,2.58,258.0,258,15,41.28,10691.5,Untitled record,No content available.,,data/raw/word/news_normal.docx,news_normal.docx,word_run,word_run,unknown,unknown,"During the latest monitoring window, editors tracked rising coverage of elections, AI investments, and live sports rights. The content below includes special characters such as Ž, č, š, and café so encoding-aware processing can be verified during extraction.",,
456,Untitled record,word_run,word_run,unknown,,,2.58,258.0,258,15,41.28,10691.5,Untitled record,No content available.,,data/raw/word/news_normal.docx,news_normal.docx,word_run,word_run,unknown,unknown,"During the latest monitoring window, editors tracked rising coverage of elections, AI investments, and live sports rights. The content below includes special characters such as Ž, č, š, and café so encoding-aware processing can be verified during extraction.",,
712,Untitled record,word_run,word_run,unknown,,,2.58,258.0,258,15,41.28,10691.5,Untitled record,No content available.,,data/raw/word/news_normal.docx,news_normal.docx,word_run,word_run,unknown,unknown,"During the latest monitoring window, editors tracked rising coverage of elections, AI investments, and live sports rights. The content below includes special characters such as Ž, č, š, and café so encoding-aware processing can be verified during extraction.",,
968,Untitled record,word_run,word_run,unknown,,,2.58,258.0,258,15,41.28,10691.5,Untitled record,No content available.,,data/raw/word/news_normal.docx,news_normal.docx,word_run,word_run,unknown,unknown,"During the latest monitoring window, editors tracked rising coverage of elections, AI investments, and live sports rights. The content below includes special characters such as Ž, č, š, and café so encoding-aware processing can be verified during extraction.",,
1224,Untitled record,word_run,word_run,unknown,,,2.58,258.0,258,15,41.28,10691.5,Untitled record,No content available.,,data/raw/word/news_normal.docx,news_normal.docx,word_run,word_run,unknown,unknown,"During the latest monitoring window, editors tracked rising coverage of elections, AI investments, and live sports rights. The content below includes special characters such as Ž, č, š, and café so encoding-aware processing can be verified during extraction.",,
956,Lagos college warns aesthetic medicine students on safety,json,json,the punch,,,2.46,246.0,246,57,39.36,9721.92,Lagos college warns aesthetic medicine students on safety,"Lagos State College of Health Technology warns aesthetic medicine students to adhere to strict safety standards and ethics, focusing on non-invasive proced Read More: https://punchng.com/lagos-college-warns-aesthetic-medicine-students-on-safety/",https://punchng.com/lagos-college-warns-aesthetic-medicine-students-on-safety/,news_page_3.json,news_page_3.json,json,json,the punch,unknown,"Lagos State College of Health Technology warns aesthetic medicine students to adhere to strict safety standards and ethics, focusing on non-invasive proced Read More: https://punchng.com/lagos-college-warns-aesthetic-medicine-students-on-safety/",,
700,CDER and CBER accept first submission to ISTAND Pilot Program,json,json,fda.gov,,,2.44,244.0,244,61,39.04,9564.8,CDER and CBER accept first submission to ISTAND Pilot Program,FDA’s Center for Drug Evaluation and Research (CDER) and Center for Biologics Evaluation and Research (CBER) have accepted the agency’s first submission into the Innovative Science and Technology Approaches for New Drugs (ISTAND) Pilot Program.,https://www.fda.gov/drugs/drug-safety-communications/cder-and-cber-accept-first-submission-istand-pilot-program,news_page_3.json,news_page_3.json,json,json,fda.gov,unknown,FDA’s Center for Drug Evaluation and Research (CDER) and Center for Biologics Evaluation and Research (CBER) have accepted the agency’s first submission into the Innovative Science and Technology Approaches for New Drugs (ISTAND) Pilot Program.,,
955,Nigeria’s painful loss of military men to insurgency,json,json,the punch,,,2.4,240.0,240,52,38.4,9254.4,Nigeria’s painful loss of military men to insurgency,Nigeria is losing its finest military men to insurgency. This article explores the recurring tragedy of Nigerian military losses and why it’s a national fa Read More: https://punchng.com/nigerias-painful-loss-of-military-men-to-insurgency/,https://punchng.com/nigerias-painful-loss-of-military-men-to-insurgency/,news_page_3.json,news_page_3.json,json,json,the punch,unknown,Nigeria is losing its finest military men to insurgency. This article explores the recurring tragedy of Nigerian military losses and why it’s a national fa Read More: https://punchng.com/nigerias-painful-loss-of-military-men-to-insurgency/,,
954,Together we can eradicate this stowaway menace,json,json,the punch,,,2.35,235.0,235,46,37.6,8873.6,Together we can eradicate this stowaway menace,"Explore the root causes of the stowaway menace in Nigeria, from economic desperation to weak port security. Learn about potential solutions to this crisis. Read More: https://punchng.com/together-we-can-eradicate-this-stowaway-menace/",https://punchng.com/together-we-can-eradicate-this-stowaway-menace/,news_page_3.json,news_page_3.json,json,json,the punch,unknown,"Explore the root causes of the stowaway menace in Nigeria, from economic desperation to weak port security. Learn about potential solutions to this crisis. Read More: https://punchng.com/together-we-can-eradicate-this-stowaway-menace/",,
9,"Nvidia preparing Groq chips that can be sold in Chinese market, sources say",news_api,news_api,the times of india,,,2.28,228.0,228,75,36.48,8353.92,"Nvidia preparing Groq chips that can be sold in Chinese market, sources say","Nvidia licensed technology from Groq, an AI chip startup, late last year in ‌a $17 billion deal ⁠and ⁠showed a new lineup of products based around its chips at its annual developer conference in San ​Jose, California, this week.",https://economictimes.indiatimes.com/tech/artificial-intelligence/nvidia-preparing-groq-chips-that-can-be-sold-in-chinese-market-sources-say/articleshow/129645442.cms,,,news_api,news_api,the times of india,unknown,"Nvidia licensed technology from Groq, an AI chip startup, late last year in ‌a $17 billion deal ⁠and ⁠showed a new lineup of products based around its chips at its annual developer conference in San ​Jose, California, this week.",,
176,Tech4Dev names Abraham Akpan country manager,json,json,the punch,,,2.28,228.0,228,44,36.48,8353.92,Tech4Dev names Abraham Akpan country manager,Tech4Dev has appointed Abraham Akpan as Country Manager for Nigeria and Sub-Saharan Africa to support its vision of increasing economic opportunities. Read More: https://punchng.com/tech4dev-names-abraham-akpan-country-manager/,https://punchng.com/tech4dev-names-abraham-akpan-country-manager/,news_page_1.json,news_page_1.json,json,json,the punch,unknown,Tech4Dev has appointed Abraham Akpan as Country Manager for Nigeria and Sub-Saharan Africa to support its vision of increasing economic opportunities. Read More: https://punchng.com/tech4dev-names-abraham-akpan-country-manager/,,
2,SWDC partners FTID to boost S’West rural devt,news_api,news_api,the punch,,,2.26,226.0,226,45,36.16,8208.32,SWDC partners FTID to boost S’West rural devt,"The South-West Development Commission (SWDC) and FTID partner to boost South-West rural development, focusing on food production and infrastructure. Read More: https://punchng.com/swdc-partners-ftid-to-boost-swest-rural-devt/",https://punchng.com/swdc-partners-ftid-to-boost-swest-rural-devt/,,,news_api,news_api,the punch,unknown,"The South-West Development Commission (SWDC) and FTID partner to boost South-West rural development, focusing on food production and infrastructure. Read More: https://punchng.com/swdc-partners-ftid-to-boost-swest-rural-devt/",,
147,"Your Next Sleep Tracker Isn’t a Watch, It’s Your Bedside Lamp",json,json,yanko design,,,2.1,210.0,210,61,33.6,7089.6,"Your Next Sleep Tracker Isn’t a Watch, It’s Your Bedside Lamp","Your Next Sleep Tracker Isn’t a Watch, It’s Your Bedside LampSleep has quietly become one of the most closely watched aspects of personal health. Around one in three people struggle with it, and roughly half...",https://www.yankodesign.com/2026/03/30/your-next-sleep-tracker-isnt-a-watch-its-your-bedside-lamp/,news_page_3.json,news_page_3.json,json,json,yanko design,unknown,"Your Next Sleep Tracker Isn’t a Watch, It’s Your Bedside LampSleep has quietly become one of the most closely watched aspects of personal health. Around one in three people struggle with it, and roughly half...",,
142,Kobo Libra 2 has better Kobo Remote connectivity,json,json,goodereader,,,2.05,205.0,205,48,32.8,6756.8,Kobo Libra 2 has better Kobo Remote connectivity,The Rakuten Kobo Libra 2 just received a software update to fix the dropped connection issue with the Kobo Remote. The post Kobo Libra 2 has better Kobo Remote connectivity first appeared on Good e-Reader.,https://goodereader.com/blog/kobo-ereader-news/kobo-libra-2-has-better-kobo-remote-connectivity,news_page_2.json,news_page_2.json,json,json,goodereader,unknown,The Rakuten Kobo Libra 2 just received a software update to fix the dropped connection issue with the Kobo Remote. The post Kobo Libra 2 has better Kobo Remote connectivity first appeared on Good e-Reader.,,
183,"Canadian and Global News Roundup: Space Missions, Scams, Health Alerts, and More",json,json,headtopics.com,,,1.99,199.0,199,80,31.84,6368.0,"Canadian and Global News Roundup: Space Missions, Scams, Health Alerts, and More","This news summary covers a broad spectrum of events, including advancements in space exploration with Canadian contributions to the Artemis II mission, growing concerns about scams, health recalls in",https://ca.headtopics.com/news/canadian-and-global-news-roundup-space-missions-scams-81839155,news_page_2.json,news_page_2.json,json,json,headtopics.com,unknown,"This news summary covers a broad spectrum of events, including advancements in space exploration with Canadian contributions to the Artemis II mission, growing concerns about scams, health recalls in",,
187,Exposing a Radiation-Hardened 2.4 GHz Wi-Fi Receiver to 500 Kilograys,json,json,hackaday,,,1.98,198.0,198,69,31.68,6304.32,Exposing a Radiation-Hardened 2.4 GHz Wi-Fi Receiver to 500 Kilograys,"From outer space to down here on Earth, there are many places where ionizing radiation levels are high enough that they effectively bar access for humans, but also make life miserable for anything …",https://hackaday.com/2026/04/04/exposing-a-radiation-hardened-2-4-ghz-wi-fi-receiver-to-500-kilograys/,news_page_3.json,news_page_3.json,json,json,hackaday,unknown,"From outer space to down here on Earth, there are many places where ionizing radiation levels are high enough that they effectively bar access for humans, but also make life miserable for anything …",,
120,Untitled record,word_run,word_run,unknown,,,1.94,194.0,194,15,31.04,6052.8,Untitled record,No content available.,,data/raw/word/news_normal.docx,news_normal.docx,word_run,word_run,unknown,unknown,"A downstream parser can extract body text with pdfplumber or python-docx, then store the normalized text and metadata in MongoDB together with source path, page number, and extraction timestamp.",,
160,Untitled record,word_run,word_run,unknown,,,1.94,194.0,194,15,31.04,6052.8,Untitled record,No content available.,,data/raw/word/news_normal.docx,news_normal.docx,word_run,word_run,unknown,unknown,"A downstream parser can extract body text with pdfplumber or python-docx, then store the normalized text and metadata in MongoDB together with source path, page number, and extraction timestamp.",,
201,Untitled record,word_run,word_run,unknown,,,1.94,194.0,194,15,31.04,6052.8,Untitled record,No content available.,,data/raw/word/news_normal.docx,news_normal.docx,word_run,word_run,unknown,unknown,"A downstream parser can extract body text with pdfplumber or python-docx, then store the normalized text and metadata in MongoDB together with source path, page number, and extraction timestamp.",,
457,Untitled record,word_run,word_run,unknown,,,1.94,194.0,194,15,31.04,6052.8,Untitled record,No content available.,,data/raw/word/news_normal.docx,news_normal.docx,word_run,word_run,unknown,unknown,"A downstream parser can extract body text with pdfplumber or python-docx, then store the normalized text and metadata in MongoDB together with source path, page number, and extraction timestamp.",,
713,Untitled record,word_run,word_run,unknown,,,1.94,194.0,194,15,31.04,6052.8,Untitled record,No content available.,,data/raw/word/news_normal.docx,news_normal.docx,word_run,word_run,unknown,unknown,"A downstream parser can extract body text with pdfplumber or python-docx, then store the normalized text and metadata in MongoDB together with source path, page number, and extraction timestamp.",,
969,Untitled record,word_run,word_run,unknown,,,1.94,194.0,194,15,31.04,6052.8,Untitled record,No content available.,,data/raw/word/news_normal.docx,news_normal.docx,word_run,word_run,unknown,unknown,"A downstream parser can extract body text with pdfplumber or python-docx, then store the normalized text and metadata in MongoDB together with source path, page number, and extraction timestamp.",,
1225,Untitled record,word_run,word_run,unknown,,,1.94,194.0,194,15,31.04,6052.8,Untitled record,No content available.,,data/raw/word/news_normal.docx,news_normal.docx,word_run,word_run,unknown,unknown,"A downstream parser can extract body text with pdfplumber or python-docx, then store the normalized text and metadata in MongoDB together with source path, page number, and extraction timestamp.",,
184,"Chinese Scientists Bioengineering Plants With Firefly Genes to Glow, in Effort to Light Cities at Night",json,json,futurism,,,1.93,193.0,193,103,30.88,5990.72,"Chinese Scientists Bioengineering Plants With Firefly Genes to Glow, in Effort to Light Cities at Night","Night lighting may be due for a plant-based glow-up. The post Chinese Scientists Bioengineering Plants With Firefly Genes to Glow, in Effort to Light Cities at Night appeared first on Futurism.",http://futurism.com/science-energy/bioengineering-plants-glow-light-cities,news_page_2.json,news_page_2.json,json,json,futurism,unknown,"Night lighting may be due for a plant-based glow-up. The post Chinese Scientists Bioengineering Plants With Firefly Genes to Glow, in Effort to Light Cities at Night appeared first on Futurism.",,
946,"War disruptions fuel interest in EV retrofits, demand more than doubles",json,json,livemint,,,1.88,188.0,188,71,30.08,5685.12,"War disruptions fuel interest in EV retrofits, demand more than doubles","Retrofitting firms such as Bengaluru-based Exponent Energy and Gurugram-based Folks Motor said inquiries have more than doubled since the war, reflecting a sharp rise in consumer interest.",https://www.livemint.com/industry/manufacturing/west-asia-war-ev-retrofit-firms-automobiles-11776157412801.html,news_page_1.json,news_page_1.json,json,json,livemint,unknown,"Retrofitting firms such as Bengaluru-based Exponent Energy and Gurugram-based Folks Motor said inquiries have more than doubled since the war, reflecting a sharp rise in consumer interest.",,
185,Erdogan's digital Iron Curtain,json,json,israelnationalnews.com,,,1.86,186.0,186,30,29.76,5565.12,Erdogan's digital Iron Curtain,"With its new ruling, Turkey can be called 'a consolidated autocracy utilizing 21st-century technology to enforce a level of societal control reminiscent of medieval absolutism.' Opinion.",https://www.israelnationalnews.com/news/425023,news_page_2.json,news_page_2.json,json,json,israelnationalnews.com,unknown,"With its new ruling, Turkey can be called 'a consolidated autocracy utilizing 21st-century technology to enforce a level of societal control reminiscent of medieval absolutism.' Opinion.",,
432,Oklahoma Considers Using Aerial Photography to Assess Property Taxes Without Inspections,json,json,petapixel,,,1.84,184.0,184,88,29.44,5446.4,Oklahoma Considers Using Aerial Photography to Assess Property Taxes Without Inspections,Oklahoma lawmakers are considering a bill that would let officials use aerial photos and satellite images to assess property taxes instead of visiting properties in person. [Read More],https://petapixel.com/2026/04/08/oklahoma-considers-using-aerial-photography-to-assess-property-taxes-without-inspections/,news_page_1.json,news_page_1.json,json,json,petapixel,unknown,Oklahoma lawmakers are considering a bill that would let officials use aerial photos and satellite images to assess property taxes instead of visiting properties in person. [Read More],,
697,Advancing Novel Surrogate Endpoints For Rare Disease Drug Development Workshop - 05/18/2026,json,json,fda.gov,,,1.84,184.0,184,91,29.44,5446.4,Advancing Novel Surrogate Endpoints For Rare Disease Drug Development Workshop - 05/18/2026,"FDA is convening a one-day virtual public workshop on May 18, 2026, focused on the development of surrogate endpoints for drugs and biological products intended to treat rare diseases.",https://www.fda.gov/drugs/news-events-human-drugs/advancing-novel-surrogate-endpoints-rare-disease-drug-development-workshop-05182026,news_page_2.json,news_page_2.json,json,json,fda.gov,unknown,"FDA is convening a one-day virtual public workshop on May 18, 2026, focused on the development of surrogate endpoints for drugs and biological products intended to treat rare diseases.",,
143,Mind games: How football stars are fuelling chess boom,json,json,yahoo entertainment,,,1.83,183.0,183,54,29.28,5387.52,Mind games: How football stars are fuelling chess boom,"Erling Haaland and Mohamed Salah are among the Premier League stars ""addicted"" to chess, helping to spark a surge in the game's popularity among younger people.""I'm addicted to chess.",https://sports.yahoo.com/articles/mind-games-football-stars-fuelling-020746903.html,news_page_2.json,news_page_2.json,json,json,yahoo entertainment,unknown,"Erling Haaland and Mohamed Salah are among the Premier League stars ""addicted"" to chess, helping to spark a surge in the game's popularity among younger people.""I'm addicted to chess.",,
1,"Why EOS, Humm, New Hope, and Sims shares are storming higher today",news_api,news_api,motley fool australia,,,1.81,181.0,181,66,28.96,5270.72,"Why EOS, Humm, New Hope, and Sims shares are storming higher today","These shares are having a good session on hump day. But why? The post Why EOS, Humm, New Hope, and Sims shares are storming higher today appeared first on The Motley Fool Australia.",https://www.fool.com.au/2026/03/18/why-eos-humm-new-hope-and-sims-shares-are-storming-higher-today/,,,news_api,news_api,motley fool australia,unknown,"These shares are having a good session on hump day. But why? The post Why EOS, Humm, New Hope, and Sims shares are storming higher today appeared first on The Motley Fool Australia.",,
693,Hackers steal and leak sensitive LAPD police documents | TechCrunch,json,json,techcrunch,,,1.72,172.0,172,67,27.52,4760.96,Hackers steal and leak sensitive LAPD police documents | TechCrunch,The LAPD said the breach affected “a digital storage system” belonging to the city’s Attorney's Office. The World Leaks extortion gang was reported to be behind the attack.,https://techcrunch.com/2026/04/08/hackers-steal-and-leak-sensitive-lapd-police-documents/,news_page_2.json,news_page_2.json,json,json,techcrunch,unknown,The LAPD said the breach affected “a digital storage system” belonging to the city’s Attorney's Office. The World Leaks extortion gang was reported to be behind the attack.,,
1201,"Nasdaq 100, S&P 500 finish at record on Intel’s blowout results",json,json,moneycontrol,,,1.72,172.0,172,63,27.52,4760.96,"Nasdaq 100, S&P 500 finish at record on Intel’s blowout results","The Nasdaq 100 Index gained 1.9% to finish at a fresh all-time closing high, with chipmakers such as Advanced Micro Devices Inc. and ARM Holdings Plc contributing to gains.",https://www.moneycontrol.com/news/business/markets/nasdaq-100-s-p-500-finish-at-record-on-intel-s-blowout-results-13899092.html,news_page_1.json,news_page_1.json,json,json,moneycontrol,unknown,"The Nasdaq 100 Index gained 1.9% to finish at a fresh all-time closing high, with chipmakers such as Advanced Micro Devices Inc. and ARM Holdings Plc contributing to gains.",,
1204,US orders global warning over alleged AI theft by DeepSeek and Chinese firms,json,json,the indian express,,,1.72,172.0,172,76,27.52,4760.96,US orders global warning over alleged AI theft by DeepSeek and Chinese firms,"The US is urging allies to address what it calls Chinese efforts to replicate American AI models, spotlighting DeepSeek and escalating tensions ahead of a Trump-Xi meeting.",https://indianexpress.com/article/technology/artificial-intelligence/us-orders-global-warning-over-alleged-ai-theft-by-deepseek-and-chinese-firms-10654753/,news_page_1.json,news_page_1.json,json,json,the indian express,unknown,"The US is urging allies to address what it calls Chinese efforts to replicate American AI models, spotlighting DeepSeek and escalating tensions ahead of a Trump-Xi meeting.",,
188,AI-Driven school expanding to major US cities despite union pushback,json,json,fox news,,,1.71,171.0,171,68,27.36,4705.92,AI-Driven school expanding to major US cities despite union pushback,"Alpha Schools is expanding its AI-driven model nationwide this fall, but researchers say the approach is untested and Pennsylvania rejected its charter school application.",https://www.foxnews.com/media/ai-driven-school-expanding-major-us-cities-despite-union-pushback,news_page_3.json,news_page_3.json,json,json,fox news,unknown,"Alpha Schools is expanding its AI-driven model nationwide this fall, but researchers say the approach is untested and Pennsylvania rejected its charter school application.",,
441,JFE Engineering Corp invests ₹128 cr in 2 projects of Antony Waste Handling Cell in AP,json,json,businessline,,,1.71,171.0,171,86,27.36,4705.92,JFE Engineering Corp invests ₹128 cr in 2 projects of Antony Waste Handling Cell in AP,"JFE Engineering invests ₹128 crore in Antony Waste's waste-to-energy projects in Andhra Pradesh, marking a significant Japanese entry into India's waste management sector.",https://www.thehindubusinessline.com/companies/jfe-engineering-corp-invests-128-cr-in-2-projects-of-antony-waste-handling-cell-in-ap/article70838960.ece,news_page_2.json,news_page_2.json,json,json,businessline,unknown,"JFE Engineering invests ₹128 crore in Antony Waste's waste-to-energy projects in Andhra Pradesh, marking a significant Japanese entry into India's waste management sector.",,
444,New Yorkers Like What They See From Mamdani So Far,json,json,new york magazine,,,1.57,157.0,157,50,25.12,3968.96,New Yorkers Like What They See From Mamdani So Far,"A new poll shows Mamdani with high marks for his leadership and snow handling, but his approval rating is lower than Eric Adams’s was around the same period.",http://nymag.com/intelligencer/article/mamdani-marist-poll-approval-rating.html,news_page_3.json,news_page_3.json,json,json,new york magazine,unknown,"A new poll shows Mamdani with high marks for his leadership and snow handling, but his approval rating is lower than Eric Adams’s was around the same period.",,
1214,Govt forms panel under SBI chief to assess risks from AI platform Mythos,json,json,businessline,,,1.55,155.0,155,72,24.8,3868.8,Govt forms panel under SBI chief to assess risks from AI platform Mythos,"Govt forms panel led by SBI chief to assess risks from Mythos AI, as regulators warn of potential cyber threats to banking systems and financial stability.",https://www.thehindubusinessline.com/money-and-banking/govt-forms-panel-under-sbi-chief-to-assess-risks-from-ai-platform-mythos/article70904297.ece,news_page_3.json,news_page_3.json,json,json,businessline,unknown,"Govt forms panel led by SBI chief to assess risks from Mythos AI, as regulators warn of potential cyber threats to banking systems and financial stability.",,
138,Here's How To Decipher The Different Grades Of Motor Oil,json,json,jalopnik,,,1.53,153.0,153,56,24.48,3769.92,Here's How To Decipher The Different Grades Of Motor Oil,"If you're in the auto parts store wondering what all the codes mean on bottles, then you are not alone. Here's our handy guide to deciphering the digits.",https://www.jalopnik.com/2131807/decipher-motor-oil-grades/,news_page_1.json,news_page_1.json,json,json,jalopnik,unknown,"If you're in the auto parts store wondering what all the codes mean on bottles, then you are not alone. Here's our handy guide to deciphering the digits.",,
1200,Automated Content Marketing Workflow: 6-Step Guide,json,json,trysight.ai,,,1.52,152.0,152,50,24.32,3720.96,Automated Content Marketing Workflow: 6-Step Guide,"Learn how to build an automated content marketing workflow in 6 steps. Streamline production, eliminate repetitive tasks, and focus on strategic growth.",https://www.trysight.ai/blog/automated-content-marketing-workflow#article,news_page_1.json,news_page_1.json,json,json,trysight.ai,unknown,"Learn how to build an automated content marketing workflow in 6 steps. Streamline production, eliminate repetitive tasks, and focus on strategic growth.",,
149,Hume Health Hume Band Claims Evaluated: Does It Work or Just Another AI-Powered Fitness Activity Tracker,json,json,globenewswire,,,1.47,147.0,147,104,23.52,3480.96,Hume Health Hume Band Claims Evaluated: Does It Work or Just Another AI-Powered Fitness Activity Tracker,"Hume Health Hume Band claims evaluated — Metabolic Momentum, biological age tracking, AI longevity metrics, pricing, and what to verify in 2026....",https://www.globenewswire.com/news-release/2026/03/31/3265123/0/en/Hume-Health-Hume-Band-Claims-Evaluated-Does-It-Work-or-Just-Another-AI-Powered-Fitness-Activity-Tracker.html,news_page_3.json,news_page_3.json,json,json,globenewswire,unknown,"Hume Health Hume Band claims evaluated — Metabolic Momentum, biological age tracking, AI longevity metrics, pricing, and what to verify in 2026....",,
944,Zinc7 Claims Evaluated: The Most Potent Zinc Supplement on the Market by True Cellular Formulas,json,json,globenewswire,,,1.43,143.0,143,95,22.88,3294.72,Zinc7 Claims Evaluated: The Most Potent Zinc Supplement on the Market by True Cellular Formulas,"True Cellular Formulas details Zinc7's seven-form zinc complex, ingredient structure, and multi-form zinc bioavailability for women over 40....",https://www.globenewswire.com/news-release/2026/04/15/3274068/0/en/Zinc7-Claims-Evaluated-The-Most-Potent-Zinc-Supplement-on-the-Market-by-True-Cellular-Formulas.html,news_page_1.json,news_page_1.json,json,json,globenewswire,unknown,"True Cellular Formulas details Zinc7's seven-form zinc complex, ingredient structure, and multi-form zinc bioavailability for women over 40....",,
435,Ray Dalio says we're in a world war — and it's only just beginning,json,json,business insider,,,1.42,142.0,142,66,22.72,3248.96,Ray Dalio says we're in a world war — and it's only just beginning,"Hedge fund billionaire Ray Dalio said in a LinkedIn post that we're in the ""early stages of a world war that isn't going to end anytime soon.""",https://www.businessinsider.com/ray-dalio-world-war-iran-us-china-bridgewater-changing-order-2026-4,news_page_1.json,news_page_1.json,json,json,business insider,unknown,"Hedge fund billionaire Ray Dalio said in a LinkedIn post that we're in the ""early stages of a world war that isn't going to end anytime soon.""",,
690,Gen Z workers are so fearful AI will take their job they’re intentionally sabotaging their company’s AI rollout,json,json,fortune,,,1.41,141.0,141,111,22.56,3203.52,Gen Z workers are so fearful AI will take their job they’re intentionally sabotaging their company’s AI rollout,"Many employees are refusing to use AI tools, with some even admitting to tampering with performance reviews to make AI appear less effective.",https://fortune.com/2026/04/08/gen-z-workers-sabotage-ai-rollout-backlash/,news_page_1.json,news_page_1.json,json,json,fortune,unknown,"Many employees are refusing to use AI tools, with some even admitting to tampering with performance reviews to make AI appear less effective.",,
141,Soil Health: How Deep It Goes & How to Improve It | growᴬᴳ,json,json,growag.com,,,1.35,135.0,135,58,21.6,2937.6,Soil Health: How Deep It Goes & How to Improve It | growᴬᴳ,"Explore soil health in agriculture, why it matters, how to measure it, and practical ways to restore and improve soil health long term.",https://www.growag.com/article/soil-health-foundation-every-productive-farm,news_page_2.json,news_page_2.json,json,json,growag.com,unknown,"Explore soil health in agriculture, why it matters, how to measure it, and practical ways to restore and improve soil health long term.",,
443,India no longer interested in hosting COP33 climate event in 2028,json,json,the indian express,,,1.35,135.0,135,65,21.6,2937.6,India no longer interested in hosting COP33 climate event in 2028,"COP, or Conference of Parties, is the annual meeting of the signatories to the 1994 UN Framework Convention on Climate Change (UNFCCC).",https://indianexpress.com/article/delhi/india-no-longer-interested-in-hosting-cop33-climate-event-in-2028-10626234/,news_page_3.json,news_page_3.json,json,json,the indian express,unknown,"COP, or Conference of Parties, is the annual meeting of the signatories to the 1994 UN Framework Convention on Climate Change (UNFCCC).",,
123,Untitled record,word_run,word_run,unknown,,,1.28,128.0,128,15,20.48,2641.92,Untitled record,No content available.,,data/raw/word/news_normal.docx,news_normal.docx,word_run,word_run,unknown,unknown,"Suggested extraction metadata: file name, document type, source path, extraction timestamp, page number, and extraction library.",,
163,Untitled record,word_run,word_run,unknown,,,1.28,128.0,128,15,20.48,2641.92,Untitled record,No content available.,,data/raw/word/news_normal.docx,news_normal.docx,word_run,word_run,unknown,unknown,"Suggested extraction metadata: file name, document type, source path, extraction timestamp, page number, and extraction library.",,
204,Untitled record,word_run,word_run,unknown,,,1.28,128.0,128,15,20.48,2641.92,Untitled record,No content available.,,data/raw/word/news_normal.docx,news_normal.docx,word_run,word_run,unknown,unknown,"Suggested extraction metadata: file name, document type, source path, extraction timestamp, page number, and extraction library.",,
460,Untitled record,word_run,word_run,unknown,,,1.28,128.0,128,15,20.48,2641.92,Untitled record,No content available.,,data/raw/word/news_normal.docx,news_normal.docx,word_run,word_run,unknown,unknown,"Suggested extraction metadata: file name, document type, source path, extraction timestamp, page number, and extraction library.",,
716,Untitled record,word_run,word_run,unknown,,,1.28,128.0,128,15,20.48,2641.92,Untitled record,No content available.,,data/raw/word/news_normal.docx,news_normal.docx,word_run,word_run,unknown,unknown,"Suggested extraction metadata: file name, document type, source path, extraction timestamp, page number, and extraction library.",,
972,Untitled record,word_run,word_run,unknown,,,1.28,128.0,128,15,20.48,2641.92,Untitled record,No content available.,,data/raw/word/news_normal.docx,news_normal.docx,word_run,word_run,unknown,unknown,"Suggested extraction metadata: file name, document type, source path, extraction timestamp, page number, and extraction library.",,
1228,Untitled record,word_run,word_run,unknown,,,1.28,128.0,128,15,20.48,2641.92,Untitled record,No content available.,,data/raw/word/news_normal.docx,news_normal.docx,word_run,word_run,unknown,unknown,"Suggested extraction metadata: file name, document type, source path, extraction timestamp, page number, and extraction library.",,
1212,"China’s First Purpose-Built Robotaxi Customized for CaoCao Debuts at Auto China 2026, with Mass Production Planned for 2027",json,json,globenewswire,,,1.27,127.0,127,123,20.32,2600.96,"China’s First Purpose-Built Robotaxi Customized for CaoCao Debuts at Auto China 2026, with Mass Production Planned for 2027","China’s First Purpose-Built Robotaxi Customized for CaoCao Debuts at Auto China 2026, with Mass Production Planned for 2027 ...",https://www.globenewswire.com/news-release/2026/04/25/3281124/0/en/China-s-First-Purpose-Built-Robotaxi-Customized-for-CaoCao-Debuts-at-Auto-China-2026-with-Mass-Production-Planned-for-2027.html,news_page_3.json,news_page_3.json,json,json,globenewswire,unknown,"China’s First Purpose-Built Robotaxi Customized for CaoCao Debuts at Auto China 2026, with Mass Production Planned for 2027 ...",,
8,"17 stocks including Tata Steel, SBI, Varun Beverages, Shree Cement, Wipro, Ceigall, NHPC, Paisalo, Strides Pharma will remain in focus on Wednesday",news_api,news_api,businessline,,,1.25,125.0,125,147,20.0,2520.0,"17 stocks including Tata Steel, SBI, Varun Beverages, Shree Cement, Wipro, Ceigall, NHPC, Paisalo, Strides Pharma will remain in focus on Wednesday","Key stocks like Tata Steel, SBI, and Varun Beverages will be in focus on Wednesday due to significant corporate developments.",https://www.thehindubusinessline.com/markets/17-stocks-including-tata-steel-sbi-varun-beverages-shree-cement-wipro-ceigall-nhpc-paisalo-strides-pharma-will-remain-in-focus-on-wednesday/article70756561.ece,,,news_api,news_api,businessline,unknown,"Key stocks like Tata Steel, SBI, and Varun Beverages will be in focus on Wednesday due to significant corporate developments.",,
436,Amazon Deals of the Day: Put a Samsung Galaxy Watch 8 on Your Wrist for $60 Off,json,json,cnet,,,1.24,124.0,124,79,19.84,2480.0,Amazon Deals of the Day: Put a Samsung Galaxy Watch 8 on Your Wrist for $60 Off,"Also, grab one of our favorite bone-conduction headphones for over 30% off and take 20% off the Bose SoundLink Flex speaker.",https://www.cnet.com/deals/amazon-deals-of-the-day-april-8-26/,news_page_1.json,news_page_1.json,json,json,cnet,unknown,"Also, grab one of our favorite bone-conduction headphones for over 30% off and take 20% off the Bose SoundLink Flex speaker.",,
1207,"On air pollution, we need to get the scientific plumbing right: Santosh Harish, Coefficient Giving",json,json,the indian express,,,1.2,120.0,120,98,19.2,2323.2,"On air pollution, we need to get the scientific plumbing right: Santosh Harish, Coefficient Giving","We work on improving measurement and strengthening cost-effective air pollution monitoring systems, says Santosh Harish.",https://indianexpress.com/article/technology/air-pollution-india-explained-pm25-solutions-tech-interview-10654248/,news_page_2.json,news_page_2.json,json,json,the indian express,unknown,"We work on improving measurement and strengthening cost-effective air pollution monitoring systems, says Santosh Harish.",,
952,"In the face of rampant AI, is ‘data poisoning’ a new form of civil disobedience?",json,json,the conversation africa,,,1.1,110.0,110,80,17.6,1953.6,"In the face of rampant AI, is ‘data poisoning’ a new form of civil disobedience?","Boycotts, sabotage and other types of civil disobedience have long served collective action against injustice.",https://theconversation.com/in-the-face-of-rampant-ai-is-data-poisoning-a-new-form-of-civil-disobedience-280146,news_page_2.json,news_page_2.json,json,json,the conversation africa,unknown,"Boycotts, sabotage and other types of civil disobedience have long served collective action against injustice.",,
186,I didn’t realize how much of Amazon's Fallout set was actually real,json,json,makeuseof,,,1.08,108.0,108,67,17.28,1883.52,I didn’t realize how much of Amazon's Fallout set was actually real,The folks behind Fallout went to incredible lengths to keep the effects and sets grounded in the real world.,https://www.makeuseof.com/fallout-set-actually-real-prime-video/,news_page_3.json,news_page_3.json,json,json,makeuseof,unknown,The folks behind Fallout went to incredible lengths to keep the effects and sets grounded in the real world.,,
14,Your next Galaxy may lose a key Samsung feature to cut costs,news_api,news_api,phonearena,,,1.07,107.0,107,60,17.12,1848.96,Your next Galaxy may lose a key Samsung feature to cut costs,The memory cost crisis may have forced Samsung to make an unprecedented compromise with some of its phones.,https://www.phonearena.com/news/your-next-galaxy-may-lose-a-key-samsung-feature-to-cut-costs_id178995,,,news_api,news_api,phonearena,unknown,The memory cost crisis may have forced Samsung to make an unprecedented compromise with some of its phones.,,
57,München Startup Round,technology,excel,dw,2026-03-23,2026.0,8.0,17.0,21,21,81.06,1783.32,München Startup Round,No content available.,,,news_data.xlsx,technology,excel,dw,unknown,München Startup Round,2026-03-23,2026.0
945,"Big money wants a seat in deals, not just funds—and it’s reshaping India’s private markets",json,json,livemint,,,1.01,101.0,101,90,16.16,1648.32,"Big money wants a seat in deals, not just funds—and it’s reshaping India’s private markets","Co-investment is becoming standard as investors seek more control, better returns and larger exposure",https://www.livemint.com/industry/big-money-seat-deals-funds-reshaping-india-s-private-markets-coinvestment-11776142373050.html,news_page_1.json,news_page_1.json,json,json,livemint,unknown,"Co-investment is becoming standard as investors seek more control, better returns and larger exposure",,
958,"WATCH: Rock & Roll Hall of Fame's class of 2026 includes Phil Collins, Wu-Tang Clan and more",json,json,abcnews.com,,,0.96,96.0,96,92,15.36,1489.92,"WATCH: Rock & Roll Hall of Fame's class of 2026 includes Phil Collins, Wu-Tang Clan and more","David Muir reports on the Rock & Roll Hall of Fame 2026 inductees, and their noteworthy careers.",https://abcnews.com/video/132042913/,news_page_3.json,news_page_3.json,json,json,abcnews.com,unknown,"David Muir reports on the Rock & Roll Hall of Fame 2026 inductees, and their noteworthy careers.",,
181,"RAKIA Achieves CMMC Level 1 Compliance, Expanding Access to U.S. Defense Contracts and Accelerating Federal Growth Strategy",json,json,globenewswire,,,0.92,92.0,92,123,14.72,1368.96,"RAKIA Achieves CMMC Level 1 Compliance, Expanding Access to U.S. Defense Contracts and Accelerating Federal Growth Strategy",CMMS opens new opportunities in U.S. defense contracts and accelerates federal expansion....,https://www.globenewswire.com/news-release/2026/04/04/3268218/0/en/RAKIA-Achieves-CMMC-Level-1-Compliance-Expanding-Access-to-U-S-Defense-Contracts-and-Accelerating-Federal-Growth-Strategy.html,news_page_2.json,news_page_2.json,json,json,globenewswire,unknown,CMMS opens new opportunities in U.S. defense contracts and accelerates federal expansion....,,
60,Weekend Match Buzz,sports,excel,espn,2026-03-24,2026.0,7.0,31.0,18,18,71.73,1362.87,Weekend Match Buzz,No content available.,,,news_data.xlsx,sports,excel,espn,unknown,Weekend Match Buzz,2026-03-24,2026.0
1206,"Sorry AI, you’re just not human enough",json,json,livemint,,,0.89,89.0,89,38,14.24,1281.6,"Sorry AI, you’re just not human enough",Fatigue has already set in as AI-generated communication comes at us from every direction,https://www.livemint.com/opinion/columns/artificial-intelligence-ai-generated-message-ai-communication-openai-chatgpt-11776852560763.html,news_page_2.json,news_page_2.json,json,json,livemint,unknown,Fatigue has already set in as AI-generated communication comes at us from every direction,,
957,WATCH: Video captures moment hero principal takes down gunman at Oklahoma high school,json,json,abcnews.com,,,0.88,88.0,88,85,14.08,1253.12,WATCH: Video captures moment hero principal takes down gunman at Oklahoma high school,"The suspect, a former student, fired multiple rounds, striking the principal in the leg.",https://abcnews.com/video/132042954/,news_page_3.json,news_page_3.json,json,json,abcnews.com,unknown,"The suspect, a former student, fired multiple rounds, striking the principal in the leg.",,
56,Café Culture Trends,culture,excel,le monde,2026-03-22,2026.0,6.0,14.0,19,19,60.89,1217.8,Café Culture Trends,No content available.,,,news_data.xlsx,culture,excel,le monde,unknown,Café Culture Trends,2026-03-22,2026.0
53,AI Market Growth,business,excel,reuters,2026-03-21,2026.0,7.0,28.0,16,16,71.56,1216.52,AI Market Growth,No content available.,,,news_data.xlsx,business,excel,reuters,unknown,AI Market Growth,2026-03-21,2026.0
58,Žurnal Election Pulse,politics,excel,žurnal,2026-03-23,2026.0,5.0,21.0,21,21,51.26,1127.72,Žurnal Election Pulse,No content available.,,,news_data.xlsx,politics,excel,žurnal,unknown,Žurnal Election Pulse,2026-03-23,2026.0
59,Streaming Rights Watch,business,excel,financial times,2026-03-24,2026.0,4.0,26.0,22,22,41.52,954.96,Streaming Rights Watch,No content available.,,,news_data.xlsx,business,excel,financial times,unknown,Streaming Rights Watch,2026-03-24,2026.0
13,NZ Dairy Industry Awards 2026: Olivia Sutton and Craig Dobbe win Auckland Hauraki share farmer title,news_api,news_api,new zealand herald,,,0.76,76.0,76,100,12.16,936.32,NZ Dairy Industry Awards 2026: Olivia Sutton and Craig Dobbe win Auckland Hauraki share farmer title,The 2026 Auckland/Hauraki Dairy Industry Awards winners have been announced.,https://www.nzherald.co.nz/the-country/news/nz-dairy-industry-awards-2026-olivia-sutton-and-craig-dobbe-win-auckland-hauraki-share-farmer-title/Q55XWWVJL5DP7OSSYBLHYNAG5U/,,,news_api,news_api,new zealand herald,unknown,The 2026 Auckland/Hauraki Dairy Industry Awards winners have been announced.,,
445,Readers Write: Chatbots Are Repeating a Familiar Healthcare Mistake,json,json,histalk2.com,,,0.76,76.0,76,67,12.16,936.32,Readers Write: Chatbots Are Repeating a Familiar Healthcare Mistake,Chatbots Are Repeating a Familiar Healthcare MistakeBy Robin Monks Robin ...,https://histalk2.com/2026/04/08/readers-write-chatbots-are-repeating-a-familiar-healthcare-mistake/,news_page_3.json,news_page_3.json,json,json,histalk2.com,unknown,Chatbots Are Repeating a Familiar Healthcare MistakeBy Robin Monks Robin ...,,
54,Sports Highlights,sports,excel,cnn,2026-03-21,2026.0,5.0,19.0,17,17,51.12,920.16,Sports Highlights,No content available.,,,news_data.xlsx,sports,excel,cnn,unknown,Sports Highlights,2026-03-21,2026.0
139,"Newsom Signs Executive Order Requiring AI Companies to Provide Safety, Privacy Guardrails",json,json,cnet,,,0.73,73.0,73,89,11.68,864.32,"Newsom Signs Executive Order Requiring AI Companies to Provide Safety, Privacy Guardrails",California's governor says order aims to prevent misuse of AI technology.,https://www.cnet.com/tech/newsom-signs-executive-order-requiring-ai-companies-to-provide-safety-privacy-guardrails/,news_page_1.json,news_page_1.json,json,json,cnet,unknown,California's governor says order aims to prevent misuse of AI technology.,,
117,Untitled record,word_run,word_run,unknown,,,0.7,70.0,70,15,11.2,795.2,Untitled record,No content available.,,data/raw/word/news_normal.docx,news_normal.docx,word_run,word_run,unknown,unknown,"Normal layout · includes text, tables with/without borders, and images",,
157,Untitled record,word_run,word_run,unknown,,,0.7,70.0,70,15,11.2,795.2,Untitled record,No content available.,,data/raw/word/news_normal.docx,news_normal.docx,word_run,word_run,unknown,unknown,"Normal layout · includes text, tables with/without borders, and images",,
198,Untitled record,word_run,word_run,unknown,,,0.7,70.0,70,15,11.2,795.2,Untitled record,No content available.,,data/raw/word/news_normal.docx,news_normal.docx,word_run,word_run,unknown,unknown,"Normal layout · includes text, tables with/without borders, and images",,
454,Untitled record,word_run,word_run,unknown,,,0.7,70.0,70,15,11.2,795.2,Untitled record,No content available.,,data/raw/word/news_normal.docx,news_normal.docx,word_run,word_run,unknown,unknown,"Normal layout · includes text, tables with/without borders, and images",,
710,Untitled record,word_run,word_run,unknown,,,0.7,70.0,70,15,11.2,795.2,Untitled record,No content available.,,data/raw/word/news_normal.docx,news_normal.docx,word_run,word_run,unknown,unknown,"Normal layout · includes text, tables with/without borders, and images",,
966,Untitled record,word_run,word_run,unknown,,,0.7,70.0,70,15,11.2,795.2,Untitled record,No content available.,,data/raw/word/news_normal.docx,news_normal.docx,word_run,word_run,unknown,unknown,"Normal layout · includes text, tables with/without borders, and images",,
1222,Untitled record,word_run,word_run,unknown,,,0.7,70.0,70,15,11.2,795.2,Untitled record,No content available.,,data/raw/word/news_normal.docx,news_normal.docx,word_run,word_run,unknown,unknown,"Normal layout · includes text, tables with/without borders, and images",,
437,SoftServe Launches New Brand Identity: ‘Technology Elevated’,json,json,globenewswire,,,0.67,67.0,67,60,10.72,728.96,SoftServe Launches New Brand Identity: ‘Technology Elevated’,"SoftServe launched a new brand identity, ""Technology Elevated."" ...",https://www.globenewswire.com/news-release/2026/04/08/3270342/0/en/SoftServe-Launches-New-Brand-Identity-Technology-Elevated.html,news_page_2.json,news_page_2.json,json,json,globenewswire,unknown,"SoftServe launched a new brand identity, ""Technology Elevated."" ...",,
52,Election Update,politics,excel,bbc,2026-03-20,2026.0,4.0,34.0,15,15,41.85,669.6,Election Update,No content available.,,,news_data.xlsx,politics,excel,bbc,unknown,Election Update,2026-03-20,2026.0
55,Climate Policy Shift,politics,excel,ap,2026-03-22,2026.0,3.0,23.0,20,20,31.35,658.35,Climate Policy Shift,No content available.,,,news_data.xlsx,politics,excel,ap,unknown,Climate Policy Shift,2026-03-22,2026.0
116,Untitled record,word_run,word_run,unknown,,,0.5,50.0,50,15,8.0,408.0,Untitled record,No content available.,,data/raw/word/news_normal.docx,news_normal.docx,word_run,word_run,unknown,unknown,News Media Monitoring Pipeline — Extraction Sample,,
156,Untitled record,word_run,word_run,unknown,,,0.5,50.0,50,15,8.0,408.0,Untitled record,No content available.,,data/raw/word/news_normal.docx,news_normal.docx,word_run,word_run,unknown,unknown,News Media Monitoring Pipeline — Extraction Sample,,
197,Untitled record,word_run,word_run,unknown,,,0.5,50.0,50,15,8.0,408.0,Untitled record,No content available.,,data/raw/word/news_normal.docx,news_normal.docx,word_run,word_run,unknown,unknown,News Media Monitoring Pipeline — Extraction Sample,,
453,Untitled record,word_run,word_run,unknown,,,0.5,50.0,50,15,8.0,408.0,Untitled record,No content available.,,data/raw/word/news_normal.docx,news_normal.docx,word_run,word_run,unknown,unknown,News Media Monitoring Pipeline — Extraction Sample,,
709,Untitled record,word_run,word_run,unknown,,,0.5,50.0,50,15,8.0,408.0,Untitled record,No content available.,,data/raw/word/news_normal.docx,news_normal.docx,word_run,word_run,unknown,unknown,News Media Monitoring Pipeline — Extraction Sample,,
965,Untitled record,word_run,word_run,unknown,,,0.5,50.0,50,15,8.0,408.0,Untitled record,No content available.,,data/raw/word/news_normal.docx,news_normal.docx,word_run,word_run,unknown,unknown,News Media Monitoring Pipeline — Extraction Sample,,
1221,Untitled record,word_run,word_run,unknown,,,0.5,50.0,50,15,8.0,408.0,Untitled record,No content available.,,data/raw/word/news_normal.docx,news_normal.docx,word_run,word_run,unknown,unknown,News Media Monitoring Pipeline — Extraction Sample,,
61,Inflation Briefing,business,excel,al jazeera,2026-03-25,2026.0,2.0,22.0,18,18,21.28,404.32,Inflation Briefing,No content available.,,,news_data.xlsx,business,excel,al jazeera,unknown,Inflation Briefing,2026-03-25,2026.0
122,Untitled record,word_run,word_run,unknown,,,0.49,49.0,49,15,7.84,392.0,Untitled record,No content available.,,data/raw/word/news_normal.docx,news_normal.docx,word_run,word_run,unknown,unknown,Table without borders — trending keyword snapshot,,
162,Untitled record,word_run,word_run,unknown,,,0.49,49.0,49,15,7.84,392.0,Untitled record,No content available.,,data/raw/word/news_normal.docx,news_normal.docx,word_run,word_run,unknown,unknown,Table without borders — trending keyword snapshot,,
203,Untitled record,word_run,word_run,unknown,,,0.49,49.0,49,15,7.84,392.0,Untitled record,No content available.,,data/raw/word/news_normal.docx,news_normal.docx,word_run,word_run,unknown,unknown,Table without borders — trending keyword snapshot,,
363,The Fantastic Flying Books of Mr. Morris Lessmore,scraped_json_api,scraped_json_api,unknown,,,0.49,49.0,49,49,7.84,392.0,The Fantastic Flying Books of Mr. Morris Lessmore,No content available.,,https://www.scrapethissite.com/pages/ajax-javascript/?ajax=true&year=2011,ajax_movies_api_results.json,scraped_json_api,scraped_json_api,unknown,unknown,The Fantastic Flying Books of Mr. Morris Lessmore,,
459,Untitled record,word_run,word_run,unknown,,,0.49,49.0,49,15,7.84,392.0,Untitled record,No content available.,,data/raw/word/news_normal.docx,news_normal.docx,word_run,word_run,unknown,unknown,Table without borders — trending keyword snapshot,,
619,The Fantastic Flying Books of Mr. Morris Lessmore,scraped_json_api,scraped_json_api,unknown,,,0.49,49.0,49,49,7.84,392.0,The Fantastic Flying Books of Mr. Morris Lessmore,No content available.,,https://www.scrapethissite.com/pages/ajax-javascript/?ajax=true&year=2011,ajax_movies_api_results.json,scraped_json_api,scraped_json_api,unknown,unknown,The Fantastic Flying Books of Mr. Morris Lessmore,,
715,Untitled record,word_run,word_run,unknown,,,0.49,49.0,49,15,7.84,392.0,Untitled record,No content available.,,data/raw/word/news_normal.docx,news_normal.docx,word_run,word_run,unknown,unknown,Table without borders — trending keyword snapshot,,
875,The Fantastic Flying Books of Mr. Morris Lessmore,scraped_json_api,scraped_json_api,unknown,,,0.49,49.0,49,49,7.84,392.0,The Fantastic Flying Books of Mr. Morris Lessmore,No content available.,,https://www.scrapethissite.com/pages/ajax-javascript/?ajax=true&year=2011,ajax_movies_api_results.json,scraped_json_api,scraped_json_api,unknown,unknown,The Fantastic Flying Books of Mr. Morris Lessmore,,
971,Untitled record,word_run,word_run,unknown,,,0.49,49.0,49,15,7.84,392.0,Untitled record,No content available.,,data/raw/word/news_normal.docx,news_normal.docx,word_run,word_run,unknown,unknown,Table without borders — trending keyword snapshot,,
1131,The Fantastic Flying Books of Mr. Morris Lessmore,scraped_json_api,scraped_json_api,unknown,,,0.49,49.0,49,49,7.84,392.0,The Fantastic Flying Books of Mr. Morris Lessmore,No content available.,,https://www.scrapethissite.com/pages/ajax-javascript/?ajax=true&year=2011,ajax_movies_api_results.json,scraped_json_api,scraped_json_api,unknown,unknown,The Fantastic Flying Books of Mr. Morris Lessmore,,
1227,Untitled record,word_run,word_run,unknown,,,0.49,49.0,49,15,7.84,392.0,Untitled record,No content available.,,data/raw/word/news_normal.docx,news_normal.docx,word_run,word_run,unknown,unknown,Table without borders — trending keyword snapshot,,
1387,The Fantastic Flying Books of Mr. Morris Lessmore,scraped_json_api,scraped_json_api,unknown,,,0.49,49.0,49,49,7.84,392.0,The Fantastic Flying Books of Mr. Morris Lessmore,No content available.,,https://www.scrapethissite.com/pages/ajax-javascript/?ajax=true&year=2011,ajax_movies_api_results.json,scraped_json_api,scraped_json_api,unknown,unknown,The Fantastic Flying Books of Mr. Morris Lessmore,,
425,A Girl in the River: The Price of Forgiveness,scraped_json_api,scraped_json_api,unknown,,,0.47,47.0,47,47,7.52,360.96,A Girl in the River: The Price of Forgiveness,No content available.,,https://www.scrapethissite.com/pages/ajax-javascript/?ajax=true&year=2015,ajax_movies_api_results.json,scraped_json_api,scraped_json_api,unknown,unknown,A Girl in the River: The Price of Forgiveness,,
681,A Girl in the River: The Price of Forgiveness,scraped_json_api,scraped_json_api,unknown,,,0.47,47.0,47,47,7.52,360.96,A Girl in the River: The Price of Forgiveness,No content available.,,https://www.scrapethissite.com/pages/ajax-javascript/?ajax=true&year=2015,ajax_movies_api_results.json,scraped_json_api,scraped_json_api,unknown,unknown,A Girl in the River: The Price of Forgiveness,,
937,A Girl in the River: The Price of Forgiveness,scraped_json_api,scraped_json_api,unknown,,,0.47,47.0,47,47,7.52,360.96,A Girl in the River: The Price of Forgiveness,No content available.,,https://www.scrapethissite.com/pages/ajax-javascript/?ajax=true&year=2015,ajax_movies_api_results.json,scraped_json_api,scraped_json_api,unknown,unknown,A Girl in the River: The Price of Forgiveness,,
1193,A Girl in the River: The Price of Forgiveness,scraped_json_api,scraped_json_api,unknown,,,0.47,47.0,47,47,7.52,360.96,A Girl in the River: The Price of Forgiveness,No content available.,,https://www.scrapethissite.com/pages/ajax-javascript/?ajax=true&year=2015,ajax_movies_api_results.json,scraped_json_api,scraped_json_api,unknown,unknown,A Girl in the River: The Price of Forgiveness,,
1449,A Girl in the River: The Price of Forgiveness,scraped_json_api,scraped_json_api,unknown,,,0.47,47.0,47,47,7.52,360.96,A Girl in the River: The Price of Forgiveness,No content available.,,https://www.scrapethissite.com/pages/ajax-javascript/?ajax=true&year=2015,ajax_movies_api_results.json,scraped_json_api,scraped_json_api,unknown,unknown,A Girl in the River: The Price of Forgiveness,,
121,Untitled record,word_run,word_run,unknown,,,0.43,43.0,43,15,6.88,302.72,Untitled record,No content available.,,data/raw/word/news_normal.docx,news_normal.docx,word_run,word_run,unknown,unknown,Table with borders — sample source coverage,,
161,Untitled record,word_run,word_run,unknown,,,0.43,43.0,43,15,6.88,302.72,Untitled record,No content available.,,data/raw/word/news_normal.docx,news_normal.docx,word_run,word_run,unknown,unknown,Table with borders — sample source coverage,,
202,Untitled record,word_run,word_run,unknown,,,0.43,43.0,43,15,6.88,302.72,Untitled record,No content available.,,data/raw/word/news_normal.docx,news_normal.docx,word_run,word_run,unknown,unknown,Table with borders — sample source coverage,,
458,Untitled record,word_run,word_run,unknown,,,0.43,43.0,43,15,6.88,302.72,Untitled record,No content available.,,data/raw/word/news_normal.docx,news_normal.docx,word_run,word_run,unknown,unknown,Table with borders — sample source coverage,,
714,Untitled record,word_run,word_run,unknown,,,0.43,43.0,43,15,6.88,302.72,Untitled record,No content available.,,data/raw/word/news_normal.docx,news_normal.docx,word_run,word_run,unknown,unknown,Table with borders — sample source coverage,,
970,Untitled record,word_run,word_run,unknown,,,0.43,43.0,43,15,6.88,302.72,Untitled record,No content available.,,data/raw/word/news_normal.docx,news_normal.docx,word_run,word_run,unknown,unknown,Table with borders — sample source coverage,,
1226,Untitled record,word_run,word_run,unknown,,,0.43,43.0,43,15,6.88,302.72,Untitled record,No content available.,,data/raw/word/news_normal.docx,news_normal.docx,word_run,word_run,unknown,unknown,Table with borders — sample source coverage,,
393,The Lady in Number 6: Music Saved My Life,scraped_json_api,scraped_json_api,unknown,,,0.41,41.0,41,41,6.56,275.52,The Lady in Number 6: Music Saved My Life,No content available.,,https://www.scrapethissite.com/pages/ajax-javascript/?ajax=true&year=2013,ajax_movies_api_results.json,scraped_json_api,scraped_json_api,unknown,unknown,The Lady in Number 6: Music Saved My Life,,
649,The Lady in Number 6: Music Saved My Life,scraped_json_api,scraped_json_api,unknown,,,0.41,41.0,41,41,6.56,275.52,The Lady in Number 6: Music Saved My Life,No content available.,,https://www.scrapethissite.com/pages/ajax-javascript/?ajax=true&year=2013,ajax_movies_api_results.json,scraped_json_api,scraped_json_api,unknown,unknown,The Lady in Number 6: Music Saved My Life,,
905,The Lady in Number 6: Music Saved My Life,scraped_json_api,scraped_json_api,unknown,,,0.41,41.0,41,41,6.56,275.52,The Lady in Number 6: Music Saved My Life,No content available.,,https://www.scrapethissite.com/pages/ajax-javascript/?ajax=true&year=2013,ajax_movies_api_results.json,scraped_json_api,scraped_json_api,unknown,unknown,The Lady in Number 6: Music Saved My Life,,
1161,The Lady in Number 6: Music Saved My Life,scraped_json_api,scraped_json_api,unknown,,,0.41,41.0,41,41,6.56,275.52,The Lady in Number 6: Music Saved My Life,No content available.,,https://www.scrapethissite.com/pages/ajax-javascript/?ajax=true&year=2013,ajax_movies_api_results.json,scraped_json_api,scraped_json_api,unknown,unknown,The Lady in Number 6: Music Saved My Life,,
1417,The Lady in Number 6: Music Saved My Life,scraped_json_api,scraped_json_api,unknown,,,0.41,41.0,41,41,6.56,275.52,The Lady in Number 6: Music Saved My Life,No content available.,,https://www.scrapethissite.com/pages/ajax-javascript/?ajax=true&year=2013,ajax_movies_api_results.json,scraped_json_api,scraped_json_api,unknown,unknown,The Lady in Number 6: Music Saved My Life,,
189,"Student Asked His Tech Savvy Friend To Permanently Disable A School Chromebook Before Teachers Could Inspect It, So The Friend Used The Opportunity To Settle An Old Score And Fried The Laptop Completely",json,json,twistedsifter.com,,,0.36,36.0,36,202,5.76,213.12,"Student Asked His Tech Savvy Friend To Permanently Disable A School Chromebook Before Teachers Could Inspect It, So The Friend Used The Opportunity To Settle An Old Score And Fried The Laptop Completely",Revenge is a dish best served fried.,http://twistedsifter.com/2026/04/student-asked-his-tech-savvy-friend-to-permanently-disable-a-school-chromebook-before-teachers-could-inspect-it-so-the-friend-used-the-opportunity-to-settle-an-old-score-and-fried-the-laptop-complete/,news_page_3.json,news_page_3.json,json,json,twistedsifter.com,unknown,Revenge is a dish best served fried.,,
409,Crisis Hotline: Veterans Press 1,scraped_json_api,scraped_json_api,unknown,,,0.32,32.0,32,32,5.12,168.96,Crisis Hotline: Veterans Press 1,No content available.,,https://www.scrapethissite.com/pages/ajax-javascript/?ajax=true&year=2014,ajax_movies_api_results.json,scraped_json_api,scraped_json_api,unknown,unknown,Crisis Hotline: Veterans Press 1,,
665,Crisis Hotline: Veterans Press 1,scraped_json_api,scraped_json_api,unknown,,,0.32,32.0,32,32,5.12,168.96,Crisis Hotline: Veterans Press 1,No content available.,,https://www.scrapethissite.com/pages/ajax-javascript/?ajax=true&year=2014,ajax_movies_api_results.json,scraped_json_api,scraped_json_api,unknown,unknown,Crisis Hotline: Veterans Press 1,,
921,Crisis Hotline: Veterans Press 1,scraped_json_api,scraped_json_api,unknown,,,0.32,32.0,32,32,5.12,168.96,Crisis Hotline: Veterans Press 1,No content available.,,https://www.scrapethissite.com/pages/ajax-javascript/?ajax=true&year=2014,ajax_movies_api_results.json,scraped_json_api,scraped_json_api,unknown,unknown,Crisis Hotline: Veterans Press 1,,
1177,Crisis Hotline: Veterans Press 1,scraped_json_api,scraped_json_api,unknown,,,0.32,32.0,32,32,5.12,168.96,Crisis Hotline: Veterans Press 1,No content available.,,https://www.scrapethissite.com/pages/ajax-javascript/?ajax=true&year=2014,ajax_movies_api_results.json,scraped_json_api,scraped_json_api,unknown,unknown,Crisis Hotline: Veterans Press 1,,
1433,Crisis Hotline: Veterans Press 1,scraped_json_api,scraped_json_api,unknown,,,0.32,32.0,32,32,5.12,168.96,Crisis Hotline: Veterans Press 1,No content available.,,https://www.scrapethissite.com/pages/ajax-javascript/?ajax=true&year=2014,ajax_movies_api_results.json,scraped_json_api,scraped_json_api,unknown,unknown,Crisis Hotline: Veterans Press 1,,
359,The Girl with the Dragon Tattoo,scraped_json_api,scraped_json_api,unknown,,,0.31,31.0,31,31,4.96,158.72,The Girl with the Dragon Tattoo,No content available.,,https://www.scrapethissite.com/pages/ajax-javascript/?ajax=true&year=2011,ajax_movies_api_results.json,scraped_json_api,scraped_json_api,unknown,unknown,The Girl with the Dragon Tattoo,,
615,The Girl with the Dragon Tattoo,scraped_json_api,scraped_json_api,unknown,,,0.31,31.0,31,31,4.96,158.72,The Girl with the Dragon Tattoo,No content available.,,https://www.scrapethissite.com/pages/ajax-javascript/?ajax=true&year=2011,ajax_movies_api_results.json,scraped_json_api,scraped_json_api,unknown,unknown,The Girl with the Dragon Tattoo,,
871,The Girl with the Dragon Tattoo,scraped_json_api,scraped_json_api,unknown,,,0.31,31.0,31,31,4.96,158.72,The Girl with the Dragon Tattoo,No content available.,,https://www.scrapethissite.com/pages/ajax-javascript/?ajax=true&year=2011,ajax_movies_api_results.json,scraped_json_api,scraped_json_api,unknown,unknown,The Girl with the Dragon Tattoo,,
1127,The Girl with the Dragon Tattoo,scraped_json_api,scraped_json_api,unknown,,,0.31,31.0,31,31,4.96,158.72,The Girl with the Dragon Tattoo,No content available.,,https://www.scrapethissite.com/pages/ajax-javascript/?ajax=true&year=2011,ajax_movies_api_results.json,scraped_json_api,scraped_json_api,unknown,unknown,The Girl with the Dragon Tattoo,,
1383,The Girl with the Dragon Tattoo,scraped_json_api,scraped_json_api,unknown,,,0.31,31.0,31,31,4.96,158.72,The Girl with the Dragon Tattoo,No content available.,,https://www.scrapethissite.com/pages/ajax-javascript/?ajax=true&year=2011,ajax_movies_api_results.json,scraped_json_api,scraped_json_api,unknown,unknown,The Girl with the Dragon Tattoo,,
398,The Grand Budapest Hotel,scraped_json_api,scraped_json_api,unknown,,,0.24,24.0,24,24,3.84,96.0,The Grand Budapest Hotel,No content available.,,https://www.scrapethissite.com/pages/ajax-javascript/?ajax=true&year=2014,ajax_movies_api_results.json,scraped_json_api,scraped_json_api,unknown,unknown,The Grand Budapest Hotel,,
404,The Theory of Everything,scraped_json_api,scraped_json_api,unknown,,,0.24,24.0,24,24,3.84,96.0,The Theory of Everything,No content available.,,https://www.scrapethissite.com/pages/ajax-javascript/?ajax=true&year=2014,ajax_movies_api_results.json,scraped_json_api,scraped_json_api,unknown,unknown,The Theory of Everything,,
654,The Grand Budapest Hotel,scraped_json_api,scraped_json_api,unknown,,,0.24,24.0,24,24,3.84,96.0,The Grand Budapest Hotel,No content available.,,https://www.scrapethissite.com/pages/ajax-javascript/?ajax=true&year=2014,ajax_movies_api_results.json,scraped_json_api,scraped_json_api,unknown,unknown,The Grand Budapest Hotel,,
660,The Theory of Everything,scraped_json_api,scraped_json_api,unknown,,,0.24,24.0,24,24,3.84,96.0,The Theory of Everything,No content available.,,https://www.scrapethissite.com/pages/ajax-javascript/?ajax=true&year=2014,ajax_movies_api_results.json,scraped_json_api,scraped_json_api,unknown,unknown,The Theory of Everything,,
910,The Grand Budapest Hotel,scraped_json_api,scraped_json_api,unknown,,,0.24,24.0,24,24,3.84,96.0,The Grand Budapest Hotel,No content available.,,https://www.scrapethissite.com/pages/ajax-javascript/?ajax=true&year=2014,ajax_movies_api_results.json,scraped_json_api,scraped_json_api,unknown,unknown,The Grand Budapest Hotel,,
916,The Theory of Everything,scraped_json_api,scraped_json_api,unknown,,,0.24,24.0,24,24,3.84,96.0,The Theory of Everything,No content available.,,https://www.scrapethissite.com/pages/ajax-javascript/?ajax=true&year=2014,ajax_movies_api_results.json,scraped_json_api,scraped_json_api,unknown,unknown,The Theory of Everything,,
1166,The Grand Budapest Hotel,scraped_json_api,scraped_json_api,unknown,,,0.24,24.0,24,24,3.84,96.0,The Grand Budapest Hotel,No content available.,,https://www.scrapethissite.com/pages/ajax-javascript/?ajax=true&year=2014,ajax_movies_api_results.json,scraped_json_api,scraped_json_api,unknown,unknown,The Grand Budapest Hotel,,
1172,The Theory of Everything,scraped_json_api,scraped_json_api,unknown,,,0.24,24.0,24,24,3.84,96.0,The Theory of Everything,No content available.,,https://www.scrapethissite.com/pages/ajax-javascript/?ajax=true&year=2014,ajax_movies_api_results.json,scraped_json_api,scraped_json_api,unknown,unknown,The Theory of Everything,,
1422,The Grand Budapest Hotel,scraped_json_api,scraped_json_api,unknown,,,0.24,24.0,24,24,3.84,96.0,The Grand Budapest Hotel,No content available.,,https://www.scrapethissite.com/pages/ajax-javascript/?ajax=true&year=2014,ajax_movies_api_results.json,scraped_json_api,scraped_json_api,unknown,unknown,The Grand Budapest Hotel,,
1428,The Theory of Everything,scraped_json_api,scraped_json_api,unknown,,,0.24,24.0,24,24,3.84,96.0,The Theory of Everything,No content available.,,https://www.scrapethissite.com/pages/ajax-javascript/?ajax=true&year=2014,ajax_movies_api_results.json,scraped_json_api,scraped_json_api,unknown,unknown,The Theory of Everything,,
376,Silver Linings Playbook,scraped_json_api,scraped_json_api,unknown,,,0.23,23.0,23,23,3.68,88.32,Silver Linings Playbook,No content available.,,https://www.scrapethissite.com/pages/ajax-javascript/?ajax=true&year=2012,ajax_movies_api_results.json,scraped_json_api,scraped_json_api,unknown,unknown,Silver Linings Playbook,,
382,Searching for Sugar Man,scraped_json_api,scraped_json_api,unknown,,,0.23,23.0,23,23,3.68,88.32,Searching for Sugar Man,No content available.,,https://www.scrapethissite.com/pages/ajax-javascript/?ajax=true&year=2012,ajax_movies_api_results.json,scraped_json_api,scraped_json_api,unknown,unknown,Searching for Sugar Man,,
632,Silver Linings Playbook,scraped_json_api,scraped_json_api,unknown,,,0.23,23.0,23,23,3.68,88.32,Silver Linings Playbook,No content available.,,https://www.scrapethissite.com/pages/ajax-javascript/?ajax=true&year=2012,ajax_movies_api_results.json,scraped_json_api,scraped_json_api,unknown,unknown,Silver Linings Playbook,,
638,Searching for Sugar Man,scraped_json_api,scraped_json_api,unknown,,,0.23,23.0,23,23,3.68,88.32,Searching for Sugar Man,No content available.,,https://www.scrapethissite.com/pages/ajax-javascript/?ajax=true&year=2012,ajax_movies_api_results.json,scraped_json_api,scraped_json_api,unknown,unknown,Searching for Sugar Man,,
888,Silver Linings Playbook,scraped_json_api,scraped_json_api,unknown,,,0.23,23.0,23,23,3.68,88.32,Silver Linings Playbook,No content available.,,https://www.scrapethissite.com/pages/ajax-javascript/?ajax=true&year=2012,ajax_movies_api_results.json,scraped_json_api,scraped_json_api,unknown,unknown,Silver Linings Playbook,,
894,Searching for Sugar Man,scraped_json_api,scraped_json_api,unknown,,,0.23,23.0,23,23,3.68,88.32,Searching for Sugar Man,No content available.,,https://www.scrapethissite.com/pages/ajax-javascript/?ajax=true&year=2012,ajax_movies_api_results.json,scraped_json_api,scraped_json_api,unknown,unknown,Searching for Sugar Man,,
1144,Silver Linings Playbook,scraped_json_api,scraped_json_api,unknown,,,0.23,23.0,23,23,3.68,88.32,Silver Linings Playbook,No content available.,,https://www.scrapethissite.com/pages/ajax-javascript/?ajax=true&year=2012,ajax_movies_api_results.json,scraped_json_api,scraped_json_api,unknown,unknown,Silver Linings Playbook,,
1150,Searching for Sugar Man,scraped_json_api,scraped_json_api,unknown,,,0.23,23.0,23,23,3.68,88.32,Searching for Sugar Man,No content available.,,https://www.scrapethissite.com/pages/ajax-javascript/?ajax=true&year=2012,ajax_movies_api_results.json,scraped_json_api,scraped_json_api,unknown,unknown,Searching for Sugar Man,,
1400,Silver Linings Playbook,scraped_json_api,scraped_json_api,unknown,,,0.23,23.0,23,23,3.68,88.32,Silver Linings Playbook,No content available.,,https://www.scrapethissite.com/pages/ajax-javascript/?ajax=true&year=2012,ajax_movies_api_results.json,scraped_json_api,scraped_json_api,unknown,unknown,Silver Linings Playbook,,
1406,Searching for Sugar Man,scraped_json_api,scraped_json_api,unknown,,,0.23,23.0,23,23,3.68,88.32,Searching for Sugar Man,No content available.,,https://www.scrapethissite.com/pages/ajax-javascript/?ajax=true&year=2012,ajax_movies_api_results.json,scraped_json_api,scraped_json_api,unknown,unknown,Searching for Sugar Man,,
396,20 Feet from Stardom,scraped_json_api,scraped_json_api,unknown,,,0.2,20.0,20,20,3.2,67.2,20 Feet from Stardom,No content available.,,https://www.scrapethissite.com/pages/ajax-javascript/?ajax=true&year=2013,ajax_movies_api_results.json,scraped_json_api,scraped_json_api,unknown,unknown,20 Feet from Stardom,,
652,20 Feet from Stardom,scraped_json_api,scraped_json_api,unknown,,,0.2,20.0,20,20,3.2,67.2,20 Feet from Stardom,No content available.,,https://www.scrapethissite.com/pages/ajax-javascript/?ajax=true&year=2013,ajax_movies_api_results.json,scraped_json_api,scraped_json_api,unknown,unknown,20 Feet from Stardom,,
908,20 Feet from Stardom,scraped_json_api,scraped_json_api,unknown,,,0.2,20.0,20,20,3.2,67.2,20 Feet from Stardom,No content available.,,https://www.scrapethissite.com/pages/ajax-javascript/?ajax=true&year=2013,ajax_movies_api_results.json,scraped_json_api,scraped_json_api,unknown,unknown,20 Feet from Stardom,,
1164,20 Feet from Stardom,scraped_json_api,scraped_json_api,unknown,,,0.2,20.0,20,20,3.2,67.2,20 Feet from Stardom,No content available.,,https://www.scrapethissite.com/pages/ajax-javascript/?ajax=true&year=2013,ajax_movies_api_results.json,scraped_json_api,scraped_json_api,unknown,unknown,20 Feet from Stardom,,
1420,20 Feet from Stardom,scraped_json_api,scraped_json_api,unknown,,,0.2,20.0,20,20,3.2,67.2,20 Feet from Stardom,No content available.,,https://www.scrapethissite.com/pages/ajax-javascript/?ajax=true&year=2013,ajax_movies_api_results.json,scraped_json_api,scraped_json_api,unknown,unknown,20 Feet from Stardom,,
347,Alice in Wonderland,scraped_json_api,scraped_json_api,unknown,,,0.19,19.0,19,19,3.04,60.8,Alice in Wonderland,No content available.,,https://www.scrapethissite.com/pages/ajax-javascript/?ajax=true&year=2010,ajax_movies_api_results.json,scraped_json_api,scraped_json_api,unknown,unknown,Alice in Wonderland,,
414,Mad Max: Fury Road,scraped_json_api,scraped_json_api,unknown,,,0.19,19.0,19,19,3.04,60.8,Mad Max: Fury Road,No content available.,,https://www.scrapethissite.com/pages/ajax-javascript/?ajax=true&year=2015,ajax_movies_api_results.json,scraped_json_api,scraped_json_api,unknown,unknown,Mad Max: Fury Road,,
421,The Hateful Eight,scraped_json_api,scraped_json_api,unknown,,,0.19,19.0,19,19,3.04,60.8,The Hateful Eight,No content available.,,https://www.scrapethissite.com/pages/ajax-javascript/?ajax=true&year=2015,ajax_movies_api_results.json,scraped_json_api,scraped_json_api,unknown,unknown,The Hateful Eight,,
603,Alice in Wonderland,scraped_json_api,scraped_json_api,unknown,,,0.19,19.0,19,19,3.04,60.8,Alice in Wonderland,No content available.,,https://www.scrapethissite.com/pages/ajax-javascript/?ajax=true&year=2010,ajax_movies_api_results.json,scraped_json_api,scraped_json_api,unknown,unknown,Alice in Wonderland,,
670,Mad Max: Fury Road,scraped_json_api,scraped_json_api,unknown,,,0.19,19.0,19,19,3.04,60.8,Mad Max: Fury Road,No content available.,,https://www.scrapethissite.com/pages/ajax-javascript/?ajax=true&year=2015,ajax_movies_api_results.json,scraped_json_api,scraped_json_api,unknown,unknown,Mad Max: Fury Road,,
677,The Hateful Eight,scraped_json_api,scraped_json_api,unknown,,,0.19,19.0,19,19,3.04,60.8,The Hateful Eight,No content available.,,https://www.scrapethissite.com/pages/ajax-javascript/?ajax=true&year=2015,ajax_movies_api_results.json,scraped_json_api,scraped_json_api,unknown,unknown,The Hateful Eight,,
859,Alice in Wonderland,scraped_json_api,scraped_json_api,unknown,,,0.19,19.0,19,19,3.04,60.8,Alice in Wonderland,No content available.,,https://www.scrapethissite.com/pages/ajax-javascript/?ajax=true&year=2010,ajax_movies_api_results.json,scraped_json_api,scraped_json_api,unknown,unknown,Alice in Wonderland,,
926,Mad Max: Fury Road,scraped_json_api,scraped_json_api,unknown,,,0.19,19.0,19,19,3.04,60.8,Mad Max: Fury Road,No content available.,,https://www.scrapethissite.com/pages/ajax-javascript/?ajax=true&year=2015,ajax_movies_api_results.json,scraped_json_api,scraped_json_api,unknown,unknown,Mad Max: Fury Road,,
933,The Hateful Eight,scraped_json_api,scraped_json_api,unknown,,,0.19,19.0,19,19,3.04,60.8,The Hateful Eight,No content available.,,https://www.scrapethissite.com/pages/ajax-javascript/?ajax=true&year=2015,ajax_movies_api_results.json,scraped_json_api,scraped_json_api,unknown,unknown,The Hateful Eight,,
1115,Alice in Wonderland,scraped_json_api,scraped_json_api,unknown,,,0.19,19.0,19,19,3.04,60.8,Alice in Wonderland,No content available.,,https://www.scrapethissite.com/pages/ajax-javascript/?ajax=true&year=2010,ajax_movies_api_results.json,scraped_json_api,scraped_json_api,unknown,unknown,Alice in Wonderland,,
1182,Mad Max: Fury Road,scraped_json_api,scraped_json_api,unknown,,,0.19,19.0,19,19,3.04,60.8,Mad Max: Fury Road,No content available.,,https://www.scrapethissite.com/pages/ajax-javascript/?ajax=true&year=2015,ajax_movies_api_results.json,scraped_json_api,scraped_json_api,unknown,unknown,Mad Max: Fury Road,,
1189,The Hateful Eight,scraped_json_api,scraped_json_api,unknown,,,0.19,19.0,19,19,3.04,60.8,The Hateful Eight,No content available.,,https://www.scrapethissite.com/pages/ajax-javascript/?ajax=true&year=2015,ajax_movies_api_results.json,scraped_json_api,scraped_json_api,unknown,unknown,The Hateful Eight,,
1371,Alice in Wonderland,scraped_json_api,scraped_json_api,unknown,,,0.19,19.0,19,19,3.04,60.8,Alice in Wonderland,No content available.,,https://www.scrapethissite.com/pages/ajax-javascript/?ajax=true&year=2010,ajax_movies_api_results.json,scraped_json_api,scraped_json_api,unknown,unknown,Alice in Wonderland,,
1438,Mad Max: Fury Road,scraped_json_api,scraped_json_api,unknown,,,0.19,19.0,19,19,3.04,60.8,Mad Max: Fury Road,No content available.,,https://www.scrapethissite.com/pages/ajax-javascript/?ajax=true&year=2015,ajax_movies_api_results.json,scraped_json_api,scraped_json_api,unknown,unknown,Mad Max: Fury Road,,
1445,The Hateful Eight,scraped_json_api,scraped_json_api,unknown,,,0.19,19.0,19,19,3.04,60.8,The Hateful Eight,No content available.,,https://www.scrapethissite.com/pages/ajax-javascript/?ajax=true&year=2015,ajax_movies_api_results.json,scraped_json_api,scraped_json_api,unknown,unknown,The Hateful Eight,,
344,The Social Network,scraped_json_api,scraped_json_api,unknown,,,0.18,18.0,18,18,2.88,54.72,The Social Network,No content available.,,https://www.scrapethissite.com/pages/ajax-javascript/?ajax=true&year=2010,ajax_movies_api_results.json,scraped_json_api,scraped_json_api,unknown,unknown,The Social Network,,
387,Dallas Buyers Club,scraped_json_api,scraped_json_api,unknown,,,0.18,18.0,18,18,2.88,54.72,Dallas Buyers Club,No content available.,,https://www.scrapethissite.com/pages/ajax-javascript/?ajax=true&year=2013,ajax_movies_api_results.json,scraped_json_api,scraped_json_api,unknown,unknown,Dallas Buyers Club,,
400,The Imitation Game,scraped_json_api,scraped_json_api,unknown,,,0.18,18.0,18,18,2.88,54.72,The Imitation Game,No content available.,,https://www.scrapethissite.com/pages/ajax-javascript/?ajax=true&year=2014,ajax_movies_api_results.json,scraped_json_api,scraped_json_api,unknown,unknown,The Imitation Game,,
600,The Social Network,scraped_json_api,scraped_json_api,unknown,,,0.18,18.0,18,18,2.88,54.72,The Social Network,No content available.,,https://www.scrapethissite.com/pages/ajax-javascript/?ajax=true&year=2010,ajax_movies_api_results.json,scraped_json_api,scraped_json_api,unknown,unknown,The Social Network,,
643,Dallas Buyers Club,scraped_json_api,scraped_json_api,unknown,,,0.18,18.0,18,18,2.88,54.72,Dallas Buyers Club,No content available.,,https://www.scrapethissite.com/pages/ajax-javascript/?ajax=true&year=2013,ajax_movies_api_results.json,scraped_json_api,scraped_json_api,unknown,unknown,Dallas Buyers Club,,
656,The Imitation Game,scraped_json_api,scraped_json_api,unknown,,,0.18,18.0,18,18,2.88,54.72,The Imitation Game,No content available.,,https://www.scrapethissite.com/pages/ajax-javascript/?ajax=true&year=2014,ajax_movies_api_results.json,scraped_json_api,scraped_json_api,unknown,unknown,The Imitation Game,,
856,The Social Network,scraped_json_api,scraped_json_api,unknown,,,0.18,18.0,18,18,2.88,54.72,The Social Network,No content available.,,https://www.scrapethissite.com/pages/ajax-javascript/?ajax=true&year=2010,ajax_movies_api_results.json,scraped_json_api,scraped_json_api,unknown,unknown,The Social Network,,
899,Dallas Buyers Club,scraped_json_api,scraped_json_api,unknown,,,0.18,18.0,18,18,2.88,54.72,Dallas Buyers Club,No content available.,,https://www.scrapethissite.com/pages/ajax-javascript/?ajax=true&year=2013,ajax_movies_api_results.json,scraped_json_api,scraped_json_api,unknown,unknown,Dallas Buyers Club,,
912,The Imitation Game,scraped_json_api,scraped_json_api,unknown,,,0.18,18.0,18,18,2.88,54.72,The Imitation Game,No content available.,,https://www.scrapethissite.com/pages/ajax-javascript/?ajax=true&year=2014,ajax_movies_api_results.json,scraped_json_api,scraped_json_api,unknown,unknown,The Imitation Game,,
1112,The Social Network,scraped_json_api,scraped_json_api,unknown,,,0.18,18.0,18,18,2.88,54.72,The Social Network,No content available.,,https://www.scrapethissite.com/pages/ajax-javascript/?ajax=true&year=2010,ajax_movies_api_results.json,scraped_json_api,scraped_json_api,unknown,unknown,The Social Network,,
1155,Dallas Buyers Club,scraped_json_api,scraped_json_api,unknown,,,0.18,18.0,18,18,2.88,54.72,Dallas Buyers Club,No content available.,,https://www.scrapethissite.com/pages/ajax-javascript/?ajax=true&year=2013,ajax_movies_api_results.json,scraped_json_api,scraped_json_api,unknown,unknown,Dallas Buyers Club,,
1168,The Imitation Game,scraped_json_api,scraped_json_api,unknown,,,0.18,18.0,18,18,2.88,54.72,The Imitation Game,No content available.,,https://www.scrapethissite.com/pages/ajax-javascript/?ajax=true&year=2014,ajax_movies_api_results.json,scraped_json_api,scraped_json_api,unknown,unknown,The Imitation Game,,
1368,The Social Network,scraped_json_api,scraped_json_api,unknown,,,0.18,18.0,18,18,2.88,54.72,The Social Network,No content available.,,https://www.scrapethissite.com/pages/ajax-javascript/?ajax=true&year=2010,ajax_movies_api_results.json,scraped_json_api,scraped_json_api,unknown,unknown,The Social Network,,
1411,Dallas Buyers Club,scraped_json_api,scraped_json_api,unknown,,,0.18,18.0,18,18,2.88,54.72,Dallas Buyers Club,No content available.,,https://www.scrapethissite.com/pages/ajax-javascript/?ajax=true&year=2013,ajax_movies_api_results.json,scraped_json_api,scraped_json_api,unknown,unknown,Dallas Buyers Club,,
1424,The Imitation Game,scraped_json_api,scraped_json_api,unknown,,,0.18,18.0,18,18,2.88,54.72,The Imitation Game,No content available.,,https://www.scrapethissite.com/pages/ajax-javascript/?ajax=true&year=2014,ajax_movies_api_results.json,scraped_json_api,scraped_json_api,unknown,unknown,The Imitation Game,,
342,The King's Speech,scraped_json_api,scraped_json_api,unknown,,,0.17,17.0,17,17,2.72,48.96,The King's Speech,No content available.,,https://www.scrapethissite.com/pages/ajax-javascript/?ajax=true&year=2010,ajax_movies_api_results.json,scraped_json_api,scraped_json_api,unknown,unknown,The King's Speech,,
349,In a Better World,scraped_json_api,scraped_json_api,unknown,,,0.17,17.0,17,17,2.72,48.96,In a Better World,No content available.,,https://www.scrapethissite.com/pages/ajax-javascript/?ajax=true&year=2010,ajax_movies_api_results.json,scraped_json_api,scraped_json_api,unknown,unknown,In a Better World,,
353,Strangers No More,scraped_json_api,scraped_json_api,unknown,,,0.17,17.0,17,17,2.72,48.96,Strangers No More,No content available.,,https://www.scrapethissite.com/pages/ajax-javascript/?ajax=true&year=2010,ajax_movies_api_results.json,scraped_json_api,scraped_json_api,unknown,unknown,Strangers No More,,
360,Midnight in Paris,scraped_json_api,scraped_json_api,unknown,,,0.17,17.0,17,17,2.72,48.96,Midnight in Paris,No content available.,,https://www.scrapethissite.com/pages/ajax-javascript/?ajax=true&year=2011,ajax_movies_api_results.json,scraped_json_api,scraped_json_api,unknown,unknown,Midnight in Paris,,
598,The King's Speech,scraped_json_api,scraped_json_api,unknown,,,0.17,17.0,17,17,2.72,48.96,The King's Speech,No content available.,,https://www.scrapethissite.com/pages/ajax-javascript/?ajax=true&year=2010,ajax_movies_api_results.json,scraped_json_api,scraped_json_api,unknown,unknown,The King's Speech,,
605,In a Better World,scraped_json_api,scraped_json_api,unknown,,,0.17,17.0,17,17,2.72,48.96,In a Better World,No content available.,,https://www.scrapethissite.com/pages/ajax-javascript/?ajax=true&year=2010,ajax_movies_api_results.json,scraped_json_api,scraped_json_api,unknown,unknown,In a Better World,,
609,Strangers No More,scraped_json_api,scraped_json_api,unknown,,,0.17,17.0,17,17,2.72,48.96,Strangers No More,No content available.,,https://www.scrapethissite.com/pages/ajax-javascript/?ajax=true&year=2010,ajax_movies_api_results.json,scraped_json_api,scraped_json_api,unknown,unknown,Strangers No More,,
616,Midnight in Paris,scraped_json_api,scraped_json_api,unknown,,,0.17,17.0,17,17,2.72,48.96,Midnight in Paris,No content available.,,https://www.scrapethissite.com/pages/ajax-javascript/?ajax=true&year=2011,ajax_movies_api_results.json,scraped_json_api,scraped_json_api,unknown,unknown,Midnight in Paris,,
854,The King's Speech,scraped_json_api,scraped_json_api,unknown,,,0.17,17.0,17,17,2.72,48.96,The King's Speech,No content available.,,https://www.scrapethissite.com/pages/ajax-javascript/?ajax=true&year=2010,ajax_movies_api_results.json,scraped_json_api,scraped_json_api,unknown,unknown,The King's Speech,,
861,In a Better World,scraped_json_api,scraped_json_api,unknown,,,0.17,17.0,17,17,2.72,48.96,In a Better World,No content available.,,https://www.scrapethissite.com/pages/ajax-javascript/?ajax=true&year=2010,ajax_movies_api_results.json,scraped_json_api,scraped_json_api,unknown,unknown,In a Better World,,
865,Strangers No More,scraped_json_api,scraped_json_api,unknown,,,0.17,17.0,17,17,2.72,48.96,Strangers No More,No content available.,,https://www.scrapethissite.com/pages/ajax-javascript/?ajax=true&year=2010,ajax_movies_api_results.json,scraped_json_api,scraped_json_api,unknown,unknown,Strangers No More,,
872,Midnight in Paris,scraped_json_api,scraped_json_api,unknown,,,0.17,17.0,17,17,2.72,48.96,Midnight in Paris,No content available.,,https://www.scrapethissite.com/pages/ajax-javascript/?ajax=true&year=2011,ajax_movies_api_results.json,scraped_json_api,scraped_json_api,unknown,unknown,Midnight in Paris,,
1110,The King's Speech,scraped_json_api,scraped_json_api,unknown,,,0.17,17.0,17,17,2.72,48.96,The King's Speech,No content available.,,https://www.scrapethissite.com/pages/ajax-javascript/?ajax=true&year=2010,ajax_movies_api_results.json,scraped_json_api,scraped_json_api,unknown,unknown,The King's Speech,,
1117,In a Better World,scraped_json_api,scraped_json_api,unknown,,,0.17,17.0,17,17,2.72,48.96,In a Better World,No content available.,,https://www.scrapethissite.com/pages/ajax-javascript/?ajax=true&year=2010,ajax_movies_api_results.json,scraped_json_api,scraped_json_api,unknown,unknown,In a Better World,,
1121,Strangers No More,scraped_json_api,scraped_json_api,unknown,,,0.17,17.0,17,17,2.72,48.96,Strangers No More,No content available.,,https://www.scrapethissite.com/pages/ajax-javascript/?ajax=true&year=2010,ajax_movies_api_results.json,scraped_json_api,scraped_json_api,unknown,unknown,Strangers No More,,
1128,Midnight in Paris,scraped_json_api,scraped_json_api,unknown,,,0.17,17.0,17,17,2.72,48.96,Midnight in Paris,No content available.,,https://www.scrapethissite.com/pages/ajax-javascript/?ajax=true&year=2011,ajax_movies_api_results.json,scraped_json_api,scraped_json_api,unknown,unknown,Midnight in Paris,,
1366,The King's Speech,scraped_json_api,scraped_json_api,unknown,,,0.17,17.0,17,17,2.72,48.96,The King's Speech,No content available.,,https://www.scrapethissite.com/pages/ajax-javascript/?ajax=true&year=2010,ajax_movies_api_results.json,scraped_json_api,scraped_json_api,unknown,unknown,The King's Speech,,
1373,In a Better World,scraped_json_api,scraped_json_api,unknown,,,0.17,17.0,17,17,2.72,48.96,In a Better World,No content available.,,https://www.scrapethissite.com/pages/ajax-javascript/?ajax=true&year=2010,ajax_movies_api_results.json,scraped_json_api,scraped_json_api,unknown,unknown,In a Better World,,
1377,Strangers No More,scraped_json_api,scraped_json_api,unknown,,,0.17,17.0,17,17,2.72,48.96,Strangers No More,No content available.,,https://www.scrapethissite.com/pages/ajax-javascript/?ajax=true&year=2010,ajax_movies_api_results.json,scraped_json_api,scraped_json_api,unknown,unknown,Strangers No More,,
1384,Midnight in Paris,scraped_json_api,scraped_json_api,unknown,,,0.17,17.0,17,17,2.72,48.96,Midnight in Paris,No content available.,,https://www.scrapethissite.com/pages/ajax-javascript/?ajax=true&year=2011,ajax_movies_api_results.json,scraped_json_api,scraped_json_api,unknown,unknown,Midnight in Paris,,
374,Django Unchained,scraped_json_api,scraped_json_api,unknown,,,0.16,16.0,16,16,2.56,43.52,Django Unchained,No content available.,,https://www.scrapethissite.com/pages/ajax-javascript/?ajax=true&year=2012,ajax_movies_api_results.json,scraped_json_api,scraped_json_api,unknown,unknown,Django Unchained,,
377,Zero Dark Thirty,scraped_json_api,scraped_json_api,unknown,,,0.16,16.0,16,16,2.56,43.52,Zero Dark Thirty,No content available.,,https://www.scrapethissite.com/pages/ajax-javascript/?ajax=true&year=2012,ajax_movies_api_results.json,scraped_json_api,scraped_json_api,unknown,unknown,Zero Dark Thirty,,
385,12 Years a Slave,scraped_json_api,scraped_json_api,unknown,,,0.16,16.0,16,16,2.56,43.52,12 Years a Slave,No content available.,,https://www.scrapethissite.com/pages/ajax-javascript/?ajax=true&year=2013,ajax_movies_api_results.json,scraped_json_api,scraped_json_api,unknown,unknown,12 Years a Slave,,
389,The Great Gatsby,scraped_json_api,scraped_json_api,unknown,,,0.16,16.0,16,16,2.56,43.52,The Great Gatsby,No content available.,,https://www.scrapethissite.com/pages/ajax-javascript/?ajax=true&year=2013,ajax_movies_api_results.json,scraped_json_api,scraped_json_api,unknown,unknown,The Great Gatsby,,
395,The Great Beauty,scraped_json_api,scraped_json_api,unknown,,,0.16,16.0,16,16,2.56,43.52,The Great Beauty,No content available.,,https://www.scrapethissite.com/pages/ajax-javascript/?ajax=true&year=2013,ajax_movies_api_results.json,scraped_json_api,scraped_json_api,unknown,unknown,The Great Beauty,,
630,Django Unchained,scraped_json_api,scraped_json_api,unknown,,,0.16,16.0,16,16,2.56,43.52,Django Unchained,No content available.,,https://www.scrapethissite.com/pages/ajax-javascript/?ajax=true&year=2012,ajax_movies_api_results.json,scraped_json_api,scraped_json_api,unknown,unknown,Django Unchained,,
633,Zero Dark Thirty,scraped_json_api,scraped_json_api,unknown,,,0.16,16.0,16,16,2.56,43.52,Zero Dark Thirty,No content available.,,https://www.scrapethissite.com/pages/ajax-javascript/?ajax=true&year=2012,ajax_movies_api_results.json,scraped_json_api,scraped_json_api,unknown,unknown,Zero Dark Thirty,,
641,12 Years a Slave,scraped_json_api,scraped_json_api,unknown,,,0.16,16.0,16,16,2.56,43.52,12 Years a Slave,No content available.,,https://www.scrapethissite.com/pages/ajax-javascript/?ajax=true&year=2013,ajax_movies_api_results.json,scraped_json_api,scraped_json_api,unknown,unknown,12 Years a Slave,,
645,The Great Gatsby,scraped_json_api,scraped_json_api,unknown,,,0.16,16.0,16,16,2.56,43.52,The Great Gatsby,No content available.,,https://www.scrapethissite.com/pages/ajax-javascript/?ajax=true&year=2013,ajax_movies_api_results.json,scraped_json_api,scraped_json_api,unknown,unknown,The Great Gatsby,,
651,The Great Beauty,scraped_json_api,scraped_json_api,unknown,,,0.16,16.0,16,16,2.56,43.52,The Great Beauty,No content available.,,https://www.scrapethissite.com/pages/ajax-javascript/?ajax=true&year=2013,ajax_movies_api_results.json,scraped_json_api,scraped_json_api,unknown,unknown,The Great Beauty,,
886,Django Unchained,scraped_json_api,scraped_json_api,unknown,,,0.16,16.0,16,16,2.56,43.52,Django Unchained,No content available.,,https://www.scrapethissite.com/pages/ajax-javascript/?ajax=true&year=2012,ajax_movies_api_results.json,scraped_json_api,scraped_json_api,unknown,unknown,Django Unchained,,
889,Zero Dark Thirty,scraped_json_api,scraped_json_api,unknown,,,0.16,16.0,16,16,2.56,43.52,Zero Dark Thirty,No content available.,,https://www.scrapethissite.com/pages/ajax-javascript/?ajax=true&year=2012,ajax_movies_api_results.json,scraped_json_api,scraped_json_api,unknown,unknown,Zero Dark Thirty,,
897,12 Years a Slave,scraped_json_api,scraped_json_api,unknown,,,0.16,16.0,16,16,2.56,43.52,12 Years a Slave,No content available.,,https://www.scrapethissite.com/pages/ajax-javascript/?ajax=true&year=2013,ajax_movies_api_results.json,scraped_json_api,scraped_json_api,unknown,unknown,12 Years a Slave,,
901,The Great Gatsby,scraped_json_api,scraped_json_api,unknown,,,0.16,16.0,16,16,2.56,43.52,The Great Gatsby,No content available.,,https://www.scrapethissite.com/pages/ajax-javascript/?ajax=true&year=2013,ajax_movies_api_results.json,scraped_json_api,scraped_json_api,unknown,unknown,The Great Gatsby,,
907,The Great Beauty,scraped_json_api,scraped_json_api,unknown,,,0.16,16.0,16,16,2.56,43.52,The Great Beauty,No content available.,,https://www.scrapethissite.com/pages/ajax-javascript/?ajax=true&year=2013,ajax_movies_api_results.json,scraped_json_api,scraped_json_api,unknown,unknown,The Great Beauty,,
1142,Django Unchained,scraped_json_api,scraped_json_api,unknown,,,0.16,16.0,16,16,2.56,43.52,Django Unchained,No content available.,,https://www.scrapethissite.com/pages/ajax-javascript/?ajax=true&year=2012,ajax_movies_api_results.json,scraped_json_api,scraped_json_api,unknown,unknown,Django Unchained,,
1145,Zero Dark Thirty,scraped_json_api,scraped_json_api,unknown,,,0.16,16.0,16,16,2.56,43.52,Zero Dark Thirty,No content available.,,https://www.scrapethissite.com/pages/ajax-javascript/?ajax=true&year=2012,ajax_movies_api_results.json,scraped_json_api,scraped_json_api,unknown,unknown,Zero Dark Thirty,,
1153,12 Years a Slave,scraped_json_api,scraped_json_api,unknown,,,0.16,16.0,16,16,2.56,43.52,12 Years a Slave,No content available.,,https://www.scrapethissite.com/pages/ajax-javascript/?ajax=true&year=2013,ajax_movies_api_results.json,scraped_json_api,scraped_json_api,unknown,unknown,12 Years a Slave,,
1157,The Great Gatsby,scraped_json_api,scraped_json_api,unknown,,,0.16,16.0,16,16,2.56,43.52,The Great Gatsby,No content available.,,https://www.scrapethissite.com/pages/ajax-javascript/?ajax=true&year=2013,ajax_movies_api_results.json,scraped_json_api,scraped_json_api,unknown,unknown,The Great Gatsby,,
1163,The Great Beauty,scraped_json_api,scraped_json_api,unknown,,,0.16,16.0,16,16,2.56,43.52,The Great Beauty,No content available.,,https://www.scrapethissite.com/pages/ajax-javascript/?ajax=true&year=2013,ajax_movies_api_results.json,scraped_json_api,scraped_json_api,unknown,unknown,The Great Beauty,,
1398,Django Unchained,scraped_json_api,scraped_json_api,unknown,,,0.16,16.0,16,16,2.56,43.52,Django Unchained,No content available.,,https://www.scrapethissite.com/pages/ajax-javascript/?ajax=true&year=2012,ajax_movies_api_results.json,scraped_json_api,scraped_json_api,unknown,unknown,Django Unchained,,
1401,Zero Dark Thirty,scraped_json_api,scraped_json_api,unknown,,,0.16,16.0,16,16,2.56,43.52,Zero Dark Thirty,No content available.,,https://www.scrapethissite.com/pages/ajax-javascript/?ajax=true&year=2012,ajax_movies_api_results.json,scraped_json_api,scraped_json_api,unknown,unknown,Zero Dark Thirty,,
1409,12 Years a Slave,scraped_json_api,scraped_json_api,unknown,,,0.16,16.0,16,16,2.56,43.52,12 Years a Slave,No content available.,,https://www.scrapethissite.com/pages/ajax-javascript/?ajax=true&year=2013,ajax_movies_api_results.json,scraped_json_api,scraped_json_api,unknown,unknown,12 Years a Slave,,
1413,The Great Gatsby,scraped_json_api,scraped_json_api,unknown,,,0.16,16.0,16,16,2.56,43.52,The Great Gatsby,No content available.,,https://www.scrapethissite.com/pages/ajax-javascript/?ajax=true&year=2013,ajax_movies_api_results.json,scraped_json_api,scraped_json_api,unknown,unknown,The Great Gatsby,,
1419,The Great Beauty,scraped_json_api,scraped_json_api,unknown,,,0.16,16.0,16,16,2.56,43.52,The Great Beauty,No content available.,,https://www.scrapethissite.com/pages/ajax-javascript/?ajax=true&year=2013,ajax_movies_api_results.json,scraped_json_api,scraped_json_api,unknown,unknown,The Great Beauty,,
62,Untitled record,excel_summary,excel_summary,unknown,,,0.15,15.0,15,15,2.4,38.4,Untitled record,No content available.,,,news_data.xlsx,excel_summary,excel_summary,unknown,unknown,Untitled record,,
94,Untitled record,excel_summary,excel_summary,unknown,,,0.15,15.0,15,15,2.4,38.4,Untitled record,No content available.,,,news_data.xlsx,excel_summary,excel_summary,unknown,unknown,Untitled record,,
134,Untitled record,excel_summary,excel_summary,unknown,,,0.15,15.0,15,15,2.4,38.4,Untitled record,No content available.,,data/raw/excel/news_data.xlsx,news_data.xlsx,excel_summary,excel_summary,unknown,unknown,Untitled record,,
174,Untitled record,excel_summary,excel_summary,unknown,,,0.15,15.0,15,15,2.4,38.4,Untitled record,No content available.,,data/raw/excel/news_data.xlsx,news_data.xlsx,excel_summary,excel_summary,unknown,unknown,Untitled record,,
215,Untitled record,excel_summary,excel_summary,unknown,,,0.15,15.0,15,15,2.4,38.4,Untitled record,No content available.,,data/raw/excel/news_data.xlsx,news_data.xlsx,excel_summary,excel_summary,unknown,unknown,Untitled record,,
217,Untitled record,scraped_html,scraped_html,unknown,,,0.15,15.0,15,15,2.4,38.4,Untitled record,No content available.,,https://www.scrapethissite.com/pages/forms/,hockey_results.json,scraped_html,scraped_html,unknown,unknown,Untitled record,,
218,Untitled record,scraped_html,scraped_html,unknown,,,0.15,15.0,15,15,2.4,38.4,Untitled record,No content available.,,https://www.scrapethissite.com/pages/forms/,hockey_results.json,scraped_html,scraped_html,unknown,unknown,Untitled record,,
219,Untitled record,scraped_html,scraped_html,unknown,,,0.15,15.0,15,15,2.4,38.4,Untitled record,No content available.,,https://www.scrapethissite.com/pages/forms/,hockey_results.json,scraped_html,scraped_html,unknown,unknown,Untitled record,,
220,Untitled record,scraped_html,scraped_html,unknown,,,0.15,15.0,15,15,2.4,38.4,Untitled record,No content available.,,https://www.scrapethissite.com/pages/forms/,hockey_results.json,scraped_html,scraped_html,unknown,unknown,Untitled record,,
221,Untitled record,scraped_html,scraped_html,unknown,,,0.15,15.0,15,15,2.4,38.4,Untitled record,No content available.,,https://www.scrapethissite.com/pages/forms/,hockey_results.json,scraped_html,scraped_html,unknown,unknown,Untitled record,,
222,Untitled record,scraped_html,scraped_html,unknown,,,0.15,15.0,15,15,2.4,38.4,Untitled record,No content available.,,https://www.scrapethissite.com/pages/forms/,hockey_results.json,scraped_html,scraped_html,unknown,unknown,Untitled record,,
223,Untitled record,scraped_html,scraped_html,unknown,,,0.15,15.0,15,15,2.4,38.4,Untitled record,No content available.,,https://www.scrapethissite.com/pages/forms/,hockey_results.json,scraped_html,scraped_html,unknown,unknown,Untitled record,,
224,Untitled record,scraped_html,scraped_html,unknown,,,0.15,15.0,15,15,2.4,38.4,Untitled record,No content available.,,https://www.scrapethissite.com/pages/forms/,hockey_results.json,scraped_html,scraped_html,unknown,unknown,Untitled record,,
225,Untitled record,scraped_html,scraped_html,unknown,,,0.15,15.0,15,15,2.4,38.4,Untitled record,No content available.,,https://www.scrapethissite.com/pages/forms/,hockey_results.json,scraped_html,scraped_html,unknown,unknown,Untitled record,,
226,Untitled record,scraped_html,scraped_html,unknown,,,0.15,15.0,15,15,2.4,38.4,Untitled record,No content available.,,https://www.scrapethissite.com/pages/forms/,hockey_results.json,scraped_html,scraped_html,unknown,unknown,Untitled record,,
227,Untitled record,scraped_html,scraped_html,unknown,,,0.15,15.0,15,15,2.4,38.4,Untitled record,No content available.,,https://www.scrapethissite.com/pages/forms/,hockey_results.json,scraped_html,scraped_html,unknown,unknown,Untitled record,,
228,Untitled record,scraped_html,scraped_html,unknown,,,0.15,15.0,15,15,2.4,38.4,Untitled record,No content available.,,https://www.scrapethissite.com/pages/forms/,hockey_results.json,scraped_html,scraped_html,unknown,unknown,Untitled record,,
229,Untitled record,scraped_html,scraped_html,unknown,,,0.15,15.0,15,15,2.4,38.4,Untitled record,No content available.,,https://www.scrapethissite.com/pages/forms/,hockey_results.json,scraped_html,scraped_html,unknown,unknown,Untitled record,,
230,Untitled record,scraped_html,scraped_html,unknown,,,0.15,15.0,15,15,2.4,38.4,Untitled record,No content available.,,https://www.scrapethissite.com/pages/forms/,hockey_results.json,scraped_html,scraped_html,unknown,unknown,Untitled record,,
231,Untitled record,scraped_html,scraped_html,unknown,,,0.15,15.0,15,15,2.4,38.4,Untitled record,No content available.,,https://www.scrapethissite.com/pages/forms/,hockey_results.json,scraped_html,scraped_html,unknown,unknown,Untitled record,,
232,Untitled record,scraped_html,scraped_html,unknown,,,0.15,15.0,15,15,2.4,38.4,Untitled record,No content available.,,https://www.scrapethissite.com/pages/forms/,hockey_results.json,scraped_html,scraped_html,unknown,unknown,Untitled record,,
233,Untitled record,scraped_html,scraped_html,unknown,,,0.15,15.0,15,15,2.4,38.4,Untitled record,No content available.,,https://www.scrapethissite.com/pages/forms/,hockey_results.json,scraped_html,scraped_html,unknown,unknown,Untitled record,,
234,Untitled record,scraped_html,scraped_html,unknown,,,0.15,15.0,15,15,2.4,38.4,Untitled record,No content available.,,https://www.scrapethissite.com/pages/forms/,hockey_results.json,scraped_html,scraped_html,unknown,unknown,Untitled record,,
235,Untitled record,scraped_html,scraped_html,unknown,,,0.15,15.0,15,15,2.4,38.4,Untitled record,No content available.,,https://www.scrapethissite.com/pages/forms/,hockey_results.json,scraped_html,scraped_html,unknown,unknown,Untitled record,,
236,Untitled record,scraped_html,scraped_html,unknown,,,0.15,15.0,15,15,2.4,38.4,Untitled record,No content available.,,https://www.scrapethissite.com/pages/forms/,hockey_results.json,scraped_html,scraped_html,unknown,unknown,Untitled record,,
237,Untitled record,scraped_html,scraped_html,unknown,,,0.15,15.0,15,15,2.4,38.4,Untitled record,No content available.,,https://www.scrapethissite.com/pages/forms/,hockey_results.json,scraped_html,scraped_html,unknown,unknown,Untitled record,,
238,Untitled record,scraped_html,scraped_html,unknown,,,0.15,15.0,15,15,2.4,38.4,Untitled record,No content available.,,https://www.scrapethissite.com/pages/forms/,hockey_results.json,scraped_html,scraped_html,unknown,unknown,Untitled record,,
239,Untitled record,scraped_html,scraped_html,unknown,,,0.15,15.0,15,15,2.4,38.4,Untitled record,No content available.,,https://www.scrapethissite.com/pages/forms/,hockey_results.json,scraped_html,scraped_html,unknown,unknown,Untitled record,,
240,Untitled record,scraped_html,scraped_html,unknown,,,0.15,15.0,15,15,2.4,38.4,Untitled record,No content available.,,https://www.scrapethissite.com/pages/forms/,hockey_results.json,scraped_html,scraped_html,unknown,unknown,Untitled record,,
241,Untitled record,scraped_html,scraped_html,unknown,,,0.15,15.0,15,15,2.4,38.4,Untitled record,No content available.,,https://www.scrapethissite.com/pages/forms/,hockey_results.json,scraped_html,scraped_html,unknown,unknown,Untitled record,,
242,Untitled record,scraped_html_paginated,scraped_html_paginated,unknown,,,0.15,15.0,15,15,2.4,38.4,Untitled record,No content available.,,https://www.scrapethissite.com/pages/forms/?page_num=1,hockey_multi_page_results.json,scraped_html_paginated,scraped_html_paginated,unknown,unknown,Untitled record,,
243,Untitled record,scraped_html_paginated,scraped_html_paginated,unknown,,,0.15,15.0,15,15,2.4,38.4,Untitled record,No content available.,,https://www.scrapethissite.com/pages/forms/?page_num=1,hockey_multi_page_results.json,scraped_html_paginated,scraped_html_paginated,unknown,unknown,Untitled record,,
244,Untitled record,scraped_html_paginated,scraped_html_paginated,unknown,,,0.15,15.0,15,15,2.4,38.4,Untitled record,No content available.,,https://www.scrapethissite.com/pages/forms/?page_num=1,hockey_multi_page_results.json,scraped_html_paginated,scraped_html_paginated,unknown,unknown,Untitled record,,
245,Untitled record,scraped_html_paginated,scraped_html_paginated,unknown,,,0.15,15.0,15,15,2.4,38.4,Untitled record,No content available.,,https://www.scrapethissite.com/pages/forms/?page_num=1,hockey_multi_page_results.json,scraped_html_paginated,scraped_html_paginated,unknown,unknown,Untitled record,,
246,Untitled record,scraped_html_paginated,scraped_html_paginated,unknown,,,0.15,15.0,15,15,2.4,38.4,Untitled record,No content available.,,https://www.scrapethissite.com/pages/forms/?page_num=1,hockey_multi_page_results.json,scraped_html_paginated,scraped_html_paginated,unknown,unknown,Untitled record,,
247,Untitled record,scraped_html_paginated,scraped_html_paginated,unknown,,,0.15,15.0,15,15,2.4,38.4,Untitled record,No content available.,,https://www.scrapethissite.com/pages/forms/?page_num=1,hockey_multi_page_results.json,scraped_html_paginated,scraped_html_paginated,unknown,unknown,Untitled record,,
248,Untitled record,scraped_html_paginated,scraped_html_paginated,unknown,,,0.15,15.0,15,15,2.4,38.4,Untitled record,No content available.,,https://www.scrapethissite.com/pages/forms/?page_num=1,hockey_multi_page_results.json,scraped_html_paginated,scraped_html_paginated,unknown,unknown,Untitled record,,
249,Untitled record,scraped_html_paginated,scraped_html_paginated,unknown,,,0.15,15.0,15,15,2.4,38.4,Untitled record,No content available.,,https://www.scrapethissite.com/pages/forms/?page_num=1,hockey_multi_page_results.json,scraped_html_paginated,scraped_html_paginated,unknown,unknown,Untitled record,,
250,Untitled record,scraped_html_paginated,scraped_html_paginated,unknown,,,0.15,15.0,15,15,2.4,38.4,Untitled record,No content available.,,https://www.scrapethissite.com/pages/forms/?page_num=1,hockey_multi_page_results.json,scraped_html_paginated,scraped_html_paginated,unknown,unknown,Untitled record,,
251,Untitled record,scraped_html_paginated,scraped_html_paginated,unknown,,,0.15,15.0,15,15,2.4,38.4,Untitled record,No content available.,,https://www.scrapethissite.com/pages/forms/?page_num=1,hockey_multi_page_results.json,scraped_html_paginated,scraped_html_paginated,unknown,unknown,Untitled record,,
252,Untitled record,scraped_html_paginated,scraped_html_paginated,unknown,,,0.15,15.0,15,15,2.4,38.4,Untitled record,No content available.,,https://www.scrapethissite.com/pages/forms/?page_num=1,hockey_multi_page_results.json,scraped_html_paginated,scraped_html_paginated,unknown,unknown,Untitled record,,
253,Untitled record,scraped_html_paginated,scraped_html_paginated,unknown,,,0.15,15.0,15,15,2.4,38.4,Untitled record,No content available.,,https://www.scrapethissite.com/pages/forms/?page_num=1,hockey_multi_page_results.json,scraped_html_paginated,scraped_html_paginated,unknown,unknown,Untitled record,,
254,Untitled record,scraped_html_paginated,scraped_html_paginated,unknown,,,0.15,15.0,15,15,2.4,38.4,Untitled record,No content available.,,https://www.scrapethissite.com/pages/forms/?page_num=1,hockey_multi_page_results.json,scraped_html_paginated,scraped_html_paginated,unknown,unknown,Untitled record,,
255,Untitled record,scraped_html_paginated,scraped_html_paginated,unknown,,,0.15,15.0,15,15,2.4,38.4,Untitled record,No content available.,,https://www.scrapethissite.com/pages/forms/?page_num=1,hockey_multi_page_results.json,scraped_html_paginated,scraped_html_paginated,unknown,unknown,Untitled record,,
256,Untitled record,scraped_html_paginated,scraped_html_paginated,unknown,,,0.15,15.0,15,15,2.4,38.4,Untitled record,No content available.,,https://www.scrapethissite.com/pages/forms/?page_num=1,hockey_multi_page_results.json,scraped_html_paginated,scraped_html_paginated,unknown,unknown,Untitled record,,
257,Untitled record,scraped_html_paginated,scraped_html_paginated,unknown,,,0.15,15.0,15,15,2.4,38.4,Untitled record,No content available.,,https://www.scrapethissite.com/pages/forms/?page_num=1,hockey_multi_page_results.json,scraped_html_paginated,scraped_html_paginated,unknown,unknown,Untitled record,,
258,Untitled record,scraped_html_paginated,scraped_html_paginated,unknown,,,0.15,15.0,15,15,2.4,38.4,Untitled record,No content available.,,https://www.scrapethissite.com/pages/forms/?page_num=1,hockey_multi_page_results.json,scraped_html_paginated,scraped_html_paginated,unknown,unknown,Untitled record,,
259,Untitled record,scraped_html_paginated,scraped_html_paginated,unknown,,,0.15,15.0,15,15,2.4,38.4,Untitled record,No content available.,,https://www.scrapethissite.com/pages/forms/?page_num=1,hockey_multi_page_results.json,scraped_html_paginated,scraped_html_paginated,unknown,unknown,Untitled record,,
260,Untitled record,scraped_html_paginated,scraped_html_paginated,unknown,,,0.15,15.0,15,15,2.4,38.4,Untitled record,No content available.,,https://www.scrapethissite.com/pages/forms/?page_num=1,hockey_multi_page_results.json,scraped_html_paginated,scraped_html_paginated,unknown,unknown,Untitled record,,
261,Untitled record,scraped_html_paginated,scraped_html_paginated,unknown,,,0.15,15.0,15,15,2.4,38.4,Untitled record,No content available.,,https://www.scrapethissite.com/pages/forms/?page_num=1,hockey_multi_page_results.json,scraped_html_paginated,scraped_html_paginated,unknown,unknown,Untitled record,,
262,Untitled record,scraped_html_paginated,scraped_html_paginated,unknown,,,0.15,15.0,15,15,2.4,38.4,Untitled record,No content available.,,https://www.scrapethissite.com/pages/forms/?page_num=1,hockey_multi_page_results.json,scraped_html_paginated,scraped_html_paginated,unknown,unknown,Untitled record,,
263,Untitled record,scraped_html_paginated,scraped_html_paginated,unknown,,,0.15,15.0,15,15,2.4,38.4,Untitled record,No content available.,,https://www.scrapethissite.com/pages/forms/?page_num=1,hockey_multi_page_results.json,scraped_html_paginated,scraped_html_paginated,unknown,unknown,Untitled record,,
264,Untitled record,scraped_html_paginated,scraped_html_paginated,unknown,,,0.15,15.0,15,15,2.4,38.4,Untitled record,No content available.,,https://www.scrapethissite.com/pages/forms/?page_num=1,hockey_multi_page_results.json,scraped_html_paginated,scraped_html_paginated,unknown,unknown,Untitled record,,
265,Untitled record,scraped_html_paginated,scraped_html_paginated,unknown,,,0.15,15.0,15,15,2.4,38.4,Untitled record,No content available.,,https://www.scrapethissite.com/pages/forms/?page_num=1,hockey_multi_page_results.json,scraped_html_paginated,scraped_html_paginated,unknown,unknown,Untitled record,,
266,Untitled record,scraped_html_paginated,scraped_html_paginated,unknown,,,0.15,15.0,15,15,2.4,38.4,Untitled record,No content available.,,https://www.scrapethissite.com/pages/forms/?page_num=1,hockey_multi_page_results.json,scraped_html_paginated,scraped_html_paginated,unknown,unknown,Untitled record,,
267,Untitled record,scraped_html_paginated,scraped_html_paginated,unknown,,,0.15,15.0,15,15,2.4,38.4,Untitled record,No content available.,,https://www.scrapethissite.com/pages/forms/?page_num=2,hockey_multi_page_results.json,scraped_html_paginated,scraped_html_paginated,unknown,unknown,Untitled record,,
268,Untitled record,scraped_html_paginated,scraped_html_paginated,unknown,,,0.15,15.0,15,15,2.4,38.4,Untitled record,No content available.,,https://www.scrapethissite.com/pages/forms/?page_num=2,hockey_multi_page_results.json,scraped_html_paginated,scraped_html_paginated,unknown,unknown,Untitled record,,
269,Untitled record,scraped_html_paginated,scraped_html_paginated,unknown,,,0.15,15.0,15,15,2.4,38.4,Untitled record,No content available.,,https://www.scrapethissite.com/pages/forms/?page_num=2,hockey_multi_page_results.json,scraped_html_paginated,scraped_html_paginated,unknown,unknown,Untitled record,,
270,Untitled record,scraped_html_paginated,scraped_html_paginated,unknown,,,0.15,15.0,15,15,2.4,38.4,Untitled record,No content available.,,https://www.scrapethissite.com/pages/forms/?page_num=2,hockey_multi_page_results.json,scraped_html_paginated,scraped_html_paginated,unknown,unknown,Untitled record,,
271,Untitled record,scraped_html_paginated,scraped_html_paginated,unknown,,,0.15,15.0,15,15,2.4,38.4,Untitled record,No content available.,,https://www.scrapethissite.com/pages/forms/?page_num=2,hockey_multi_page_results.json,scraped_html_paginated,scraped_html_paginated,unknown,unknown,Untitled record,,
272,Untitled record,scraped_html_paginated,scraped_html_paginated,unknown,,,0.15,15.0,15,15,2.4,38.4,Untitled record,No content available.,,https://www.scrapethissite.com/pages/forms/?page_num=2,hockey_multi_page_results.json,scraped_html_paginated,scraped_html_paginated,unknown,unknown,Untitled record,,
273,Untitled record,scraped_html_paginated,scraped_html_paginated,unknown,,,0.15,15.0,15,15,2.4,38.4,Untitled record,No content available.,,https://www.scrapethissite.com/pages/forms/?page_num=2,hockey_multi_page_results.json,scraped_html_paginated,scraped_html_paginated,unknown,unknown,Untitled record,,
274,Untitled record,scraped_html_paginated,scraped_html_paginated,unknown,,,0.15,15.0,15,15,2.4,38.4,Untitled record,No content available.,,https://www.scrapethissite.com/pages/forms/?page_num=2,hockey_multi_page_results.json,scraped_html_paginated,scraped_html_paginated,unknown,unknown,Untitled record,,
275,Untitled record,scraped_html_paginated,scraped_html_paginated,unknown,,,0.15,15.0,15,15,2.4,38.4,Untitled record,No content available.,,https://www.scrapethissite.com/pages/forms/?page_num=2,hockey_multi_page_results.json,scraped_html_paginated,scraped_html_paginated,unknown,unknown,Untitled record,,
276,Untitled record,scraped_html_paginated,scraped_html_paginated,unknown,,,0.15,15.0,15,15,2.4,38.4,Untitled record,No content available.,,https://www.scrapethissite.com/pages/forms/?page_num=2,hockey_multi_page_results.json,scraped_html_paginated,scraped_html_paginated,unknown,unknown,Untitled record,,
277,Untitled record,scraped_html_paginated,scraped_html_paginated,unknown,,,0.15,15.0,15,15,2.4,38.4,Untitled record,No content available.,,https://www.scrapethissite.com/pages/forms/?page_num=2,hockey_multi_page_results.json,scraped_html_paginated,scraped_html_paginated,unknown,unknown,Untitled record,,
278,Untitled record,scraped_html_paginated,scraped_html_paginated,unknown,,,0.15,15.0,15,15,2.4,38.4,Untitled record,No content available.,,https://www.scrapethissite.com/pages/forms/?page_num=2,hockey_multi_page_results.json,scraped_html_paginated,scraped_html_paginated,unknown,unknown,Untitled record,,
279,Untitled record,scraped_html_paginated,scraped_html_paginated,unknown,,,0.15,15.0,15,15,2.4,38.4,Untitled record,No content available.,,https://www.scrapethissite.com/pages/forms/?page_num=2,hockey_multi_page_results.json,scraped_html_paginated,scraped_html_paginated,unknown,unknown,Untitled record,,
280,Untitled record,scraped_html_paginated,scraped_html_paginated,unknown,,,0.15,15.0,15,15,2.4,38.4,Untitled record,No content available.,,https://www.scrapethissite.com/pages/forms/?page_num=2,hockey_multi_page_results.json,scraped_html_paginated,scraped_html_paginated,unknown,unknown,Untitled record,,
281,Untitled record,scraped_html_paginated,scraped_html_paginated,unknown,,,0.15,15.0,15,15,2.4,38.4,Untitled record,No content available.,,https://www.scrapethissite.com/pages/forms/?page_num=2,hockey_multi_page_results.json,scraped_html_paginated,scraped_html_paginated,unknown,unknown,Untitled record,,
282,Untitled record,scraped_html_paginated,scraped_html_paginated,unknown,,,0.15,15.0,15,15,2.4,38.4,Untitled record,No content available.,,https://www.scrapethissite.com/pages/forms/?page_num=2,hockey_multi_page_results.json,scraped_html_paginated,scraped_html_paginated,unknown,unknown,Untitled record,,
283,Untitled record,scraped_html_paginated,scraped_html_paginated,unknown,,,0.15,15.0,15,15,2.4,38.4,Untitled record,No content available.,,https://www.scrapethissite.com/pages/forms/?page_num=2,hockey_multi_page_results.json,scraped_html_paginated,scraped_html_paginated,unknown,unknown,Untitled record,,
284,Untitled record,scraped_html_paginated,scraped_html_paginated,unknown,,,0.15,15.0,15,15,2.4,38.4,Untitled record,No content available.,,https://www.scrapethissite.com/pages/forms/?page_num=2,hockey_multi_page_results.json,scraped_html_paginated,scraped_html_paginated,unknown,unknown,Untitled record,,
285,Untitled record,scraped_html_paginated,scraped_html_paginated,unknown,,,0.15,15.0,15,15,2.4,38.4,Untitled record,No content available.,,https://www.scrapethissite.com/pages/forms/?page_num=2,hockey_multi_page_results.json,scraped_html_paginated,scraped_html_paginated,unknown,unknown,Untitled record,,
286,Untitled record,scraped_html_paginated,scraped_html_paginated,unknown,,,0.15,15.0,15,15,2.4,38.4,Untitled record,No content available.,,https://www.scrapethissite.com/pages/forms/?page_num=2,hockey_multi_page_results.json,scraped_html_paginated,scraped_html_paginated,unknown,unknown,Untitled record,,
287,Untitled record,scraped_html_paginated,scraped_html_paginated,unknown,,,0.15,15.0,15,15,2.4,38.4,Untitled record,No content available.,,https://www.scrapethissite.com/pages/forms/?page_num=2,hockey_multi_page_results.json,scraped_html_paginated,scraped_html_paginated,unknown,unknown,Untitled record,,
288,Untitled record,scraped_html_paginated,scraped_html_paginated,unknown,,,0.15,15.0,15,15,2.4,38.4,Untitled record,No content available.,,https://www.scrapethissite.com/pages/forms/?page_num=2,hockey_multi_page_results.json,scraped_html_paginated,scraped_html_paginated,unknown,unknown,Untitled record,,
289,Untitled record,scraped_html_paginated,scraped_html_paginated,unknown,,,0.15,15.0,15,15,2.4,38.4,Untitled record,No content available.,,https://www.scrapethissite.com/pages/forms/?page_num=2,hockey_multi_page_results.json,scraped_html_paginated,scraped_html_paginated,unknown,unknown,Untitled record,,
290,Untitled record,scraped_html_paginated,scraped_html_paginated,unknown,,,0.15,15.0,15,15,2.4,38.4,Untitled record,No content available.,,https://www.scrapethissite.com/pages/forms/?page_num=2,hockey_multi_page_results.json,scraped_html_paginated,scraped_html_paginated,unknown,unknown,Untitled record,,
291,Untitled record,scraped_html_paginated,scraped_html_paginated,unknown,,,0.15,15.0,15,15,2.4,38.4,Untitled record,No content available.,,https://www.scrapethissite.com/pages/forms/?page_num=2,hockey_multi_page_results.json,scraped_html_paginated,scraped_html_paginated,unknown,unknown,Untitled record,,
292,Untitled record,scraped_html_paginated,scraped_html_paginated,unknown,,,0.15,15.0,15,15,2.4,38.4,Untitled record,No content available.,,https://www.scrapethissite.com/pages/forms/?page_num=3,hockey_multi_page_results.json,scraped_html_paginated,scraped_html_paginated,unknown,unknown,Untitled record,,
293,Untitled record,scraped_html_paginated,scraped_html_paginated,unknown,,,0.15,15.0,15,15,2.4,38.4,Untitled record,No content available.,,https://www.scrapethissite.com/pages/forms/?page_num=3,hockey_multi_page_results.json,scraped_html_paginated,scraped_html_paginated,unknown,unknown,Untitled record,,
294,Untitled record,scraped_html_paginated,scraped_html_paginated,unknown,,,0.15,15.0,15,15,2.4,38.4,Untitled record,No content available.,,https://www.scrapethissite.com/pages/forms/?page_num=3,hockey_multi_page_results.json,scraped_html_paginated,scraped_html_paginated,unknown,unknown,Untitled record,,
295,Untitled record,scraped_html_paginated,scraped_html_paginated,unknown,,,0.15,15.0,15,15,2.4,38.4,Untitled record,No content available.,,https://www.scrapethissite.com/pages/forms/?page_num=3,hockey_multi_page_results.json,scraped_html_paginated,scraped_html_paginated,unknown,unknown,Untitled record,,
296,Untitled record,scraped_html_paginated,scraped_html_paginated,unknown,,,0.15,15.0,15,15,2.4,38.4,Untitled record,No content available.,,https://www.scrapethissite.com/pages/forms/?page_num=3,hockey_multi_page_results.json,scraped_html_paginated,scraped_html_paginated,unknown,unknown,Untitled record,,
297,Untitled record,scraped_html_paginated,scraped_html_paginated,unknown,,,0.15,15.0,15,15,2.4,38.4,Untitled record,No content available.,,https://www.scrapethissite.com/pages/forms/?page_num=3,hockey_multi_page_results.json,scraped_html_paginated,scraped_html_paginated,unknown,unknown,Untitled record,,
298,Untitled record,scraped_html_paginated,scraped_html_paginated,unknown,,,0.15,15.0,15,15,2.4,38.4,Untitled record,No content available.,,https://www.scrapethissite.com/pages/forms/?page_num=3,hockey_multi_page_results.json,scraped_html_paginated,scraped_html_paginated,unknown,unknown,Untitled record,,
299,Untitled record,scraped_html_paginated,scraped_html_paginated,unknown,,,0.15,15.0,15,15,2.4,38.4,Untitled record,No content available.,,https://www.scrapethissite.com/pages/forms/?page_num=3,hockey_multi_page_results.json,scraped_html_paginated,scraped_html_paginated,unknown,unknown,Untitled record,,
300,Untitled record,scraped_html_paginated,scraped_html_paginated,unknown,,,0.15,15.0,15,15,2.4,38.4,Untitled record,No content available.,,https://www.scrapethissite.com/pages/forms/?page_num=3,hockey_multi_page_results.json,scraped_html_paginated,scraped_html_paginated,unknown,unknown,Untitled record,,
301,Untitled record,scraped_html_paginated,scraped_html_paginated,unknown,,,0.15,15.0,15,15,2.4,38.4,Untitled record,No content available.,,https://www.scrapethissite.com/pages/forms/?page_num=3,hockey_multi_page_results.json,scraped_html_paginated,scraped_html_paginated,unknown,unknown,Untitled record,,
302,Untitled record,scraped_html_paginated,scraped_html_paginated,unknown,,,0.15,15.0,15,15,2.4,38.4,Untitled record,No content available.,,https://www.scrapethissite.com/pages/forms/?page_num=3,hockey_multi_page_results.json,scraped_html_paginated,scraped_html_paginated,unknown,unknown,Untitled record,,
303,Untitled record,scraped_html_paginated,scraped_html_paginated,unknown,,,0.15,15.0,15,15,2.4,38.4,Untitled record,No content available.,,https://www.scrapethissite.com/pages/forms/?page_num=3,hockey_multi_page_results.json,scraped_html_paginated,scraped_html_paginated,unknown,unknown,Untitled record,,
304,Untitled record,scraped_html_paginated,scraped_html_paginated,unknown,,,0.15,15.0,15,15,2.4,38.4,Untitled record,No content available.,,https://www.scrapethissite.com/pages/forms/?page_num=3,hockey_multi_page_results.json,scraped_html_paginated,scraped_html_paginated,unknown,unknown,Untitled record,,
305,Untitled record,scraped_html_paginated,scraped_html_paginated,unknown,,,0.15,15.0,15,15,2.4,38.4,Untitled record,No content available.,,https://www.scrapethissite.com/pages/forms/?page_num=3,hockey_multi_page_results.json,scraped_html_paginated,scraped_html_paginated,unknown,unknown,Untitled record,,
306,Untitled record,scraped_html_paginated,scraped_html_paginated,unknown,,,0.15,15.0,15,15,2.4,38.4,Untitled record,No content available.,,https://www.scrapethissite.com/pages/forms/?page_num=3,hockey_multi_page_results.json,scraped_html_paginated,scraped_html_paginated,unknown,unknown,Untitled record,,
307,Untitled record,scraped_html_paginated,scraped_html_paginated,unknown,,,0.15,15.0,15,15,2.4,38.4,Untitled record,No content available.,,https://www.scrapethissite.com/pages/forms/?page_num=3,hockey_multi_page_results.json,scraped_html_paginated,scraped_html_paginated,unknown,unknown,Untitled record,,
308,Untitled record,scraped_html_paginated,scraped_html_paginated,unknown,,,0.15,15.0,15,15,2.4,38.4,Untitled record,No content available.,,https://www.scrapethissite.com/pages/forms/?page_num=3,hockey_multi_page_results.json,scraped_html_paginated,scraped_html_paginated,unknown,unknown,Untitled record,,
309,Untitled record,scraped_html_paginated,scraped_html_paginated,unknown,,,0.15,15.0,15,15,2.4,38.4,Untitled record,No content available.,,https://www.scrapethissite.com/pages/forms/?page_num=3,hockey_multi_page_results.json,scraped_html_paginated,scraped_html_paginated,unknown,unknown,Untitled record,,
310,Untitled record,scraped_html_paginated,scraped_html_paginated,unknown,,,0.15,15.0,15,15,2.4,38.4,Untitled record,No content available.,,https://www.scrapethissite.com/pages/forms/?page_num=3,hockey_multi_page_results.json,scraped_html_paginated,scraped_html_paginated,unknown,unknown,Untitled record,,
311,Untitled record,scraped_html_paginated,scraped_html_paginated,unknown,,,0.15,15.0,15,15,2.4,38.4,Untitled record,No content available.,,https://www.scrapethissite.com/pages/forms/?page_num=3,hockey_multi_page_results.json,scraped_html_paginated,scraped_html_paginated,unknown,unknown,Untitled record,,
312,Untitled record,scraped_html_paginated,scraped_html_paginated,unknown,,,0.15,15.0,15,15,2.4,38.4,Untitled record,No content available.,,https://www.scrapethissite.com/pages/forms/?page_num=3,hockey_multi_page_results.json,scraped_html_paginated,scraped_html_paginated,unknown,unknown,Untitled record,,
313,Untitled record,scraped_html_paginated,scraped_html_paginated,unknown,,,0.15,15.0,15,15,2.4,38.4,Untitled record,No content available.,,https://www.scrapethissite.com/pages/forms/?page_num=3,hockey_multi_page_results.json,scraped_html_paginated,scraped_html_paginated,unknown,unknown,Untitled record,,
314,Untitled record,scraped_html_paginated,scraped_html_paginated,unknown,,,0.15,15.0,15,15,2.4,38.4,Untitled record,No content available.,,https://www.scrapethissite.com/pages/forms/?page_num=3,hockey_multi_page_results.json,scraped_html_paginated,scraped_html_paginated,unknown,unknown,Untitled record,,
315,Untitled record,scraped_html_paginated,scraped_html_paginated,unknown,,,0.15,15.0,15,15,2.4,38.4,Untitled record,No content available.,,https://www.scrapethissite.com/pages/forms/?page_num=3,hockey_multi_page_results.json,scraped_html_paginated,scraped_html_paginated,unknown,unknown,Untitled record,,
316,Untitled record,scraped_html_paginated,scraped_html_paginated,unknown,,,0.15,15.0,15,15,2.4,38.4,Untitled record,No content available.,,https://www.scrapethissite.com/pages/forms/?page_num=3,hockey_multi_page_results.json,scraped_html_paginated,scraped_html_paginated,unknown,unknown,Untitled record,,
317,Untitled record,scraped_html_paginated,scraped_html_paginated,unknown,,,0.15,15.0,15,15,2.4,38.4,Untitled record,No content available.,,https://www.scrapethissite.com/pages/forms/?page_num=4,hockey_multi_page_results.json,scraped_html_paginated,scraped_html_paginated,unknown,unknown,Untitled record,,
318,Untitled record,scraped_html_paginated,scraped_html_paginated,unknown,,,0.15,15.0,15,15,2.4,38.4,Untitled record,No content available.,,https://www.scrapethissite.com/pages/forms/?page_num=4,hockey_multi_page_results.json,scraped_html_paginated,scraped_html_paginated,unknown,unknown,Untitled record,,
319,Untitled record,scraped_html_paginated,scraped_html_paginated,unknown,,,0.15,15.0,15,15,2.4,38.4,Untitled record,No content available.,,https://www.scrapethissite.com/pages/forms/?page_num=4,hockey_multi_page_results.json,scraped_html_paginated,scraped_html_paginated,unknown,unknown,Untitled record,,
320,Untitled record,scraped_html_paginated,scraped_html_paginated,unknown,,,0.15,15.0,15,15,2.4,38.4,Untitled record,No content available.,,https://www.scrapethissite.com/pages/forms/?page_num=4,hockey_multi_page_results.json,scraped_html_paginated,scraped_html_paginated,unknown,unknown,Untitled record,,
321,Untitled record,scraped_html_paginated,scraped_html_paginated,unknown,,,0.15,15.0,15,15,2.4,38.4,Untitled record,No content available.,,https://www.scrapethissite.com/pages/forms/?page_num=4,hockey_multi_page_results.json,scraped_html_paginated,scraped_html_paginated,unknown,unknown,Untitled record,,
322,Untitled record,scraped_html_paginated,scraped_html_paginated,unknown,,,0.15,15.0,15,15,2.4,38.4,Untitled record,No content available.,,https://www.scrapethissite.com/pages/forms/?page_num=4,hockey_multi_page_results.json,scraped_html_paginated,scraped_html_paginated,unknown,unknown,Untitled record,,
323,Untitled record,scraped_html_paginated,scraped_html_paginated,unknown,,,0.15,15.0,15,15,2.4,38.4,Untitled record,No content available.,,https://www.scrapethissite.com/pages/forms/?page_num=4,hockey_multi_page_results.json,scraped_html_paginated,scraped_html_paginated,unknown,unknown,Untitled record,,
324,Untitled record,scraped_html_paginated,scraped_html_paginated,unknown,,,0.15,15.0,15,15,2.4,38.4,Untitled record,No content available.,,https://www.scrapethissite.com/pages/forms/?page_num=4,hockey_multi_page_results.json,scraped_html_paginated,scraped_html_paginated,unknown,unknown,Untitled record,,
325,Untitled record,scraped_html_paginated,scraped_html_paginated,unknown,,,0.15,15.0,15,15,2.4,38.4,Untitled record,No content available.,,https://www.scrapethissite.com/pages/forms/?page_num=4,hockey_multi_page_results.json,scraped_html_paginated,scraped_html_paginated,unknown,unknown,Untitled record,,
326,Untitled record,scraped_html_paginated,scraped_html_paginated,unknown,,,0.15,15.0,15,15,2.4,38.4,Untitled record,No content available.,,https://www.scrapethissite.com/pages/forms/?page_num=4,hockey_multi_page_results.json,scraped_html_paginated,scraped_html_paginated,unknown,unknown,Untitled record,,
327,Untitled record,scraped_html_paginated,scraped_html_paginated,unknown,,,0.15,15.0,15,15,2.4,38.4,Untitled record,No content available.,,https://www.scrapethissite.com/pages/forms/?page_num=4,hockey_multi_page_results.json,scraped_html_paginated,scraped_html_paginated,unknown,unknown,Untitled record,,
328,Untitled record,scraped_html_paginated,scraped_html_paginated,unknown,,,0.15,15.0,15,15,2.4,38.4,Untitled record,No content available.,,https://www.scrapethissite.com/pages/forms/?page_num=4,hockey_multi_page_results.json,scraped_html_paginated,scraped_html_paginated,unknown,unknown,Untitled record,,
329,Untitled record,scraped_html_paginated,scraped_html_paginated,unknown,,,0.15,15.0,15,15,2.4,38.4,Untitled record,No content available.,,https://www.scrapethissite.com/pages/forms/?page_num=4,hockey_multi_page_results.json,scraped_html_paginated,scraped_html_paginated,unknown,unknown,Untitled record,,
330,Untitled record,scraped_html_paginated,scraped_html_paginated,unknown,,,0.15,15.0,15,15,2.4,38.4,Untitled record,No content available.,,https://www.scrapethissite.com/pages/forms/?page_num=4,hockey_multi_page_results.json,scraped_html_paginated,scraped_html_paginated,unknown,unknown,Untitled record,,
331,Untitled record,scraped_html_paginated,scraped_html_paginated,unknown,,,0.15,15.0,15,15,2.4,38.4,Untitled record,No content available.,,https://www.scrapethissite.com/pages/forms/?page_num=4,hockey_multi_page_results.json,scraped_html_paginated,scraped_html_paginated,unknown,unknown,Untitled record,,
332,Untitled record,scraped_html_paginated,scraped_html_paginated,unknown,,,0.15,15.0,15,15,2.4,38.4,Untitled record,No content available.,,https://www.scrapethissite.com/pages/forms/?page_num=4,hockey_multi_page_results.json,scraped_html_paginated,scraped_html_paginated,unknown,unknown,Untitled record,,
333,Untitled record,scraped_html_paginated,scraped_html_paginated,unknown,,,0.15,15.0,15,15,2.4,38.4,Untitled record,No content available.,,https://www.scrapethissite.com/pages/forms/?page_num=4,hockey_multi_page_results.json,scraped_html_paginated,scraped_html_paginated,unknown,unknown,Untitled record,,
334,Untitled record,scraped_html_paginated,scraped_html_paginated,unknown,,,0.15,15.0,15,15,2.4,38.4,Untitled record,No content available.,,https://www.scrapethissite.com/pages/forms/?page_num=4,hockey_multi_page_results.json,scraped_html_paginated,scraped_html_paginated,unknown,unknown,Untitled record,,
335,Untitled record,scraped_html_paginated,scraped_html_paginated,unknown,,,0.15,15.0,15,15,2.4,38.4,Untitled record,No content available.,,https://www.scrapethissite.com/pages/forms/?page_num=4,hockey_multi_page_results.json,scraped_html_paginated,scraped_html_paginated,unknown,unknown,Untitled record,,
336,Untitled record,scraped_html_paginated,scraped_html_paginated,unknown,,,0.15,15.0,15,15,2.4,38.4,Untitled record,No content available.,,https://www.scrapethissite.com/pages/forms/?page_num=4,hockey_multi_page_results.json,scraped_html_paginated,scraped_html_paginated,unknown,unknown,Untitled record,,
337,Untitled record,scraped_html_paginated,scraped_html_paginated,unknown,,,0.15,15.0,15,15,2.4,38.4,Untitled record,No content available.,,https://www.scrapethissite.com/pages/forms/?page_num=4,hockey_multi_page_results.json,scraped_html_paginated,scraped_html_paginated,unknown,unknown,Untitled record,,
338,Untitled record,scraped_html_paginated,scraped_html_paginated,unknown,,,0.15,15.0,15,15,2.4,38.4,Untitled record,No content available.,,https://www.scrapethissite.com/pages/forms/?page_num=4,hockey_multi_page_results.json,scraped_html_paginated,scraped_html_paginated,unknown,unknown,Untitled record,,
339,Untitled record,scraped_html_paginated,scraped_html_paginated,unknown,,,0.15,15.0,15,15,2.4,38.4,Untitled record,No content available.,,https://www.scrapethissite.com/pages/forms/?page_num=4,hockey_multi_page_results.json,scraped_html_paginated,scraped_html_paginated,unknown,unknown,Untitled record,,
340,Untitled record,scraped_html_paginated,scraped_html_paginated,unknown,,,0.15,15.0,15,15,2.4,38.4,Untitled record,No content available.,,https://www.scrapethissite.com/pages/forms/?page_num=4,hockey_multi_page_results.json,scraped_html_paginated,scraped_html_paginated,unknown,unknown,Untitled record,,
341,Untitled record,scraped_html_paginated,scraped_html_paginated,unknown,,,0.15,15.0,15,15,2.4,38.4,Untitled record,No content available.,,https://www.scrapethissite.com/pages/forms/?page_num=4,hockey_multi_page_results.json,scraped_html_paginated,scraped_html_paginated,unknown,unknown,Untitled record,,
358,The Descendants,scraped_json_api,scraped_json_api,unknown,,,0.15,15.0,15,15,2.4,38.4,The Descendants,No content available.,,https://www.scrapethissite.com/pages/ajax-javascript/?ajax=true&year=2011,ajax_movies_api_results.json,scraped_json_api,scraped_json_api,unknown,unknown,The Descendants,,
401,American Sniper,scraped_json_api,scraped_json_api,unknown,,,0.15,15.0,15,15,2.4,38.4,American Sniper,No content available.,,https://www.scrapethissite.com/pages/ajax-javascript/?ajax=true&year=2014,ajax_movies_api_results.json,scraped_json_api,scraped_json_api,unknown,unknown,American Sniper,,
415,The Revenant,scraped_json_api,scraped_json_api,unknown,,,0.15,15.0,15,15,2.4,38.4,The Revenant,No content available.,,https://www.scrapethissite.com/pages/ajax-javascript/?ajax=true&year=2015,ajax_movies_api_results.json,scraped_json_api,scraped_json_api,unknown,unknown,The Revenant,,
416,Bridge of Spies,scraped_json_api,scraped_json_api,unknown,,,0.15,15.0,15,15,2.4,38.4,Bridge of Spies,No content available.,,https://www.scrapethissite.com/pages/ajax-javascript/?ajax=true&year=2015,ajax_movies_api_results.json,scraped_json_api,scraped_json_api,unknown,unknown,Bridge of Spies,,
417,The Big Short,scraped_json_api,scraped_json_api,unknown,,,0.15,15.0,15,15,2.4,38.4,The Big Short,No content available.,,https://www.scrapethissite.com/pages/ajax-javascript/?ajax=true&year=2015,ajax_movies_api_results.json,scraped_json_api,scraped_json_api,unknown,unknown,The Big Short,,
418,The Danish Girl,scraped_json_api,scraped_json_api,unknown,,,0.15,15.0,15,15,2.4,38.4,The Danish Girl,No content available.,,https://www.scrapethissite.com/pages/ajax-javascript/?ajax=true&year=2015,ajax_movies_api_results.json,scraped_json_api,scraped_json_api,unknown,unknown,The Danish Girl,,
471,Untitled record,excel_summary,excel_summary,unknown,,,0.15,15.0,15,15,2.4,38.4,Untitled record,No content available.,,data/raw/excel/news_data.xlsx,news_data.xlsx,excel_summary,excel_summary,unknown,unknown,Untitled record,,
473,Untitled record,scraped_html,scraped_html,unknown,,,0.15,15.0,15,15,2.4,38.4,Untitled record,No content available.,,https://www.scrapethissite.com/pages/forms/,hockey_results.json,scraped_html,scraped_html,unknown,unknown,Untitled record,,
474,Untitled record,scraped_html,scraped_html,unknown,,,0.15,15.0,15,15,2.4,38.4,Untitled record,No content available.,,https://www.scrapethissite.com/pages/forms/,hockey_results.json,scraped_html,scraped_html,unknown,unknown,Untitled record,,
475,Untitled record,scraped_html,scraped_html,unknown,,,0.15,15.0,15,15,2.4,38.4,Untitled record,No content available.,,https://www.scrapethissite.com/pages/forms/,hockey_results.json,scraped_html,scraped_html,unknown,unknown,Untitled record,,
476,Untitled record,scraped_html,scraped_html,unknown,,,0.15,15.0,15,15,2.4,38.4,Untitled record,No content available.,,https://www.scrapethissite.com/pages/forms/,hockey_results.json,scraped_html,scraped_html,unknown,unknown,Untitled record,,
477,Untitled record,scraped_html,scraped_html,unknown,,,0.15,15.0,15,15,2.4,38.4,Untitled record,No content available.,,https://www.scrapethissite.com/pages/forms/,hockey_results.json,scraped_html,scraped_html,unknown,unknown,Untitled record,,
478,Untitled record,scraped_html,scraped_html,unknown,,,0.15,15.0,15,15,2.4,38.4,Untitled record,No content available.,,https://www.scrapethissite.com/pages/forms/,hockey_results.json,scraped_html,scraped_html,unknown,unknown,Untitled record,,
479,Untitled record,scraped_html,scraped_html,unknown,,,0.15,15.0,15,15,2.4,38.4,Untitled record,No content available.,,https://www.scrapethissite.com/pages/forms/,hockey_results.json,scraped_html,scraped_html,unknown,unknown,Untitled record,,
480,Untitled record,scraped_html,scraped_html,unknown,,,0.15,15.0,15,15,2.4,38.4,Untitled record,No content available.,,https://www.scrapethissite.com/pages/forms/,hockey_results.json,scraped_html,scraped_html,unknown,unknown,Untitled record,,
481,Untitled record,scraped_html,scraped_html,unknown,,,0.15,15.0,15,15,2.4,38.4,Untitled record,No content available.,,https://www.scrapethissite.com/pages/forms/,hockey_results.json,scraped_html,scraped_html,unknown,unknown,Untitled record,,
482,Untitled record,scraped_html,scraped_html,unknown,,,0.15,15.0,15,15,2.4,38.4,Untitled record,No content available.,,https://www.scrapethissite.com/pages/forms/,hockey_results.json,scraped_html,scraped_html,unknown,unknown,Untitled record,,
483,Untitled record,scraped_html,scraped_html,unknown,,,0.15,15.0,15,15,2.4,38.4,Untitled record,No content available.,,https://www.scrapethissite.com/pages/forms/,hockey_results.json,scraped_html,scraped_html,unknown,unknown,Untitled record,,
484,Untitled record,scraped_html,scraped_html,unknown,,,0.15,15.0,15,15,2.4,38.4,Untitled record,No content available.,,https://www.scrapethissite.com/pages/forms/,hockey_results.json,scraped_html,scraped_html,unknown,unknown,Untitled record,,
485,Untitled record,scraped_html,scraped_html,unknown,,,0.15,15.0,15,15,2.4,38.4,Untitled record,No content available.,,https://www.scrapethissite.com/pages/forms/,hockey_results.json,scraped_html,scraped_html,unknown,unknown,Untitled record,,
486,Untitled record,scraped_html,scraped_html,unknown,,,0.15,15.0,15,15,2.4,38.4,Untitled record,No content available.,,https://www.scrapethissite.com/pages/forms/,hockey_results.json,scraped_html,scraped_html,unknown,unknown,Untitled record,,
487,Untitled record,scraped_html,scraped_html,unknown,,,0.15,15.0,15,15,2.4,38.4,Untitled record,No content available.,,https://www.scrapethissite.com/pages/forms/,hockey_results.json,scraped_html,scraped_html,unknown,unknown,Untitled record,,
488,Untitled record,scraped_html,scraped_html,unknown,,,0.15,15.0,15,15,2.4,38.4,Untitled record,No content available.,,https://www.scrapethissite.com/pages/forms/,hockey_results.json,scraped_html,scraped_html,unknown,unknown,Untitled record,,
489,Untitled record,scraped_html,scraped_html,unknown,,,0.15,15.0,15,15,2.4,38.4,Untitled record,No content available.,,https://www.scrapethissite.com/pages/forms/,hockey_results.json,scraped_html,scraped_html,unknown,unknown,Untitled record,,
490,Untitled record,scraped_html,scraped_html,unknown,,,0.15,15.0,15,15,2.4,38.4,Untitled record,No content available.,,https://www.scrapethissite.com/pages/forms/,hockey_results.json,scraped_html,scraped_html,unknown,unknown,Untitled record,,
491,Untitled record,scraped_html,scraped_html,unknown,,,0.15,15.0,15,15,2.4,38.4,Untitled record,No content available.,,https://www.scrapethissite.com/pages/forms/,hockey_results.json,scraped_html,scraped_html,unknown,unknown,Untitled record,,
492,Untitled record,scraped_html,scraped_html,unknown,,,0.15,15.0,15,15,2.4,38.4,Untitled record,No content available.,,https://www.scrapethissite.com/pages/forms/,hockey_results.json,scraped_html,scraped_html,unknown,unknown,Untitled record,,
493,Untitled record,scraped_html,scraped_html,unknown,,,0.15,15.0,15,15,2.4,38.4,Untitled record,No content available.,,https://www.scrapethissite.com/pages/forms/,hockey_results.json,scraped_html,scraped_html,unknown,unknown,Untitled record,,
494,Untitled record,scraped_html,scraped_html,unknown,,,0.15,15.0,15,15,2.4,38.4,Untitled record,No content available.,,https://www.scrapethissite.com/pages/forms/,hockey_results.json,scraped_html,scraped_html,unknown,unknown,Untitled record,,
495,Untitled record,scraped_html,scraped_html,unknown,,,0.15,15.0,15,15,2.4,38.4,Untitled record,No content available.,,https://www.scrapethissite.com/pages/forms/,hockey_results.json,scraped_html,scraped_html,unknown,unknown,Untitled record,,
496,Untitled record,scraped_html,scraped_html,unknown,,,0.15,15.0,15,15,2.4,38.4,Untitled record,No content available.,,https://www.scrapethissite.com/pages/forms/,hockey_results.json,scraped_html,scraped_html,unknown,unknown,Untitled record,,
497,Untitled record,scraped_html,scraped_html,unknown,,,0.15,15.0,15,15,2.4,38.4,Untitled record,No content available.,,https://www.scrapethissite.com/pages/forms/,hockey_results.json,scraped_html,scraped_html,unknown,unknown,Untitled record,,
498,Untitled record,scraped_html_paginated,scraped_html_paginated,unknown,,,0.15,15.0,15,15,2.4,38.4,Untitled record,No content available.,,https://www.scrapethissite.com/pages/forms/?page_num=1,hockey_multi_page_results.json,scraped_html_paginated,scraped_html_paginated,unknown,unknown,Untitled record,,
499,Untitled record,scraped_html_paginated,scraped_html_paginated,unknown,,,0.15,15.0,15,15,2.4,38.4,Untitled record,No content available.,,https://www.scrapethissite.com/pages/forms/?page_num=1,hockey_multi_page_results.json,scraped_html_paginated,scraped_html_paginated,unknown,unknown,Untitled record,,
500,Untitled record,scraped_html_paginated,scraped_html_paginated,unknown,,,0.15,15.0,15,15,2.4,38.4,Untitled record,No content available.,,https://www.scrapethissite.com/pages/forms/?page_num=1,hockey_multi_page_results.json,scraped_html_paginated,scraped_html_paginated,unknown,unknown,Untitled record,,
501,Untitled record,scraped_html_paginated,scraped_html_paginated,unknown,,,0.15,15.0,15,15,2.4,38.4,Untitled record,No content available.,,https://www.scrapethissite.com/pages/forms/?page_num=1,hockey_multi_page_results.json,scraped_html_paginated,scraped_html_paginated,unknown,unknown,Untitled record,,
502,Untitled record,scraped_html_paginated,scraped_html_paginated,unknown,,,0.15,15.0,15,15,2.4,38.4,Untitled record,No content available.,,https://www.scrapethissite.com/pages/forms/?page_num=1,hockey_multi_page_results.json,scraped_html_paginated,scraped_html_paginated,unknown,unknown,Untitled record,,
503,Untitled record,scraped_html_paginated,scraped_html_paginated,unknown,,,0.15,15.0,15,15,2.4,38.4,Untitled record,No content available.,,https://www.scrapethissite.com/pages/forms/?page_num=1,hockey_multi_page_results.json,scraped_html_paginated,scraped_html_paginated,unknown,unknown,Untitled record,,
504,Untitled record,scraped_html_paginated,scraped_html_paginated,unknown,,,0.15,15.0,15,15,2.4,38.4,Untitled record,No content available.,,https://www.scrapethissite.com/pages/forms/?page_num=1,hockey_multi_page_results.json,scraped_html_paginated,scraped_html_paginated,unknown,unknown,Untitled record,,
505,Untitled record,scraped_html_paginated,scraped_html_paginated,unknown,,,0.15,15.0,15,15,2.4,38.4,Untitled record,No content available.,,https://www.scrapethissite.com/pages/forms/?page_num=1,hockey_multi_page_results.json,scraped_html_paginated,scraped_html_paginated,unknown,unknown,Untitled record,,
506,Untitled record,scraped_html_paginated,scraped_html_paginated,unknown,,,0.15,15.0,15,15,2.4,38.4,Untitled record,No content available.,,https://www.scrapethissite.com/pages/forms/?page_num=1,hockey_multi_page_results.json,scraped_html_paginated,scraped_html_paginated,unknown,unknown,Untitled record,,
507,Untitled record,scraped_html_paginated,scraped_html_paginated,unknown,,,0.15,15.0,15,15,2.4,38.4,Untitled record,No content available.,,https://www.scrapethissite.com/pages/forms/?page_num=1,hockey_multi_page_results.json,scraped_html_paginated,scraped_html_paginated,unknown,unknown,Untitled record,,
508,Untitled record,scraped_html_paginated,scraped_html_paginated,unknown,,,0.15,15.0,15,15,2.4,38.4,Untitled record,No content available.,,https://www.scrapethissite.com/pages/forms/?page_num=1,hockey_multi_page_results.json,scraped_html_paginated,scraped_html_paginated,unknown,unknown,Untitled record,,
509,Untitled record,scraped_html_paginated,scraped_html_paginated,unknown,,,0.15,15.0,15,15,2.4,38.4,Untitled record,No content available.,,https://www.scrapethissite.com/pages/forms/?page_num=1,hockey_multi_page_results.json,scraped_html_paginated,scraped_html_paginated,unknown,unknown,Untitled record,,
510,Untitled record,scraped_html_paginated,scraped_html_paginated,unknown,,,0.15,15.0,15,15,2.4,38.4,Untitled record,No content available.,,https://www.scrapethissite.com/pages/forms/?page_num=1,hockey_multi_page_results.json,scraped_html_paginated,scraped_html_paginated,unknown,unknown,Untitled record,,
511,Untitled record,scraped_html_paginated,scraped_html_paginated,unknown,,,0.15,15.0,15,15,2.4,38.4,Untitled record,No content available.,,https://www.scrapethissite.com/pages/forms/?page_num=1,hockey_multi_page_results.json,scraped_html_paginated,scraped_html_paginated,unknown,unknown,Untitled record,,
512,Untitled record,scraped_html_paginated,scraped_html_paginated,unknown,,,0.15,15.0,15,15,2.4,38.4,Untitled record,No content available.,,https://www.scrapethissite.com/pages/forms/?page_num=1,hockey_multi_page_results.json,scraped_html_paginated,scraped_html_paginated,unknown,unknown,Untitled record,,
513,Untitled record,scraped_html_paginated,scraped_html_paginated,unknown,,,0.15,15.0,15,15,2.4,38.4,Untitled record,No content available.,,https://www.scrapethissite.com/pages/forms/?page_num=1,hockey_multi_page_results.json,scraped_html_paginated,scraped_html_paginated,unknown,unknown,Untitled record,,
514,Untitled record,scraped_html_paginated,scraped_html_paginated,unknown,,,0.15,15.0,15,15,2.4,38.4,Untitled record,No content available.,,https://www.scrapethissite.com/pages/forms/?page_num=1,hockey_multi_page_results.json,scraped_html_paginated,scraped_html_paginated,unknown,unknown,Untitled record,,
515,Untitled record,scraped_html_paginated,scraped_html_paginated,unknown,,,0.15,15.0,15,15,2.4,38.4,Untitled record,No content available.,,https://www.scrapethissite.com/pages/forms/?page_num=1,hockey_multi_page_results.json,scraped_html_paginated,scraped_html_paginated,unknown,unknown,Untitled record,,
516,Untitled record,scraped_html_paginated,scraped_html_paginated,unknown,,,0.15,15.0,15,15,2.4,38.4,Untitled record,No content available.,,https://www.scrapethissite.com/pages/forms/?page_num=1,hockey_multi_page_results.json,scraped_html_paginated,scraped_html_paginated,unknown,unknown,Untitled record,,
517,Untitled record,scraped_html_paginated,scraped_html_paginated,unknown,,,0.15,15.0,15,15,2.4,38.4,Untitled record,No content available.,,https://www.scrapethissite.com/pages/forms/?page_num=1,hockey_multi_page_results.json,scraped_html_paginated,scraped_html_paginated,unknown,unknown,Untitled record,,
518,Untitled record,scraped_html_paginated,scraped_html_paginated,unknown,,,0.15,15.0,15,15,2.4,38.4,Untitled record,No content available.,,https://www.scrapethissite.com/pages/forms/?page_num=1,hockey_multi_page_results.json,scraped_html_paginated,scraped_html_paginated,unknown,unknown,Untitled record,,
519,Untitled record,scraped_html_paginated,scraped_html_paginated,unknown,,,0.15,15.0,15,15,2.4,38.4,Untitled record,No content available.,,https://www.scrapethissite.com/pages/forms/?page_num=1,hockey_multi_page_results.json,scraped_html_paginated,scraped_html_paginated,unknown,unknown,Untitled record,,
520,Untitled record,scraped_html_paginated,scraped_html_paginated,unknown,,,0.15,15.0,15,15,2.4,38.4,Untitled record,No content available.,,https://www.scrapethissite.com/pages/forms/?page_num=1,hockey_multi_page_results.json,scraped_html_paginated,scraped_html_paginated,unknown,unknown,Untitled record,,
521,Untitled record,scraped_html_paginated,scraped_html_paginated,unknown,,,0.15,15.0,15,15,2.4,38.4,Untitled record,No content available.,,https://www.scrapethissite.com/pages/forms/?page_num=1,hockey_multi_page_results.json,scraped_html_paginated,scraped_html_paginated,unknown,unknown,Untitled record,,
522,Untitled record,scraped_html_paginated,scraped_html_paginated,unknown,,,0.15,15.0,15,15,2.4,38.4,Untitled record,No content available.,,https://www.scrapethissite.com/pages/forms/?page_num=1,hockey_multi_page_results.json,scraped_html_paginated,scraped_html_paginated,unknown,unknown,Untitled record,,
523,Untitled record,scraped_html_paginated,scraped_html_paginated,unknown,,,0.15,15.0,15,15,2.4,38.4,Untitled record,No content available.,,https://www.scrapethissite.com/pages/forms/?page_num=2,hockey_multi_page_results.json,scraped_html_paginated,scraped_html_paginated,unknown,unknown,Untitled record,,
524,Untitled record,scraped_html_paginated,scraped_html_paginated,unknown,,,0.15,15.0,15,15,2.4,38.4,Untitled record,No content available.,,https://www.scrapethissite.com/pages/forms/?page_num=2,hockey_multi_page_results.json,scraped_html_paginated,scraped_html_paginated,unknown,unknown,Untitled record,,
525,Untitled record,scraped_html_paginated,scraped_html_paginated,unknown,,,0.15,15.0,15,15,2.4,38.4,Untitled record,No content available.,,https://www.scrapethissite.com/pages/forms/?page_num=2,hockey_multi_page_results.json,scraped_html_paginated,scraped_html_paginated,unknown,unknown,Untitled record,,
526,Untitled record,scraped_html_paginated,scraped_html_paginated,unknown,,,0.15,15.0,15,15,2.4,38.4,Untitled record,No content available.,,https://www.scrapethissite.com/pages/forms/?page_num=2,hockey_multi_page_results.json,scraped_html_paginated,scraped_html_paginated,unknown,unknown,Untitled record,,
527,Untitled record,scraped_html_paginated,scraped_html_paginated,unknown,,,0.15,15.0,15,15,2.4,38.4,Untitled record,No content available.,,https://www.scrapethissite.com/pages/forms/?page_num=2,hockey_multi_page_results.json,scraped_html_paginated,scraped_html_paginated,unknown,unknown,Untitled record,,
528,Untitled record,scraped_html_paginated,scraped_html_paginated,unknown,,,0.15,15.0,15,15,2.4,38.4,Untitled record,No content available.,,https://www.scrapethissite.com/pages/forms/?page_num=2,hockey_multi_page_results.json,scraped_html_paginated,scraped_html_paginated,unknown,unknown,Untitled record,,
529,Untitled record,scraped_html_paginated,scraped_html_paginated,unknown,,,0.15,15.0,15,15,2.4,38.4,Untitled record,No content available.,,https://www.scrapethissite.com/pages/forms/?page_num=2,hockey_multi_page_results.json,scraped_html_paginated,scraped_html_paginated,unknown,unknown,Untitled record,,
530,Untitled record,scraped_html_paginated,scraped_html_paginated,unknown,,,0.15,15.0,15,15,2.4,38.4,Untitled record,No content available.,,https://www.scrapethissite.com/pages/forms/?page_num=2,hockey_multi_page_results.json,scraped_html_paginated,scraped_html_paginated,unknown,unknown,Untitled record,,
531,Untitled record,scraped_html_paginated,scraped_html_paginated,unknown,,,0.15,15.0,15,15,2.4,38.4,Untitled record,No content available.,,https://www.scrapethissite.com/pages/forms/?page_num=2,hockey_multi_page_results.json,scraped_html_paginated,scraped_html_paginated,unknown,unknown,Untitled record,,
532,Untitled record,scraped_html_paginated,scraped_html_paginated,unknown,,,0.15,15.0,15,15,2.4,38.4,Untitled record,No content available.,,https://www.scrapethissite.com/pages/forms/?page_num=2,hockey_multi_page_results.json,scraped_html_paginated,scraped_html_paginated,unknown,unknown,Untitled record,,
533,Untitled record,scraped_html_paginated,scraped_html_paginated,unknown,,,0.15,15.0,15,15,2.4,38.4,Untitled record,No content available.,,https://www.scrapethissite.com/pages/forms/?page_num=2,hockey_multi_page_results.json,scraped_html_paginated,scraped_html_paginated,unknown,unknown,Untitled record,,
534,Untitled record,scraped_html_paginated,scraped_html_paginated,unknown,,,0.15,15.0,15,15,2.4,38.4,Untitled record,No content available.,,https://www.scrapethissite.com/pages/forms/?page_num=2,hockey_multi_page_results.json,scraped_html_paginated,scraped_html_paginated,unknown,unknown,Untitled record,,
535,Untitled record,scraped_html_paginated,scraped_html_paginated,unknown,,,0.15,15.0,15,15,2.4,38.4,Untitled record,No content available.,,https://www.scrapethissite.com/pages/forms/?page_num=2,hockey_multi_page_results.json,scraped_html_paginated,scraped_html_paginated,unknown,unknown,Untitled record,,
536,Untitled record,scraped_html_paginated,scraped_html_paginated,unknown,,,0.15,15.0,15,15,2.4,38.4,Untitled record,No content available.,,https://www.scrapethissite.com/pages/forms/?page_num=2,hockey_multi_page_results.json,scraped_html_paginated,scraped_html_paginated,unknown,unknown,Untitled record,,
537,Untitled record,scraped_html_paginated,scraped_html_paginated,unknown,,,0.15,15.0,15,15,2.4,38.4,Untitled record,No content available.,,https://www.scrapethissite.com/pages/forms/?page_num=2,hockey_multi_page_results.json,scraped_html_paginated,scraped_html_paginated,unknown,unknown,Untitled record,,
538,Untitled record,scraped_html_paginated,scraped_html_paginated,unknown,,,0.15,15.0,15,15,2.4,38.4,Untitled record,No content available.,,https://www.scrapethissite.com/pages/forms/?page_num=2,hockey_multi_page_results.json,scraped_html_paginated,scraped_html_paginated,unknown,unknown,Untitled record,,
539,Untitled record,scraped_html_paginated,scraped_html_paginated,unknown,,,0.15,15.0,15,15,2.4,38.4,Untitled record,No content available.,,https://www.scrapethissite.com/pages/forms/?page_num=2,hockey_multi_page_results.json,scraped_html_paginated,scraped_html_paginated,unknown,unknown,Untitled record,,
540,Untitled record,scraped_html_paginated,scraped_html_paginated,unknown,,,0.15,15.0,15,15,2.4,38.4,Untitled record,No content available.,,https://www.scrapethissite.com/pages/forms/?page_num=2,hockey_multi_page_results.json,scraped_html_paginated,scraped_html_paginated,unknown,unknown,Untitled record,,
541,Untitled record,scraped_html_paginated,scraped_html_paginated,unknown,,,0.15,15.0,15,15,2.4,38.4,Untitled record,No content available.,,https://www.scrapethissite.com/pages/forms/?page_num=2,hockey_multi_page_results.json,scraped_html_paginated,scraped_html_paginated,unknown,unknown,Untitled record,,
542,Untitled record,scraped_html_paginated,scraped_html_paginated,unknown,,,0.15,15.0,15,15,2.4,38.4,Untitled record,No content available.,,https://www.scrapethissite.com/pages/forms/?page_num=2,hockey_multi_page_results.json,scraped_html_paginated,scraped_html_paginated,unknown,unknown,Untitled record,,
543,Untitled record,scraped_html_paginated,scraped_html_paginated,unknown,,,0.15,15.0,15,15,2.4,38.4,Untitled record,No content available.,,https://www.scrapethissite.com/pages/forms/?page_num=2,hockey_multi_page_results.json,scraped_html_paginated,scraped_html_paginated,unknown,unknown,Untitled record,,
544,Untitled record,scraped_html_paginated,scraped_html_paginated,unknown,,,0.15,15.0,15,15,2.4,38.4,Untitled record,No content available.,,https://www.scrapethissite.com/pages/forms/?page_num=2,hockey_multi_page_results.json,scraped_html_paginated,scraped_html_paginated,unknown,unknown,Untitled record,,
545,Untitled record,scraped_html_paginated,scraped_html_paginated,unknown,,,0.15,15.0,15,15,2.4,38.4,Untitled record,No content available.,,https://www.scrapethissite.com/pages/forms/?page_num=2,hockey_multi_page_results.json,scraped_html_paginated,scraped_html_paginated,unknown,unknown,Untitled record,,
546,Untitled record,scraped_html_paginated,scraped_html_paginated,unknown,,,0.15,15.0,15,15,2.4,38.4,Untitled record,No content available.,,https://www.scrapethissite.com/pages/forms/?page_num=2,hockey_multi_page_results.json,scraped_html_paginated,scraped_html_paginated,unknown,unknown,Untitled record,,
547,Untitled record,scraped_html_paginated,scraped_html_paginated,unknown,,,0.15,15.0,15,15,2.4,38.4,Untitled record,No content available.,,https://www.scrapethissite.com/pages/forms/?page_num=2,hockey_multi_page_results.json,scraped_html_paginated,scraped_html_paginated,unknown,unknown,Untitled record,,
548,Untitled record,scraped_html_paginated,scraped_html_paginated,unknown,,,0.15,15.0,15,15,2.4,38.4,Untitled record,No content available.,,https://www.scrapethissite.com/pages/forms/?page_num=3,hockey_multi_page_results.json,scraped_html_paginated,scraped_html_paginated,unknown,unknown,Untitled record,,
549,Untitled record,scraped_html_paginated,scraped_html_paginated,unknown,,,0.15,15.0,15,15,2.4,38.4,Untitled record,No content available.,,https://www.scrapethissite.com/pages/forms/?page_num=3,hockey_multi_page_results.json,scraped_html_paginated,scraped_html_paginated,unknown,unknown,Untitled record,,
550,Untitled record,scraped_html_paginated,scraped_html_paginated,unknown,,,0.15,15.0,15,15,2.4,38.4,Untitled record,No content available.,,https://www.scrapethissite.com/pages/forms/?page_num=3,hockey_multi_page_results.json,scraped_html_paginated,scraped_html_paginated,unknown,unknown,Untitled record,,
551,Untitled record,scraped_html_paginated,scraped_html_paginated,unknown,,,0.15,15.0,15,15,2.4,38.4,Untitled record,No content available.,,https://www.scrapethissite.com/pages/forms/?page_num=3,hockey_multi_page_results.json,scraped_html_paginated,scraped_html_paginated,unknown,unknown,Untitled record,,
552,Untitled record,scraped_html_paginated,scraped_html_paginated,unknown,,,0.15,15.0,15,15,2.4,38.4,Untitled record,No content available.,,https://www.scrapethissite.com/pages/forms/?page_num=3,hockey_multi_page_results.json,scraped_html_paginated,scraped_html_paginated,unknown,unknown,Untitled record,,
553,Untitled record,scraped_html_paginated,scraped_html_paginated,unknown,,,0.15,15.0,15,15,2.4,38.4,Untitled record,No content available.,,https://www.scrapethissite.com/pages/forms/?page_num=3,hockey_multi_page_results.json,scraped_html_paginated,scraped_html_paginated,unknown,unknown,Untitled record,,
554,Untitled record,scraped_html_paginated,scraped_html_paginated,unknown,,,0.15,15.0,15,15,2.4,38.4,Untitled record,No content available.,,https://www.scrapethissite.com/pages/forms/?page_num=3,hockey_multi_page_results.json,scraped_html_paginated,scraped_html_paginated,unknown,unknown,Untitled record,,
555,Untitled record,scraped_html_paginated,scraped_html_paginated,unknown,,,0.15,15.0,15,15,2.4,38.4,Untitled record,No content available.,,https://www.scrapethissite.com/pages/forms/?page_num=3,hockey_multi_page_results.json,scraped_html_paginated,scraped_html_paginated,unknown,unknown,Untitled record,,
556,Untitled record,scraped_html_paginated,scraped_html_paginated,unknown,,,0.15,15.0,15,15,2.4,38.4,Untitled record,No content available.,,https://www.scrapethissite.com/pages/forms/?page_num=3,hockey_multi_page_results.json,scraped_html_paginated,scraped_html_paginated,unknown,unknown,Untitled record,,
557,Untitled record,scraped_html_paginated,scraped_html_paginated,unknown,,,0.15,15.0,15,15,2.4,38.4,Untitled record,No content available.,,https://www.scrapethissite.com/pages/forms/?page_num=3,hockey_multi_page_results.json,scraped_html_paginated,scraped_html_paginated,unknown,unknown,Untitled record,,
558,Untitled record,scraped_html_paginated,scraped_html_paginated,unknown,,,0.15,15.0,15,15,2.4,38.4,Untitled record,No content available.,,https://www.scrapethissite.com/pages/forms/?page_num=3,hockey_multi_page_results.json,scraped_html_paginated,scraped_html_paginated,unknown,unknown,Untitled record,,
559,Untitled record,scraped_html_paginated,scraped_html_paginated,unknown,,,0.15,15.0,15,15,2.4,38.4,Untitled record,No content available.,,https://www.scrapethissite.com/pages/forms/?page_num=3,hockey_multi_page_results.json,scraped_html_paginated,scraped_html_paginated,unknown,unknown,Untitled record,,
560,Untitled record,scraped_html_paginated,scraped_html_paginated,unknown,,,0.15,15.0,15,15,2.4,38.4,Untitled record,No content available.,,https://www.scrapethissite.com/pages/forms/?page_num=3,hockey_multi_page_results.json,scraped_html_paginated,scraped_html_paginated,unknown,unknown,Untitled record,,
561,Untitled record,scraped_html_paginated,scraped_html_paginated,unknown,,,0.15,15.0,15,15,2.4,38.4,Untitled record,No content available.,,https://www.scrapethissite.com/pages/forms/?page_num=3,hockey_multi_page_results.json,scraped_html_paginated,scraped_html_paginated,unknown,unknown,Untitled record,,
562,Untitled record,scraped_html_paginated,scraped_html_paginated,unknown,,,0.15,15.0,15,15,2.4,38.4,Untitled record,No content available.,,https://www.scrapethissite.com/pages/forms/?page_num=3,hockey_multi_page_results.json,scraped_html_paginated,scraped_html_paginated,unknown,unknown,Untitled record,,
563,Untitled record,scraped_html_paginated,scraped_html_paginated,unknown,,,0.15,15.0,15,15,2.4,38.4,Untitled record,No content available.,,https://www.scrapethissite.com/pages/forms/?page_num=3,hockey_multi_page_results.json,scraped_html_paginated,scraped_html_paginated,unknown,unknown,Untitled record,,
564,Untitled record,scraped_html_paginated,scraped_html_paginated,unknown,,,0.15,15.0,15,15,2.4,38.4,Untitled record,No content available.,,https://www.scrapethissite.com/pages/forms/?page_num=3,hockey_multi_page_results.json,scraped_html_paginated,scraped_html_paginated,unknown,unknown,Untitled record,,
565,Untitled record,scraped_html_paginated,scraped_html_paginated,unknown,,,0.15,15.0,15,15,2.4,38.4,Untitled record,No content available.,,https://www.scrapethissite.com/pages/forms/?page_num=3,hockey_multi_page_results.json,scraped_html_paginated,scraped_html_paginated,unknown,unknown,Untitled record,,
566,Untitled record,scraped_html_paginated,scraped_html_paginated,unknown,,,0.15,15.0,15,15,2.4,38.4,Untitled record,No content available.,,https://www.scrapethissite.com/pages/forms/?page_num=3,hockey_multi_page_results.json,scraped_html_paginated,scraped_html_paginated,unknown,unknown,Untitled record,,
567,Untitled record,scraped_html_paginated,scraped_html_paginated,unknown,,,0.15,15.0,15,15,2.4,38.4,Untitled record,No content available.,,https://www.scrapethissite.com/pages/forms/?page_num=3,hockey_multi_page_results.json,scraped_html_paginated,scraped_html_paginated,unknown,unknown,Untitled record,,
568,Untitled record,scraped_html_paginated,scraped_html_paginated,unknown,,,0.15,15.0,15,15,2.4,38.4,Untitled record,No content available.,,https://www.scrapethissite.com/pages/forms/?page_num=3,hockey_multi_page_results.json,scraped_html_paginated,scraped_html_paginated,unknown,unknown,Untitled record,,
569,Untitled record,scraped_html_paginated,scraped_html_paginated,unknown,,,0.15,15.0,15,15,2.4,38.4,Untitled record,No content available.,,https://www.scrapethissite.com/pages/forms/?page_num=3,hockey_multi_page_results.json,scraped_html_paginated,scraped_html_paginated,unknown,unknown,Untitled record,,
570,Untitled record,scraped_html_paginated,scraped_html_paginated,unknown,,,0.15,15.0,15,15,2.4,38.4,Untitled record,No content available.,,https://www.scrapethissite.com/pages/forms/?page_num=3,hockey_multi_page_results.json,scraped_html_paginated,scraped_html_paginated,unknown,unknown,Untitled record,,
571,Untitled record,scraped_html_paginated,scraped_html_paginated,unknown,,,0.15,15.0,15,15,2.4,38.4,Untitled record,No content available.,,https://www.scrapethissite.com/pages/forms/?page_num=3,hockey_multi_page_results.json,scraped_html_paginated,scraped_html_paginated,unknown,unknown,Untitled record,,
572,Untitled record,scraped_html_paginated,scraped_html_paginated,unknown,,,0.15,15.0,15,15,2.4,38.4,Untitled record,No content available.,,https://www.scrapethissite.com/pages/forms/?page_num=3,hockey_multi_page_results.json,scraped_html_paginated,scraped_html_paginated,unknown,unknown,Untitled record,,
573,Untitled record,scraped_html_paginated,scraped_html_paginated,unknown,,,0.15,15.0,15,15,2.4,38.4,Untitled record,No content available.,,https://www.scrapethissite.com/pages/forms/?page_num=4,hockey_multi_page_results.json,scraped_html_paginated,scraped_html_paginated,unknown,unknown,Untitled record,,
574,Untitled record,scraped_html_paginated,scraped_html_paginated,unknown,,,0.15,15.0,15,15,2.4,38.4,Untitled record,No content available.,,https://www.scrapethissite.com/pages/forms/?page_num=4,hockey_multi_page_results.json,scraped_html_paginated,scraped_html_paginated,unknown,unknown,Untitled record,,
575,Untitled record,scraped_html_paginated,scraped_html_paginated,unknown,,,0.15,15.0,15,15,2.4,38.4,Untitled record,No content available.,,https://www.scrapethissite.com/pages/forms/?page_num=4,hockey_multi_page_results.json,scraped_html_paginated,scraped_html_paginated,unknown,unknown,Untitled record,,
576,Untitled record,scraped_html_paginated,scraped_html_paginated,unknown,,,0.15,15.0,15,15,2.4,38.4,Untitled record,No content available.,,https://www.scrapethissite.com/pages/forms/?page_num=4,hockey_multi_page_results.json,scraped_html_paginated,scraped_html_paginated,unknown,unknown,Untitled record,,
577,Untitled record,scraped_html_paginated,scraped_html_paginated,unknown,,,0.15,15.0,15,15,2.4,38.4,Untitled record,No content available.,,https://www.scrapethissite.com/pages/forms/?page_num=4,hockey_multi_page_results.json,scraped_html_paginated,scraped_html_paginated,unknown,unknown,Untitled record,,
578,Untitled record,scraped_html_paginated,scraped_html_paginated,unknown,,,0.15,15.0,15,15,2.4,38.4,Untitled record,No content available.,,https://www.scrapethissite.com/pages/forms/?page_num=4,hockey_multi_page_results.json,scraped_html_paginated,scraped_html_paginated,unknown,unknown,Untitled record,,
579,Untitled record,scraped_html_paginated,scraped_html_paginated,unknown,,,0.15,15.0,15,15,2.4,38.4,Untitled record,No content available.,,https://www.scrapethissite.com/pages/forms/?page_num=4,hockey_multi_page_results.json,scraped_html_paginated,scraped_html_paginated,unknown,unknown,Untitled record,,
580,Untitled record,scraped_html_paginated,scraped_html_paginated,unknown,,,0.15,15.0,15,15,2.4,38.4,Untitled record,No content available.,,https://www.scrapethissite.com/pages/forms/?page_num=4,hockey_multi_page_results.json,scraped_html_paginated,scraped_html_paginated,unknown,unknown,Untitled record,,
581,Untitled record,scraped_html_paginated,scraped_html_paginated,unknown,,,0.15,15.0,15,15,2.4,38.4,Untitled record,No content available.,,https://www.scrapethissite.com/pages/forms/?page_num=4,hockey_multi_page_results.json,scraped_html_paginated,scraped_html_paginated,unknown,unknown,Untitled record,,
582,Untitled record,scraped_html_paginated,scraped_html_paginated,unknown,,,0.15,15.0,15,15,2.4,38.4,Untitled record,No content available.,,https://www.scrapethissite.com/pages/forms/?page_num=4,hockey_multi_page_results.json,scraped_html_paginated,scraped_html_paginated,unknown,unknown,Untitled record,,
583,Untitled record,scraped_html_paginated,scraped_html_paginated,unknown,,,0.15,15.0,15,15,2.4,38.4,Untitled record,No content available.,,https://www.scrapethissite.com/pages/forms/?page_num=4,hockey_multi_page_results.json,scraped_html_paginated,scraped_html_paginated,unknown,unknown,Untitled record,,
584,Untitled record,scraped_html_paginated,scraped_html_paginated,unknown,,,0.15,15.0,15,15,2.4,38.4,Untitled record,No content available.,,https://www.scrapethissite.com/pages/forms/?page_num=4,hockey_multi_page_results.json,scraped_html_paginated,scraped_html_paginated,unknown,unknown,Untitled record,,
585,Untitled record,scraped_html_paginated,scraped_html_paginated,unknown,,,0.15,15.0,15,15,2.4,38.4,Untitled record,No content available.,,https://www.scrapethissite.com/pages/forms/?page_num=4,hockey_multi_page_results.json,scraped_html_paginated,scraped_html_paginated,unknown,unknown,Untitled record,,
586,Untitled record,scraped_html_paginated,scraped_html_paginated,unknown,,,0.15,15.0,15,15,2.4,38.4,Untitled record,No content available.,,https://www.scrapethissite.com/pages/forms/?page_num=4,hockey_multi_page_results.json,scraped_html_paginated,scraped_html_paginated,unknown,unknown,Untitled record,,
587,Untitled record,scraped_html_paginated,scraped_html_paginated,unknown,,,0.15,15.0,15,15,2.4,38.4,Untitled record,No content available.,,https://www.scrapethissite.com/pages/forms/?page_num=4,hockey_multi_page_results.json,scraped_html_paginated,scraped_html_paginated,unknown,unknown,Untitled record,,
588,Untitled record,scraped_html_paginated,scraped_html_paginated,unknown,,,0.15,15.0,15,15,2.4,38.4,Untitled record,No content available.,,https://www.scrapethissite.com/pages/forms/?page_num=4,hockey_multi_page_results.json,scraped_html_paginated,scraped_html_paginated,unknown,unknown,Untitled record,,
589,Untitled record,scraped_html_paginated,scraped_html_paginated,unknown,,,0.15,15.0,15,15,2.4,38.4,Untitled record,No content available.,,https://www.scrapethissite.com/pages/forms/?page_num=4,hockey_multi_page_results.json,scraped_html_paginated,scraped_html_paginated,unknown,unknown,Untitled record,,
590,Untitled record,scraped_html_paginated,scraped_html_paginated,unknown,,,0.15,15.0,15,15,2.4,38.4,Untitled record,No content available.,,https://www.scrapethissite.com/pages/forms/?page_num=4,hockey_multi_page_results.json,scraped_html_paginated,scraped_html_paginated,unknown,unknown,Untitled record,,
591,Untitled record,scraped_html_paginated,scraped_html_paginated,unknown,,,0.15,15.0,15,15,2.4,38.4,Untitled record,No content available.,,https://www.scrapethissite.com/pages/forms/?page_num=4,hockey_multi_page_results.json,scraped_html_paginated,scraped_html_paginated,unknown,unknown,Untitled record,,
592,Untitled record,scraped_html_paginated,scraped_html_paginated,unknown,,,0.15,15.0,15,15,2.4,38.4,Untitled record,No content available.,,https://www.scrapethissite.com/pages/forms/?page_num=4,hockey_multi_page_results.json,scraped_html_paginated,scraped_html_paginated,unknown,unknown,Untitled record,,
593,Untitled record,scraped_html_paginated,scraped_html_paginated,unknown,,,0.15,15.0,15,15,2.4,38.4,Untitled record,No content available.,,https://www.scrapethissite.com/pages/forms/?page_num=4,hockey_multi_page_results.json,scraped_html_paginated,scraped_html_paginated,unknown,unknown,Untitled record,,
594,Untitled record,scraped_html_paginated,scraped_html_paginated,unknown,,,0.15,15.0,15,15,2.4,38.4,Untitled record,No content available.,,https://www.scrapethissite.com/pages/forms/?page_num=4,hockey_multi_page_results.json,scraped_html_paginated,scraped_html_paginated,unknown,unknown,Untitled record,,
595,Untitled record,scraped_html_paginated,scraped_html_paginated,unknown,,,0.15,15.0,15,15,2.4,38.4,Untitled record,No content available.,,https://www.scrapethissite.com/pages/forms/?page_num=4,hockey_multi_page_results.json,scraped_html_paginated,scraped_html_paginated,unknown,unknown,Untitled record,,
596,Untitled record,scraped_html_paginated,scraped_html_paginated,unknown,,,0.15,15.0,15,15,2.4,38.4,Untitled record,No content available.,,https://www.scrapethissite.com/pages/forms/?page_num=4,hockey_multi_page_results.json,scraped_html_paginated,scraped_html_paginated,unknown,unknown,Untitled record,,
597,Untitled record,scraped_html_paginated,scraped_html_paginated,unknown,,,0.15,15.0,15,15,2.4,38.4,Untitled record,No content available.,,https://www.scrapethissite.com/pages/forms/?page_num=4,hockey_multi_page_results.json,scraped_html_paginated,scraped_html_paginated,unknown,unknown,Untitled record,,
614,The Descendants,scraped_json_api,scraped_json_api,unknown,,,0.15,15.0,15,15,2.4,38.4,The Descendants,No content available.,,https://www.scrapethissite.com/pages/ajax-javascript/?ajax=true&year=2011,ajax_movies_api_results.json,scraped_json_api,scraped_json_api,unknown,unknown,The Descendants,,
657,American Sniper,scraped_json_api,scraped_json_api,unknown,,,0.15,15.0,15,15,2.4,38.4,American Sniper,No content available.,,https://www.scrapethissite.com/pages/ajax-javascript/?ajax=true&year=2014,ajax_movies_api_results.json,scraped_json_api,scraped_json_api,unknown,unknown,American Sniper,,
671,The Revenant,scraped_json_api,scraped_json_api,unknown,,,0.15,15.0,15,15,2.4,38.4,The Revenant,No content available.,,https://www.scrapethissite.com/pages/ajax-javascript/?ajax=true&year=2015,ajax_movies_api_results.json,scraped_json_api,scraped_json_api,unknown,unknown,The Revenant,,
672,Bridge of Spies,scraped_json_api,scraped_json_api,unknown,,,0.15,15.0,15,15,2.4,38.4,Bridge of Spies,No content available.,,https://www.scrapethissite.com/pages/ajax-javascript/?ajax=true&year=2015,ajax_movies_api_results.json,scraped_json_api,scraped_json_api,unknown,unknown,Bridge of Spies,,
673,The Big Short,scraped_json_api,scraped_json_api,unknown,,,0.15,15.0,15,15,2.4,38.4,The Big Short,No content available.,,https://www.scrapethissite.com/pages/ajax-javascript/?ajax=true&year=2015,ajax_movies_api_results.json,scraped_json_api,scraped_json_api,unknown,unknown,The Big Short,,
674,The Danish Girl,scraped_json_api,scraped_json_api,unknown,,,0.15,15.0,15,15,2.4,38.4,The Danish Girl,No content available.,,https://www.scrapethissite.com/pages/ajax-javascript/?ajax=true&year=2015,ajax_movies_api_results.json,scraped_json_api,scraped_json_api,unknown,unknown,The Danish Girl,,
727,Untitled record,excel_summary,excel_summary,unknown,,,0.15,15.0,15,15,2.4,38.4,Untitled record,No content available.,,data/raw/excel/news_data.xlsx,news_data.xlsx,excel_summary,excel_summary,unknown,unknown,Untitled record,,
729,Untitled record,scraped_html,scraped_html,unknown,,,0.15,15.0,15,15,2.4,38.4,Untitled record,No content available.,,https://www.scrapethissite.com/pages/forms/,hockey_results.json,scraped_html,scraped_html,unknown,unknown,Untitled record,,
730,Untitled record,scraped_html,scraped_html,unknown,,,0.15,15.0,15,15,2.4,38.4,Untitled record,No content available.,,https://www.scrapethissite.com/pages/forms/,hockey_results.json,scraped_html,scraped_html,unknown,unknown,Untitled record,,
731,Untitled record,scraped_html,scraped_html,unknown,,,0.15,15.0,15,15,2.4,38.4,Untitled record,No content available.,,https://www.scrapethissite.com/pages/forms/,hockey_results.json,scraped_html,scraped_html,unknown,unknown,Untitled record,,
732,Untitled record,scraped_html,scraped_html,unknown,,,0.15,15.0,15,15,2.4,38.4,Untitled record,No content available.,,https://www.scrapethissite.com/pages/forms/,hockey_results.json,scraped_html,scraped_html,unknown,unknown,Untitled record,,
733,Untitled record,scraped_html,scraped_html,unknown,,,0.15,15.0,15,15,2.4,38.4,Untitled record,No content available.,,https://www.scrapethissite.com/pages/forms/,hockey_results.json,scraped_html,scraped_html,unknown,unknown,Untitled record,,
734,Untitled record,scraped_html,scraped_html,unknown,,,0.15,15.0,15,15,2.4,38.4,Untitled record,No content available.,,https://www.scrapethissite.com/pages/forms/,hockey_results.json,scraped_html,scraped_html,unknown,unknown,Untitled record,,
735,Untitled record,scraped_html,scraped_html,unknown,,,0.15,15.0,15,15,2.4,38.4,Untitled record,No content available.,,https://www.scrapethissite.com/pages/forms/,hockey_results.json,scraped_html,scraped_html,unknown,unknown,Untitled record,,
736,Untitled record,scraped_html,scraped_html,unknown,,,0.15,15.0,15,15,2.4,38.4,Untitled record,No content available.,,https://www.scrapethissite.com/pages/forms/,hockey_results.json,scraped_html,scraped_html,unknown,unknown,Untitled record,,
737,Untitled record,scraped_html,scraped_html,unknown,,,0.15,15.0,15,15,2.4,38.4,Untitled record,No content available.,,https://www.scrapethissite.com/pages/forms/,hockey_results.json,scraped_html,scraped_html,unknown,unknown,Untitled record,,
738,Untitled record,scraped_html,scraped_html,unknown,,,0.15,15.0,15,15,2.4,38.4,Untitled record,No content available.,,https://www.scrapethissite.com/pages/forms/,hockey_results.json,scraped_html,scraped_html,unknown,unknown,Untitled record,,
739,Untitled record,scraped_html,scraped_html,unknown,,,0.15,15.0,15,15,2.4,38.4,Untitled record,No content available.,,https://www.scrapethissite.com/pages/forms/,hockey_results.json,scraped_html,scraped_html,unknown,unknown,Untitled record,,
740,Untitled record,scraped_html,scraped_html,unknown,,,0.15,15.0,15,15,2.4,38.4,Untitled record,No content available.,,https://www.scrapethissite.com/pages/forms/,hockey_results.json,scraped_html,scraped_html,unknown,unknown,Untitled record,,
741,Untitled record,scraped_html,scraped_html,unknown,,,0.15,15.0,15,15,2.4,38.4,Untitled record,No content available.,,https://www.scrapethissite.com/pages/forms/,hockey_results.json,scraped_html,scraped_html,unknown,unknown,Untitled record,,
742,Untitled record,scraped_html,scraped_html,unknown,,,0.15,15.0,15,15,2.4,38.4,Untitled record,No content available.,,https://www.scrapethissite.com/pages/forms/,hockey_results.json,scraped_html,scraped_html,unknown,unknown,Untitled record,,
743,Untitled record,scraped_html,scraped_html,unknown,,,0.15,15.0,15,15,2.4,38.4,Untitled record,No content available.,,https://www.scrapethissite.com/pages/forms/,hockey_results.json,scraped_html,scraped_html,unknown,unknown,Untitled record,,
744,Untitled record,scraped_html,scraped_html,unknown,,,0.15,15.0,15,15,2.4,38.4,Untitled record,No content available.,,https://www.scrapethissite.com/pages/forms/,hockey_results.json,scraped_html,scraped_html,unknown,unknown,Untitled record,,
745,Untitled record,scraped_html,scraped_html,unknown,,,0.15,15.0,15,15,2.4,38.4,Untitled record,No content available.,,https://www.scrapethissite.com/pages/forms/,hockey_results.json,scraped_html,scraped_html,unknown,unknown,Untitled record,,
746,Untitled record,scraped_html,scraped_html,unknown,,,0.15,15.0,15,15,2.4,38.4,Untitled record,No content available.,,https://www.scrapethissite.com/pages/forms/,hockey_results.json,scraped_html,scraped_html,unknown,unknown,Untitled record,,
747,Untitled record,scraped_html,scraped_html,unknown,,,0.15,15.0,15,15,2.4,38.4,Untitled record,No content available.,,https://www.scrapethissite.com/pages/forms/,hockey_results.json,scraped_html,scraped_html,unknown,unknown,Untitled record,,
748,Untitled record,scraped_html,scraped_html,unknown,,,0.15,15.0,15,15,2.4,38.4,Untitled record,No content available.,,https://www.scrapethissite.com/pages/forms/,hockey_results.json,scraped_html,scraped_html,unknown,unknown,Untitled record,,
749,Untitled record,scraped_html,scraped_html,unknown,,,0.15,15.0,15,15,2.4,38.4,Untitled record,No content available.,,https://www.scrapethissite.com/pages/forms/,hockey_results.json,scraped_html,scraped_html,unknown,unknown,Untitled record,,
750,Untitled record,scraped_html,scraped_html,unknown,,,0.15,15.0,15,15,2.4,38.4,Untitled record,No content available.,,https://www.scrapethissite.com/pages/forms/,hockey_results.json,scraped_html,scraped_html,unknown,unknown,Untitled record,,
751,Untitled record,scraped_html,scraped_html,unknown,,,0.15,15.0,15,15,2.4,38.4,Untitled record,No content available.,,https://www.scrapethissite.com/pages/forms/,hockey_results.json,scraped_html,scraped_html,unknown,unknown,Untitled record,,
752,Untitled record,scraped_html,scraped_html,unknown,,,0.15,15.0,15,15,2.4,38.4,Untitled record,No content available.,,https://www.scrapethissite.com/pages/forms/,hockey_results.json,scraped_html,scraped_html,unknown,unknown,Untitled record,,
753,Untitled record,scraped_html,scraped_html,unknown,,,0.15,15.0,15,15,2.4,38.4,Untitled record,No content available.,,https://www.scrapethissite.com/pages/forms/,hockey_results.json,scraped_html,scraped_html,unknown,unknown,Untitled record,,
754,Untitled record,scraped_html_paginated,scraped_html_paginated,unknown,,,0.15,15.0,15,15,2.4,38.4,Untitled record,No content available.,,https://www.scrapethissite.com/pages/forms/?page_num=1,hockey_multi_page_results.json,scraped_html_paginated,scraped_html_paginated,unknown,unknown,Untitled record,,
755,Untitled record,scraped_html_paginated,scraped_html_paginated,unknown,,,0.15,15.0,15,15,2.4,38.4,Untitled record,No content available.,,https://www.scrapethissite.com/pages/forms/?page_num=1,hockey_multi_page_results.json,scraped_html_paginated,scraped_html_paginated,unknown,unknown,Untitled record,,
756,Untitled record,scraped_html_paginated,scraped_html_paginated,unknown,,,0.15,15.0,15,15,2.4,38.4,Untitled record,No content available.,,https://www.scrapethissite.com/pages/forms/?page_num=1,hockey_multi_page_results.json,scraped_html_paginated,scraped_html_paginated,unknown,unknown,Untitled record,,
757,Untitled record,scraped_html_paginated,scraped_html_paginated,unknown,,,0.15,15.0,15,15,2.4,38.4,Untitled record,No content available.,,https://www.scrapethissite.com/pages/forms/?page_num=1,hockey_multi_page_results.json,scraped_html_paginated,scraped_html_paginated,unknown,unknown,Untitled record,,
758,Untitled record,scraped_html_paginated,scraped_html_paginated,unknown,,,0.15,15.0,15,15,2.4,38.4,Untitled record,No content available.,,https://www.scrapethissite.com/pages/forms/?page_num=1,hockey_multi_page_results.json,scraped_html_paginated,scraped_html_paginated,unknown,unknown,Untitled record,,
759,Untitled record,scraped_html_paginated,scraped_html_paginated,unknown,,,0.15,15.0,15,15,2.4,38.4,Untitled record,No content available.,,https://www.scrapethissite.com/pages/forms/?page_num=1,hockey_multi_page_results.json,scraped_html_paginated,scraped_html_paginated,unknown,unknown,Untitled record,,
760,Untitled record,scraped_html_paginated,scraped_html_paginated,unknown,,,0.15,15.0,15,15,2.4,38.4,Untitled record,No content available.,,https://www.scrapethissite.com/pages/forms/?page_num=1,hockey_multi_page_results.json,scraped_html_paginated,scraped_html_paginated,unknown,unknown,Untitled record,,
761,Untitled record,scraped_html_paginated,scraped_html_paginated,unknown,,,0.15,15.0,15,15,2.4,38.4,Untitled record,No content available.,,https://www.scrapethissite.com/pages/forms/?page_num=1,hockey_multi_page_results.json,scraped_html_paginated,scraped_html_paginated,unknown,unknown,Untitled record,,
762,Untitled record,scraped_html_paginated,scraped_html_paginated,unknown,,,0.15,15.0,15,15,2.4,38.4,Untitled record,No content available.,,https://www.scrapethissite.com/pages/forms/?page_num=1,hockey_multi_page_results.json,scraped_html_paginated,scraped_html_paginated,unknown,unknown,Untitled record,,
763,Untitled record,scraped_html_paginated,scraped_html_paginated,unknown,,,0.15,15.0,15,15,2.4,38.4,Untitled record,No content available.,,https://www.scrapethissite.com/pages/forms/?page_num=1,hockey_multi_page_results.json,scraped_html_paginated,scraped_html_paginated,unknown,unknown,Untitled record,,
764,Untitled record,scraped_html_paginated,scraped_html_paginated,unknown,,,0.15,15.0,15,15,2.4,38.4,Untitled record,No content available.,,https://www.scrapethissite.com/pages/forms/?page_num=1,hockey_multi_page_results.json,scraped_html_paginated,scraped_html_paginated,unknown,unknown,Untitled record,,
765,Untitled record,scraped_html_paginated,scraped_html_paginated,unknown,,,0.15,15.0,15,15,2.4,38.4,Untitled record,No content available.,,https://www.scrapethissite.com/pages/forms/?page_num=1,hockey_multi_page_results.json,scraped_html_paginated,scraped_html_paginated,unknown,unknown,Untitled record,,
766,Untitled record,scraped_html_paginated,scraped_html_paginated,unknown,,,0.15,15.0,15,15,2.4,38.4,Untitled record,No content available.,,https://www.scrapethissite.com/pages/forms/?page_num=1,hockey_multi_page_results.json,scraped_html_paginated,scraped_html_paginated,unknown,unknown,Untitled record,,
767,Untitled record,scraped_html_paginated,scraped_html_paginated,unknown,,,0.15,15.0,15,15,2.4,38.4,Untitled record,No content available.,,https://www.scrapethissite.com/pages/forms/?page_num=1,hockey_multi_page_results.json,scraped_html_paginated,scraped_html_paginated,unknown,unknown,Untitled record,,
768,Untitled record,scraped_html_paginated,scraped_html_paginated,unknown,,,0.15,15.0,15,15,2.4,38.4,Untitled record,No content available.,,https://www.scrapethissite.com/pages/forms/?page_num=1,hockey_multi_page_results.json,scraped_html_paginated,scraped_html_paginated,unknown,unknown,Untitled record,,
769,Untitled record,scraped_html_paginated,scraped_html_paginated,unknown,,,0.15,15.0,15,15,2.4,38.4,Untitled record,No content available.,,https://www.scrapethissite.com/pages/forms/?page_num=1,hockey_multi_page_results.json,scraped_html_paginated,scraped_html_paginated,unknown,unknown,Untitled record,,
770,Untitled record,scraped_html_paginated,scraped_html_paginated,unknown,,,0.15,15.0,15,15,2.4,38.4,Untitled record,No content available.,,https://www.scrapethissite.com/pages/forms/?page_num=1,hockey_multi_page_results.json,scraped_html_paginated,scraped_html_paginated,unknown,unknown,Untitled record,,
771,Untitled record,scraped_html_paginated,scraped_html_paginated,unknown,,,0.15,15.0,15,15,2.4,38.4,Untitled record,No content available.,,https://www.scrapethissite.com/pages/forms/?page_num=1,hockey_multi_page_results.json,scraped_html_paginated,scraped_html_paginated,unknown,unknown,Untitled record,,
772,Untitled record,scraped_html_paginated,scraped_html_paginated,unknown,,,0.15,15.0,15,15,2.4,38.4,Untitled record,No content available.,,https://www.scrapethissite.com/pages/forms/?page_num=1,hockey_multi_page_results.json,scraped_html_paginated,scraped_html_paginated,unknown,unknown,Untitled record,,
773,Untitled record,scraped_html_paginated,scraped_html_paginated,unknown,,,0.15,15.0,15,15,2.4,38.4,Untitled record,No content available.,,https://www.scrapethissite.com/pages/forms/?page_num=1,hockey_multi_page_results.json,scraped_html_paginated,scraped_html_paginated,unknown,unknown,Untitled record,,
774,Untitled record,scraped_html_paginated,scraped_html_paginated,unknown,,,0.15,15.0,15,15,2.4,38.4,Untitled record,No content available.,,https://www.scrapethissite.com/pages/forms/?page_num=1,hockey_multi_page_results.json,scraped_html_paginated,scraped_html_paginated,unknown,unknown,Untitled record,,
775,Untitled record,scraped_html_paginated,scraped_html_paginated,unknown,,,0.15,15.0,15,15,2.4,38.4,Untitled record,No content available.,,https://www.scrapethissite.com/pages/forms/?page_num=1,hockey_multi_page_results.json,scraped_html_paginated,scraped_html_paginated,unknown,unknown,Untitled record,,
776,Untitled record,scraped_html_paginated,scraped_html_paginated,unknown,,,0.15,15.0,15,15,2.4,38.4,Untitled record,No content available.,,https://www.scrapethissite.com/pages/forms/?page_num=1,hockey_multi_page_results.json,scraped_html_paginated,scraped_html_paginated,unknown,unknown,Untitled record,,
777,Untitled record,scraped_html_paginated,scraped_html_paginated,unknown,,,0.15,15.0,15,15,2.4,38.4,Untitled record,No content available.,,https://www.scrapethissite.com/pages/forms/?page_num=1,hockey_multi_page_results.json,scraped_html_paginated,scraped_html_paginated,unknown,unknown,Untitled record,,
778,Untitled record,scraped_html_paginated,scraped_html_paginated,unknown,,,0.15,15.0,15,15,2.4,38.4,Untitled record,No content available.,,https://www.scrapethissite.com/pages/forms/?page_num=1,hockey_multi_page_results.json,scraped_html_paginated,scraped_html_paginated,unknown,unknown,Untitled record,,
779,Untitled record,scraped_html_paginated,scraped_html_paginated,unknown,,,0.15,15.0,15,15,2.4,38.4,Untitled record,No content available.,,https://www.scrapethissite.com/pages/forms/?page_num=2,hockey_multi_page_results.json,scraped_html_paginated,scraped_html_paginated,unknown,unknown,Untitled record,,
780,Untitled record,scraped_html_paginated,scraped_html_paginated,unknown,,,0.15,15.0,15,15,2.4,38.4,Untitled record,No content available.,,https://www.scrapethissite.com/pages/forms/?page_num=2,hockey_multi_page_results.json,scraped_html_paginated,scraped_html_paginated,unknown,unknown,Untitled record,,
781,Untitled record,scraped_html_paginated,scraped_html_paginated,unknown,,,0.15,15.0,15,15,2.4,38.4,Untitled record,No content available.,,https://www.scrapethissite.com/pages/forms/?page_num=2,hockey_multi_page_results.json,scraped_html_paginated,scraped_html_paginated,unknown,unknown,Untitled record,,
782,Untitled record,scraped_html_paginated,scraped_html_paginated,unknown,,,0.15,15.0,15,15,2.4,38.4,Untitled record,No content available.,,https://www.scrapethissite.com/pages/forms/?page_num=2,hockey_multi_page_results.json,scraped_html_paginated,scraped_html_paginated,unknown,unknown,Untitled record,,
783,Untitled record,scraped_html_paginated,scraped_html_paginated,unknown,,,0.15,15.0,15,15,2.4,38.4,Untitled record,No content available.,,https://www.scrapethissite.com/pages/forms/?page_num=2,hockey_multi_page_results.json,scraped_html_paginated,scraped_html_paginated,unknown,unknown,Untitled record,,
784,Untitled record,scraped_html_paginated,scraped_html_paginated,unknown,,,0.15,15.0,15,15,2.4,38.4,Untitled record,No content available.,,https://www.scrapethissite.com/pages/forms/?page_num=2,hockey_multi_page_results.json,scraped_html_paginated,scraped_html_paginated,unknown,unknown,Untitled record,,
785,Untitled record,scraped_html_paginated,scraped_html_paginated,unknown,,,0.15,15.0,15,15,2.4,38.4,Untitled record,No content available.,,https://www.scrapethissite.com/pages/forms/?page_num=2,hockey_multi_page_results.json,scraped_html_paginated,scraped_html_paginated,unknown,unknown,Untitled record,,
786,Untitled record,scraped_html_paginated,scraped_html_paginated,unknown,,,0.15,15.0,15,15,2.4,38.4,Untitled record,No content available.,,https://www.scrapethissite.com/pages/forms/?page_num=2,hockey_multi_page_results.json,scraped_html_paginated,scraped_html_paginated,unknown,unknown,Untitled record,,
787,Untitled record,scraped_html_paginated,scraped_html_paginated,unknown,,,0.15,15.0,15,15,2.4,38.4,Untitled record,No content available.,,https://www.scrapethissite.com/pages/forms/?page_num=2,hockey_multi_page_results.json,scraped_html_paginated,scraped_html_paginated,unknown,unknown,Untitled record,,
788,Untitled record,scraped_html_paginated,scraped_html_paginated,unknown,,,0.15,15.0,15,15,2.4,38.4,Untitled record,No content available.,,https://www.scrapethissite.com/pages/forms/?page_num=2,hockey_multi_page_results.json,scraped_html_paginated,scraped_html_paginated,unknown,unknown,Untitled record,,
789,Untitled record,scraped_html_paginated,scraped_html_paginated,unknown,,,0.15,15.0,15,15,2.4,38.4,Untitled record,No content available.,,https://www.scrapethissite.com/pages/forms/?page_num=2,hockey_multi_page_results.json,scraped_html_paginated,scraped_html_paginated,unknown,unknown,Untitled record,,
790,Untitled record,scraped_html_paginated,scraped_html_paginated,unknown,,,0.15,15.0,15,15,2.4,38.4,Untitled record,No content available.,,https://www.scrapethissite.com/pages/forms/?page_num=2,hockey_multi_page_results.json,scraped_html_paginated,scraped_html_paginated,unknown,unknown,Untitled record,,
791,Untitled record,scraped_html_paginated,scraped_html_paginated,unknown,,,0.15,15.0,15,15,2.4,38.4,Untitled record,No content available.,,https://www.scrapethissite.com/pages/forms/?page_num=2,hockey_multi_page_results.json,scraped_html_paginated,scraped_html_paginated,unknown,unknown,Untitled record,,
792,Untitled record,scraped_html_paginated,scraped_html_paginated,unknown,,,0.15,15.0,15,15,2.4,38.4,Untitled record,No content available.,,https://www.scrapethissite.com/pages/forms/?page_num=2,hockey_multi_page_results.json,scraped_html_paginated,scraped_html_paginated,unknown,unknown,Untitled record,,
793,Untitled record,scraped_html_paginated,scraped_html_paginated,unknown,,,0.15,15.0,15,15,2.4,38.4,Untitled record,No content available.,,https://www.scrapethissite.com/pages/forms/?page_num=2,hockey_multi_page_results.json,scraped_html_paginated,scraped_html_paginated,unknown,unknown,Untitled record,,
794,Untitled record,scraped_html_paginated,scraped_html_paginated,unknown,,,0.15,15.0,15,15,2.4,38.4,Untitled record,No content available.,,https://www.scrapethissite.com/pages/forms/?page_num=2,hockey_multi_page_results.json,scraped_html_paginated,scraped_html_paginated,unknown,unknown,Untitled record,,
795,Untitled record,scraped_html_paginated,scraped_html_paginated,unknown,,,0.15,15.0,15,15,2.4,38.4,Untitled record,No content available.,,https://www.scrapethissite.com/pages/forms/?page_num=2,hockey_multi_page_results.json,scraped_html_paginated,scraped_html_paginated,unknown,unknown,Untitled record,,
796,Untitled record,scraped_html_paginated,scraped_html_paginated,unknown,,,0.15,15.0,15,15,2.4,38.4,Untitled record,No content available.,,https://www.scrapethissite.com/pages/forms/?page_num=2,hockey_multi_page_results.json,scraped_html_paginated,scraped_html_paginated,unknown,unknown,Untitled record,,
797,Untitled record,scraped_html_paginated,scraped_html_paginated,unknown,,,0.15,15.0,15,15,2.4,38.4,Untitled record,No content available.,,https://www.scrapethissite.com/pages/forms/?page_num=2,hockey_multi_page_results.json,scraped_html_paginated,scraped_html_paginated,unknown,unknown,Untitled record,,
798,Untitled record,scraped_html_paginated,scraped_html_paginated,unknown,,,0.15,15.0,15,15,2.4,38.4,Untitled record,No content available.,,https://www.scrapethissite.com/pages/forms/?page_num=2,hockey_multi_page_results.json,scraped_html_paginated,scraped_html_paginated,unknown,unknown,Untitled record,,
799,Untitled record,scraped_html_paginated,scraped_html_paginated,unknown,,,0.15,15.0,15,15,2.4,38.4,Untitled record,No content available.,,https://www.scrapethissite.com/pages/forms/?page_num=2,hockey_multi_page_results.json,scraped_html_paginated,scraped_html_paginated,unknown,unknown,Untitled record,,
800,Untitled record,scraped_html_paginated,scraped_html_paginated,unknown,,,0.15,15.0,15,15,2.4,38.4,Untitled record,No content available.,,https://www.scrapethissite.com/pages/forms/?page_num=2,hockey_multi_page_results.json,scraped_html_paginated,scraped_html_paginated,unknown,unknown,Untitled record,,
801,Untitled record,scraped_html_paginated,scraped_html_paginated,unknown,,,0.15,15.0,15,15,2.4,38.4,Untitled record,No content available.,,https://www.scrapethissite.com/pages/forms/?page_num=2,hockey_multi_page_results.json,scraped_html_paginated,scraped_html_paginated,unknown,unknown,Untitled record,,
802,Untitled record,scraped_html_paginated,scraped_html_paginated,unknown,,,0.15,15.0,15,15,2.4,38.4,Untitled record,No content available.,,https://www.scrapethissite.com/pages/forms/?page_num=2,hockey_multi_page_results.json,scraped_html_paginated,scraped_html_paginated,unknown,unknown,Untitled record,,
803,Untitled record,scraped_html_paginated,scraped_html_paginated,unknown,,,0.15,15.0,15,15,2.4,38.4,Untitled record,No content available.,,https://www.scrapethissite.com/pages/forms/?page_num=2,hockey_multi_page_results.json,scraped_html_paginated,scraped_html_paginated,unknown,unknown,Untitled record,,
804,Untitled record,scraped_html_paginated,scraped_html_paginated,unknown,,,0.15,15.0,15,15,2.4,38.4,Untitled record,No content available.,,https://www.scrapethissite.com/pages/forms/?page_num=3,hockey_multi_page_results.json,scraped_html_paginated,scraped_html_paginated,unknown,unknown,Untitled record,,
805,Untitled record,scraped_html_paginated,scraped_html_paginated,unknown,,,0.15,15.0,15,15,2.4,38.4,Untitled record,No content available.,,https://www.scrapethissite.com/pages/forms/?page_num=3,hockey_multi_page_results.json,scraped_html_paginated,scraped_html_paginated,unknown,unknown,Untitled record,,
806,Untitled record,scraped_html_paginated,scraped_html_paginated,unknown,,,0.15,15.0,15,15,2.4,38.4,Untitled record,No content available.,,https://www.scrapethissite.com/pages/forms/?page_num=3,hockey_multi_page_results.json,scraped_html_paginated,scraped_html_paginated,unknown,unknown,Untitled record,,
807,Untitled record,scraped_html_paginated,scraped_html_paginated,unknown,,,0.15,15.0,15,15,2.4,38.4,Untitled record,No content available.,,https://www.scrapethissite.com/pages/forms/?page_num=3,hockey_multi_page_results.json,scraped_html_paginated,scraped_html_paginated,unknown,unknown,Untitled record,,
808,Untitled record,scraped_html_paginated,scraped_html_paginated,unknown,,,0.15,15.0,15,15,2.4,38.4,Untitled record,No content available.,,https://www.scrapethissite.com/pages/forms/?page_num=3,hockey_multi_page_results.json,scraped_html_paginated,scraped_html_paginated,unknown,unknown,Untitled record,,
809,Untitled record,scraped_html_paginated,scraped_html_paginated,unknown,,,0.15,15.0,15,15,2.4,38.4,Untitled record,No content available.,,https://www.scrapethissite.com/pages/forms/?page_num=3,hockey_multi_page_results.json,scraped_html_paginated,scraped_html_paginated,unknown,unknown,Untitled record,,
810,Untitled record,scraped_html_paginated,scraped_html_paginated,unknown,,,0.15,15.0,15,15,2.4,38.4,Untitled record,No content available.,,https://www.scrapethissite.com/pages/forms/?page_num=3,hockey_multi_page_results.json,scraped_html_paginated,scraped_html_paginated,unknown,unknown,Untitled record,,
811,Untitled record,scraped_html_paginated,scraped_html_paginated,unknown,,,0.15,15.0,15,15,2.4,38.4,Untitled record,No content available.,,https://www.scrapethissite.com/pages/forms/?page_num=3,hockey_multi_page_results.json,scraped_html_paginated,scraped_html_paginated,unknown,unknown,Untitled record,,
812,Untitled record,scraped_html_paginated,scraped_html_paginated,unknown,,,0.15,15.0,15,15,2.4,38.4,Untitled record,No content available.,,https://www.scrapethissite.com/pages/forms/?page_num=3,hockey_multi_page_results.json,scraped_html_paginated,scraped_html_paginated,unknown,unknown,Untitled record,,
813,Untitled record,scraped_html_paginated,scraped_html_paginated,unknown,,,0.15,15.0,15,15,2.4,38.4,Untitled record,No content available.,,https://www.scrapethissite.com/pages/forms/?page_num=3,hockey_multi_page_results.json,scraped_html_paginated,scraped_html_paginated,unknown,unknown,Untitled record,,
814,Untitled record,scraped_html_paginated,scraped_html_paginated,unknown,,,0.15,15.0,15,15,2.4,38.4,Untitled record,No content available.,,https://www.scrapethissite.com/pages/forms/?page_num=3,hockey_multi_page_results.json,scraped_html_paginated,scraped_html_paginated,unknown,unknown,Untitled record,,
815,Untitled record,scraped_html_paginated,scraped_html_paginated,unknown,,,0.15,15.0,15,15,2.4,38.4,Untitled record,No content available.,,https://www.scrapethissite.com/pages/forms/?page_num=3,hockey_multi_page_results.json,scraped_html_paginated,scraped_html_paginated,unknown,unknown,Untitled record,,
816,Untitled record,scraped_html_paginated,scraped_html_paginated,unknown,,,0.15,15.0,15,15,2.4,38.4,Untitled record,No content available.,,https://www.scrapethissite.com/pages/forms/?page_num=3,hockey_multi_page_results.json,scraped_html_paginated,scraped_html_paginated,unknown,unknown,Untitled record,,
817,Untitled record,scraped_html_paginated,scraped_html_paginated,unknown,,,0.15,15.0,15,15,2.4,38.4,Untitled record,No content available.,,https://www.scrapethissite.com/pages/forms/?page_num=3,hockey_multi_page_results.json,scraped_html_paginated,scraped_html_paginated,unknown,unknown,Untitled record,,
818,Untitled record,scraped_html_paginated,scraped_html_paginated,unknown,,,0.15,15.0,15,15,2.4,38.4,Untitled record,No content available.,,https://www.scrapethissite.com/pages/forms/?page_num=3,hockey_multi_page_results.json,scraped_html_paginated,scraped_html_paginated,unknown,unknown,Untitled record,,
819,Untitled record,scraped_html_paginated,scraped_html_paginated,unknown,,,0.15,15.0,15,15,2.4,38.4,Untitled record,No content available.,,https://www.scrapethissite.com/pages/forms/?page_num=3,hockey_multi_page_results.json,scraped_html_paginated,scraped_html_paginated,unknown,unknown,Untitled record,,
820,Untitled record,scraped_html_paginated,scraped_html_paginated,unknown,,,0.15,15.0,15,15,2.4,38.4,Untitled record,No content available.,,https://www.scrapethissite.com/pages/forms/?page_num=3,hockey_multi_page_results.json,scraped_html_paginated,scraped_html_paginated,unknown,unknown,Untitled record,,
821,Untitled record,scraped_html_paginated,scraped_html_paginated,unknown,,,0.15,15.0,15,15,2.4,38.4,Untitled record,No content available.,,https://www.scrapethissite.com/pages/forms/?page_num=3,hockey_multi_page_results.json,scraped_html_paginated,scraped_html_paginated,unknown,unknown,Untitled record,,
822,Untitled record,scraped_html_paginated,scraped_html_paginated,unknown,,,0.15,15.0,15,15,2.4,38.4,Untitled record,No content available.,,https://www.scrapethissite.com/pages/forms/?page_num=3,hockey_multi_page_results.json,scraped_html_paginated,scraped_html_paginated,unknown,unknown,Untitled record,,
823,Untitled record,scraped_html_paginated,scraped_html_paginated,unknown,,,0.15,15.0,15,15,2.4,38.4,Untitled record,No content available.,,https://www.scrapethissite.com/pages/forms/?page_num=3,hockey_multi_page_results.json,scraped_html_paginated,scraped_html_paginated,unknown,unknown,Untitled record,,
824,Untitled record,scraped_html_paginated,scraped_html_paginated,unknown,,,0.15,15.0,15,15,2.4,38.4,Untitled record,No content available.,,https://www.scrapethissite.com/pages/forms/?page_num=3,hockey_multi_page_results.json,scraped_html_paginated,scraped_html_paginated,unknown,unknown,Untitled record,,
825,Untitled record,scraped_html_paginated,scraped_html_paginated,unknown,,,0.15,15.0,15,15,2.4,38.4,Untitled record,No content available.,,https://www.scrapethissite.com/pages/forms/?page_num=3,hockey_multi_page_results.json,scraped_html_paginated,scraped_html_paginated,unknown,unknown,Untitled record,,
826,Untitled record,scraped_html_paginated,scraped_html_paginated,unknown,,,0.15,15.0,15,15,2.4,38.4,Untitled record,No content available.,,https://www.scrapethissite.com/pages/forms/?page_num=3,hockey_multi_page_results.json,scraped_html_paginated,scraped_html_paginated,unknown,unknown,Untitled record,,
827,Untitled record,scraped_html_paginated,scraped_html_paginated,unknown,,,0.15,15.0,15,15,2.4,38.4,Untitled record,No content available.,,https://www.scrapethissite.com/pages/forms/?page_num=3,hockey_multi_page_results.json,scraped_html_paginated,scraped_html_paginated,unknown,unknown,Untitled record,,
828,Untitled record,scraped_html_paginated,scraped_html_paginated,unknown,,,0.15,15.0,15,15,2.4,38.4,Untitled record,No content available.,,https://www.scrapethissite.com/pages/forms/?page_num=3,hockey_multi_page_results.json,scraped_html_paginated,scraped_html_paginated,unknown,unknown,Untitled record,,
829,Untitled record,scraped_html_paginated,scraped_html_paginated,unknown,,,0.15,15.0,15,15,2.4,38.4,Untitled record,No content available.,,https://www.scrapethissite.com/pages/forms/?page_num=4,hockey_multi_page_results.json,scraped_html_paginated,scraped_html_paginated,unknown,unknown,Untitled record,,
830,Untitled record,scraped_html_paginated,scraped_html_paginated,unknown,,,0.15,15.0,15,15,2.4,38.4,Untitled record,No content available.,,https://www.scrapethissite.com/pages/forms/?page_num=4,hockey_multi_page_results.json,scraped_html_paginated,scraped_html_paginated,unknown,unknown,Untitled record,,
831,Untitled record,scraped_html_paginated,scraped_html_paginated,unknown,,,0.15,15.0,15,15,2.4,38.4,Untitled record,No content available.,,https://www.scrapethissite.com/pages/forms/?page_num=4,hockey_multi_page_results.json,scraped_html_paginated,scraped_html_paginated,unknown,unknown,Untitled record,,
832,Untitled record,scraped_html_paginated,scraped_html_paginated,unknown,,,0.15,15.0,15,15,2.4,38.4,Untitled record,No content available.,,https://www.scrapethissite.com/pages/forms/?page_num=4,hockey_multi_page_results.json,scraped_html_paginated,scraped_html_paginated,unknown,unknown,Untitled record,,
833,Untitled record,scraped_html_paginated,scraped_html_paginated,unknown,,,0.15,15.0,15,15,2.4,38.4,Untitled record,No content available.,,https://www.scrapethissite.com/pages/forms/?page_num=4,hockey_multi_page_results.json,scraped_html_paginated,scraped_html_paginated,unknown,unknown,Untitled record,,
834,Untitled record,scraped_html_paginated,scraped_html_paginated,unknown,,,0.15,15.0,15,15,2.4,38.4,Untitled record,No content available.,,https://www.scrapethissite.com/pages/forms/?page_num=4,hockey_multi_page_results.json,scraped_html_paginated,scraped_html_paginated,unknown,unknown,Untitled record,,
835,Untitled record,scraped_html_paginated,scraped_html_paginated,unknown,,,0.15,15.0,15,15,2.4,38.4,Untitled record,No content available.,,https://www.scrapethissite.com/pages/forms/?page_num=4,hockey_multi_page_results.json,scraped_html_paginated,scraped_html_paginated,unknown,unknown,Untitled record,,
836,Untitled record,scraped_html_paginated,scraped_html_paginated,unknown,,,0.15,15.0,15,15,2.4,38.4,Untitled record,No content available.,,https://www.scrapethissite.com/pages/forms/?page_num=4,hockey_multi_page_results.json,scraped_html_paginated,scraped_html_paginated,unknown,unknown,Untitled record,,
837,Untitled record,scraped_html_paginated,scraped_html_paginated,unknown,,,0.15,15.0,15,15,2.4,38.4,Untitled record,No content available.,,https://www.scrapethissite.com/pages/forms/?page_num=4,hockey_multi_page_results.json,scraped_html_paginated,scraped_html_paginated,unknown,unknown,Untitled record,,
838,Untitled record,scraped_html_paginated,scraped_html_paginated,unknown,,,0.15,15.0,15,15,2.4,38.4,Untitled record,No content available.,,https://www.scrapethissite.com/pages/forms/?page_num=4,hockey_multi_page_results.json,scraped_html_paginated,scraped_html_paginated,unknown,unknown,Untitled record,,
839,Untitled record,scraped_html_paginated,scraped_html_paginated,unknown,,,0.15,15.0,15,15,2.4,38.4,Untitled record,No content available.,,https://www.scrapethissite.com/pages/forms/?page_num=4,hockey_multi_page_results.json,scraped_html_paginated,scraped_html_paginated,unknown,unknown,Untitled record,,
840,Untitled record,scraped_html_paginated,scraped_html_paginated,unknown,,,0.15,15.0,15,15,2.4,38.4,Untitled record,No content available.,,https://www.scrapethissite.com/pages/forms/?page_num=4,hockey_multi_page_results.json,scraped_html_paginated,scraped_html_paginated,unknown,unknown,Untitled record,,
841,Untitled record,scraped_html_paginated,scraped_html_paginated,unknown,,,0.15,15.0,15,15,2.4,38.4,Untitled record,No content available.,,https://www.scrapethissite.com/pages/forms/?page_num=4,hockey_multi_page_results.json,scraped_html_paginated,scraped_html_paginated,unknown,unknown,Untitled record,,
842,Untitled record,scraped_html_paginated,scraped_html_paginated,unknown,,,0.15,15.0,15,15,2.4,38.4,Untitled record,No content available.,,https://www.scrapethissite.com/pages/forms/?page_num=4,hockey_multi_page_results.json,scraped_html_paginated,scraped_html_paginated,unknown,unknown,Untitled record,,
843,Untitled record,scraped_html_paginated,scraped_html_paginated,unknown,,,0.15,15.0,15,15,2.4,38.4,Untitled record,No content available.,,https://www.scrapethissite.com/pages/forms/?page_num=4,hockey_multi_page_results.json,scraped_html_paginated,scraped_html_paginated,unknown,unknown,Untitled record,,
844,Untitled record,scraped_html_paginated,scraped_html_paginated,unknown,,,0.15,15.0,15,15,2.4,38.4,Untitled record,No content available.,,https://www.scrapethissite.com/pages/forms/?page_num=4,hockey_multi_page_results.json,scraped_html_paginated,scraped_html_paginated,unknown,unknown,Untitled record,,
845,Untitled record,scraped_html_paginated,scraped_html_paginated,unknown,,,0.15,15.0,15,15,2.4,38.4,Untitled record,No content available.,,https://www.scrapethissite.com/pages/forms/?page_num=4,hockey_multi_page_results.json,scraped_html_paginated,scraped_html_paginated,unknown,unknown,Untitled record,,
846,Untitled record,scraped_html_paginated,scraped_html_paginated,unknown,,,0.15,15.0,15,15,2.4,38.4,Untitled record,No content available.,,https://www.scrapethissite.com/pages/forms/?page_num=4,hockey_multi_page_results.json,scraped_html_paginated,scraped_html_paginated,unknown,unknown,Untitled record,,
847,Untitled record,scraped_html_paginated,scraped_html_paginated,unknown,,,0.15,15.0,15,15,2.4,38.4,Untitled record,No content available.,,https://www.scrapethissite.com/pages/forms/?page_num=4,hockey_multi_page_results.json,scraped_html_paginated,scraped_html_paginated,unknown,unknown,Untitled record,,
848,Untitled record,scraped_html_paginated,scraped_html_paginated,unknown,,,0.15,15.0,15,15,2.4,38.4,Untitled record,No content available.,,https://www.scrapethissite.com/pages/forms/?page_num=4,hockey_multi_page_results.json,scraped_html_paginated,scraped_html_paginated,unknown,unknown,Untitled record,,
849,Untitled record,scraped_html_paginated,scraped_html_paginated,unknown,,,0.15,15.0,15,15,2.4,38.4,Untitled record,No content available.,,https://www.scrapethissite.com/pages/forms/?page_num=4,hockey_multi_page_results.json,scraped_html_paginated,scraped_html_paginated,unknown,unknown,Untitled record,,
850,Untitled record,scraped_html_paginated,scraped_html_paginated,unknown,,,0.15,15.0,15,15,2.4,38.4,Untitled record,No content available.,,https://www.scrapethissite.com/pages/forms/?page_num=4,hockey_multi_page_results.json,scraped_html_paginated,scraped_html_paginated,unknown,unknown,Untitled record,,
851,Untitled record,scraped_html_paginated,scraped_html_paginated,unknown,,,0.15,15.0,15,15,2.4,38.4,Untitled record,No content available.,,https://www.scrapethissite.com/pages/forms/?page_num=4,hockey_multi_page_results.json,scraped_html_paginated,scraped_html_paginated,unknown,unknown,Untitled record,,
852,Untitled record,scraped_html_paginated,scraped_html_paginated,unknown,,,0.15,15.0,15,15,2.4,38.4,Untitled record,No content available.,,https://www.scrapethissite.com/pages/forms/?page_num=4,hockey_multi_page_results.json,scraped_html_paginated,scraped_html_paginated,unknown,unknown,Untitled record,,
853,Untitled record,scraped_html_paginated,scraped_html_paginated,unknown,,,0.15,15.0,15,15,2.4,38.4,Untitled record,No content available.,,https://www.scrapethissite.com/pages/forms/?page_num=4,hockey_multi_page_results.json,scraped_html_paginated,scraped_html_paginated,unknown,unknown,Untitled record,,
870,The Descendants,scraped_json_api,scraped_json_api,unknown,,,0.15,15.0,15,15,2.4,38.4,The Descendants,No content available.,,https://www.scrapethissite.com/pages/ajax-javascript/?ajax=true&year=2011,ajax_movies_api_results.json,scraped_json_api,scraped_json_api,unknown,unknown,The Descendants,,
913,American Sniper,scraped_json_api,scraped_json_api,unknown,,,0.15,15.0,15,15,2.4,38.4,American Sniper,No content available.,,https://www.scrapethissite.com/pages/ajax-javascript/?ajax=true&year=2014,ajax_movies_api_results.json,scraped_json_api,scraped_json_api,unknown,unknown,American Sniper,,
927,The Revenant,scraped_json_api,scraped_json_api,unknown,,,0.15,15.0,15,15,2.4,38.4,The Revenant,No content available.,,https://www.scrapethissite.com/pages/ajax-javascript/?ajax=true&year=2015,ajax_movies_api_results.json,scraped_json_api,scraped_json_api,unknown,unknown,The Revenant,,
928,Bridge of Spies,scraped_json_api,scraped_json_api,unknown,,,0.15,15.0,15,15,2.4,38.4,Bridge of Spies,No content available.,,https://www.scrapethissite.com/pages/ajax-javascript/?ajax=true&year=2015,ajax_movies_api_results.json,scraped_json_api,scraped_json_api,unknown,unknown,Bridge of Spies,,
929,The Big Short,scraped_json_api,scraped_json_api,unknown,,,0.15,15.0,15,15,2.4,38.4,The Big Short,No content available.,,https://www.scrapethissite.com/pages/ajax-javascript/?ajax=true&year=2015,ajax_movies_api_results.json,scraped_json_api,scraped_json_api,unknown,unknown,The Big Short,,
930,The Danish Girl,scraped_json_api,scraped_json_api,unknown,,,0.15,15.0,15,15,2.4,38.4,The Danish Girl,No content available.,,https://www.scrapethissite.com/pages/ajax-javascript/?ajax=true&year=2015,ajax_movies_api_results.json,scraped_json_api,scraped_json_api,unknown,unknown,The Danish Girl,,
983,Untitled record,excel_summary,excel_summary,unknown,,,0.15,15.0,15,15,2.4,38.4,Untitled record,No content available.,,data/raw/excel/news_data.xlsx,news_data.xlsx,excel_summary,excel_summary,unknown,unknown,Untitled record,,
985,Untitled record,scraped_html,scraped_html,unknown,,,0.15,15.0,15,15,2.4,38.4,Untitled record,No content available.,,https://www.scrapethissite.com/pages/forms/,hockey_results.json,scraped_html,scraped_html,unknown,unknown,Untitled record,,
986,Untitled record,scraped_html,scraped_html,unknown,,,0.15,15.0,15,15,2.4,38.4,Untitled record,No content available.,,https://www.scrapethissite.com/pages/forms/,hockey_results.json,scraped_html,scraped_html,unknown,unknown,Untitled record,,
987,Untitled record,scraped_html,scraped_html,unknown,,,0.15,15.0,15,15,2.4,38.4,Untitled record,No content available.,,https://www.scrapethissite.com/pages/forms/,hockey_results.json,scraped_html,scraped_html,unknown,unknown,Untitled record,,
988,Untitled record,scraped_html,scraped_html,unknown,,,0.15,15.0,15,15,2.4,38.4,Untitled record,No content available.,,https://www.scrapethissite.com/pages/forms/,hockey_results.json,scraped_html,scraped_html,unknown,unknown,Untitled record,,
989,Untitled record,scraped_html,scraped_html,unknown,,,0.15,15.0,15,15,2.4,38.4,Untitled record,No content available.,,https://www.scrapethissite.com/pages/forms/,hockey_results.json,scraped_html,scraped_html,unknown,unknown,Untitled record,,
990,Untitled record,scraped_html,scraped_html,unknown,,,0.15,15.0,15,15,2.4,38.4,Untitled record,No content available.,,https://www.scrapethissite.com/pages/forms/,hockey_results.json,scraped_html,scraped_html,unknown,unknown,Untitled record,,
991,Untitled record,scraped_html,scraped_html,unknown,,,0.15,15.0,15,15,2.4,38.4,Untitled record,No content available.,,https://www.scrapethissite.com/pages/forms/,hockey_results.json,scraped_html,scraped_html,unknown,unknown,Untitled record,,
992,Untitled record,scraped_html,scraped_html,unknown,,,0.15,15.0,15,15,2.4,38.4,Untitled record,No content available.,,https://www.scrapethissite.com/pages/forms/,hockey_results.json,scraped_html,scraped_html,unknown,unknown,Untitled record,,
993,Untitled record,scraped_html,scraped_html,unknown,,,0.15,15.0,15,15,2.4,38.4,Untitled record,No content available.,,https://www.scrapethissite.com/pages/forms/,hockey_results.json,scraped_html,scraped_html,unknown,unknown,Untitled record,,
994,Untitled record,scraped_html,scraped_html,unknown,,,0.15,15.0,15,15,2.4,38.4,Untitled record,No content available.,,https://www.scrapethissite.com/pages/forms/,hockey_results.json,scraped_html,scraped_html,unknown,unknown,Untitled record,,
995,Untitled record,scraped_html,scraped_html,unknown,,,0.15,15.0,15,15,2.4,38.4,Untitled record,No content available.,,https://www.scrapethissite.com/pages/forms/,hockey_results.json,scraped_html,scraped_html,unknown,unknown,Untitled record,,
996,Untitled record,scraped_html,scraped_html,unknown,,,0.15,15.0,15,15,2.4,38.4,Untitled record,No content available.,,https://www.scrapethissite.com/pages/forms/,hockey_results.json,scraped_html,scraped_html,unknown,unknown,Untitled record,,
997,Untitled record,scraped_html,scraped_html,unknown,,,0.15,15.0,15,15,2.4,38.4,Untitled record,No content available.,,https://www.scrapethissite.com/pages/forms/,hockey_results.json,scraped_html,scraped_html,unknown,unknown,Untitled record,,
998,Untitled record,scraped_html,scraped_html,unknown,,,0.15,15.0,15,15,2.4,38.4,Untitled record,No content available.,,https://www.scrapethissite.com/pages/forms/,hockey_results.json,scraped_html,scraped_html,unknown,unknown,Untitled record,,
999,Untitled record,scraped_html,scraped_html,unknown,,,0.15,15.0,15,15,2.4,38.4,Untitled record,No content available.,,https://www.scrapethissite.com/pages/forms/,hockey_results.json,scraped_html,scraped_html,unknown,unknown,Untitled record,,
1000,Untitled record,scraped_html,scraped_html,unknown,,,0.15,15.0,15,15,2.4,38.4,Untitled record,No content available.,,https://www.scrapethissite.com/pages/forms/,hockey_results.json,scraped_html,scraped_html,unknown,unknown,Untitled record,,
1001,Untitled record,scraped_html,scraped_html,unknown,,,0.15,15.0,15,15,2.4,38.4,Untitled record,No content available.,,https://www.scrapethissite.com/pages/forms/,hockey_results.json,scraped_html,scraped_html,unknown,unknown,Untitled record,,
1002,Untitled record,scraped_html,scraped_html,unknown,,,0.15,15.0,15,15,2.4,38.4,Untitled record,No content available.,,https://www.scrapethissite.com/pages/forms/,hockey_results.json,scraped_html,scraped_html,unknown,unknown,Untitled record,,
1003,Untitled record,scraped_html,scraped_html,unknown,,,0.15,15.0,15,15,2.4,38.4,Untitled record,No content available.,,https://www.scrapethissite.com/pages/forms/,hockey_results.json,scraped_html,scraped_html,unknown,unknown,Untitled record,,
1004,Untitled record,scraped_html,scraped_html,unknown,,,0.15,15.0,15,15,2.4,38.4,Untitled record,No content available.,,https://www.scrapethissite.com/pages/forms/,hockey_results.json,scraped_html,scraped_html,unknown,unknown,Untitled record,,
1005,Untitled record,scraped_html,scraped_html,unknown,,,0.15,15.0,15,15,2.4,38.4,Untitled record,No content available.,,https://www.scrapethissite.com/pages/forms/,hockey_results.json,scraped_html,scraped_html,unknown,unknown,Untitled record,,
1006,Untitled record,scraped_html,scraped_html,unknown,,,0.15,15.0,15,15,2.4,38.4,Untitled record,No content available.,,https://www.scrapethissite.com/pages/forms/,hockey_results.json,scraped_html,scraped_html,unknown,unknown,Untitled record,,
1007,Untitled record,scraped_html,scraped_html,unknown,,,0.15,15.0,15,15,2.4,38.4,Untitled record,No content available.,,https://www.scrapethissite.com/pages/forms/,hockey_results.json,scraped_html,scraped_html,unknown,unknown,Untitled record,,
1008,Untitled record,scraped_html,scraped_html,unknown,,,0.15,15.0,15,15,2.4,38.4,Untitled record,No content available.,,https://www.scrapethissite.com/pages/forms/,hockey_results.json,scraped_html,scraped_html,unknown,unknown,Untitled record,,
1009,Untitled record,scraped_html,scraped_html,unknown,,,0.15,15.0,15,15,2.4,38.4,Untitled record,No content available.,,https://www.scrapethissite.com/pages/forms/,hockey_results.json,scraped_html,scraped_html,unknown,unknown,Untitled record,,
1010,Untitled record,scraped_html_paginated,scraped_html_paginated,unknown,,,0.15,15.0,15,15,2.4,38.4,Untitled record,No content available.,,https://www.scrapethissite.com/pages/forms/?page_num=1,hockey_multi_page_results.json,scraped_html_paginated,scraped_html_paginated,unknown,unknown,Untitled record,,
1011,Untitled record,scraped_html_paginated,scraped_html_paginated,unknown,,,0.15,15.0,15,15,2.4,38.4,Untitled record,No content available.,,https://www.scrapethissite.com/pages/forms/?page_num=1,hockey_multi_page_results.json,scraped_html_paginated,scraped_html_paginated,unknown,unknown,Untitled record,,
1012,Untitled record,scraped_html_paginated,scraped_html_paginated,unknown,,,0.15,15.0,15,15,2.4,38.4,Untitled record,No content available.,,https://www.scrapethissite.com/pages/forms/?page_num=1,hockey_multi_page_results.json,scraped_html_paginated,scraped_html_paginated,unknown,unknown,Untitled record,,
1013,Untitled record,scraped_html_paginated,scraped_html_paginated,unknown,,,0.15,15.0,15,15,2.4,38.4,Untitled record,No content available.,,https://www.scrapethissite.com/pages/forms/?page_num=1,hockey_multi_page_results.json,scraped_html_paginated,scraped_html_paginated,unknown,unknown,Untitled record,,
1014,Untitled record,scraped_html_paginated,scraped_html_paginated,unknown,,,0.15,15.0,15,15,2.4,38.4,Untitled record,No content available.,,https://www.scrapethissite.com/pages/forms/?page_num=1,hockey_multi_page_results.json,scraped_html_paginated,scraped_html_paginated,unknown,unknown,Untitled record,,
1015,Untitled record,scraped_html_paginated,scraped_html_paginated,unknown,,,0.15,15.0,15,15,2.4,38.4,Untitled record,No content available.,,https://www.scrapethissite.com/pages/forms/?page_num=1,hockey_multi_page_results.json,scraped_html_paginated,scraped_html_paginated,unknown,unknown,Untitled record,,
1016,Untitled record,scraped_html_paginated,scraped_html_paginated,unknown,,,0.15,15.0,15,15,2.4,38.4,Untitled record,No content available.,,https://www.scrapethissite.com/pages/forms/?page_num=1,hockey_multi_page_results.json,scraped_html_paginated,scraped_html_paginated,unknown,unknown,Untitled record,,
1017,Untitled record,scraped_html_paginated,scraped_html_paginated,unknown,,,0.15,15.0,15,15,2.4,38.4,Untitled record,No content available.,,https://www.scrapethissite.com/pages/forms/?page_num=1,hockey_multi_page_results.json,scraped_html_paginated,scraped_html_paginated,unknown,unknown,Untitled record,,
1018,Untitled record,scraped_html_paginated,scraped_html_paginated,unknown,,,0.15,15.0,15,15,2.4,38.4,Untitled record,No content available.,,https://www.scrapethissite.com/pages/forms/?page_num=1,hockey_multi_page_results.json,scraped_html_paginated,scraped_html_paginated,unknown,unknown,Untitled record,,
1019,Untitled record,scraped_html_paginated,scraped_html_paginated,unknown,,,0.15,15.0,15,15,2.4,38.4,Untitled record,No content available.,,https://www.scrapethissite.com/pages/forms/?page_num=1,hockey_multi_page_results.json,scraped_html_paginated,scraped_html_paginated,unknown,unknown,Untitled record,,
1020,Untitled record,scraped_html_paginated,scraped_html_paginated,unknown,,,0.15,15.0,15,15,2.4,38.4,Untitled record,No content available.,,https://www.scrapethissite.com/pages/forms/?page_num=1,hockey_multi_page_results.json,scraped_html_paginated,scraped_html_paginated,unknown,unknown,Untitled record,,
1021,Untitled record,scraped_html_paginated,scraped_html_paginated,unknown,,,0.15,15.0,15,15,2.4,38.4,Untitled record,No content available.,,https://www.scrapethissite.com/pages/forms/?page_num=1,hockey_multi_page_results.json,scraped_html_paginated,scraped_html_paginated,unknown,unknown,Untitled record,,
1022,Untitled record,scraped_html_paginated,scraped_html_paginated,unknown,,,0.15,15.0,15,15,2.4,38.4,Untitled record,No content available.,,https://www.scrapethissite.com/pages/forms/?page_num=1,hockey_multi_page_results.json,scraped_html_paginated,scraped_html_paginated,unknown,unknown,Untitled record,,
1023,Untitled record,scraped_html_paginated,scraped_html_paginated,unknown,,,0.15,15.0,15,15,2.4,38.4,Untitled record,No content available.,,https://www.scrapethissite.com/pages/forms/?page_num=1,hockey_multi_page_results.json,scraped_html_paginated,scraped_html_paginated,unknown,unknown,Untitled record,,
1024,Untitled record,scraped_html_paginated,scraped_html_paginated,unknown,,,0.15,15.0,15,15,2.4,38.4,Untitled record,No content available.,,https://www.scrapethissite.com/pages/forms/?page_num=1,hockey_multi_page_results.json,scraped_html_paginated,scraped_html_paginated,unknown,unknown,Untitled record,,
1025,Untitled record,scraped_html_paginated,scraped_html_paginated,unknown,,,0.15,15.0,15,15,2.4,38.4,Untitled record,No content available.,,https://www.scrapethissite.com/pages/forms/?page_num=1,hockey_multi_page_results.json,scraped_html_paginated,scraped_html_paginated,unknown,unknown,Untitled record,,
1026,Untitled record,scraped_html_paginated,scraped_html_paginated,unknown,,,0.15,15.0,15,15,2.4,38.4,Untitled record,No content available.,,https://www.scrapethissite.com/pages/forms/?page_num=1,hockey_multi_page_results.json,scraped_html_paginated,scraped_html_paginated,unknown,unknown,Untitled record,,
1027,Untitled record,scraped_html_paginated,scraped_html_paginated,unknown,,,0.15,15.0,15,15,2.4,38.4,Untitled record,No content available.,,https://www.scrapethissite.com/pages/forms/?page_num=1,hockey_multi_page_results.json,scraped_html_paginated,scraped_html_paginated,unknown,unknown,Untitled record,,
1028,Untitled record,scraped_html_paginated,scraped_html_paginated,unknown,,,0.15,15.0,15,15,2.4,38.4,Untitled record,No content available.,,https://www.scrapethissite.com/pages/forms/?page_num=1,hockey_multi_page_results.json,scraped_html_paginated,scraped_html_paginated,unknown,unknown,Untitled record,,
1029,Untitled record,scraped_html_paginated,scraped_html_paginated,unknown,,,0.15,15.0,15,15,2.4,38.4,Untitled record,No content available.,,https://www.scrapethissite.com/pages/forms/?page_num=1,hockey_multi_page_results.json,scraped_html_paginated,scraped_html_paginated,unknown,unknown,Untitled record,,
1030,Untitled record,scraped_html_paginated,scraped_html_paginated,unknown,,,0.15,15.0,15,15,2.4,38.4,Untitled record,No content available.,,https://www.scrapethissite.com/pages/forms/?page_num=1,hockey_multi_page_results.json,scraped_html_paginated,scraped_html_paginated,unknown,unknown,Untitled record,,
1031,Untitled record,scraped_html_paginated,scraped_html_paginated,unknown,,,0.15,15.0,15,15,2.4,38.4,Untitled record,No content available.,,https://www.scrapethissite.com/pages/forms/?page_num=1,hockey_multi_page_results.json,scraped_html_paginated,scraped_html_paginated,unknown,unknown,Untitled record,,
1032,Untitled record,scraped_html_paginated,scraped_html_paginated,unknown,,,0.15,15.0,15,15,2.4,38.4,Untitled record,No content available.,,https://www.scrapethissite.com/pages/forms/?page_num=1,hockey_multi_page_results.json,scraped_html_paginated,scraped_html_paginated,unknown,unknown,Untitled record,,
1033,Untitled record,scraped_html_paginated,scraped_html_paginated,unknown,,,0.15,15.0,15,15,2.4,38.4,Untitled record,No content available.,,https://www.scrapethissite.com/pages/forms/?page_num=1,hockey_multi_page_results.json,scraped_html_paginated,scraped_html_paginated,unknown,unknown,Untitled record,,
1034,Untitled record,scraped_html_paginated,scraped_html_paginated,unknown,,,0.15,15.0,15,15,2.4,38.4,Untitled record,No content available.,,https://www.scrapethissite.com/pages/forms/?page_num=1,hockey_multi_page_results.json,scraped_html_paginated,scraped_html_paginated,unknown,unknown,Untitled record,,
1035,Untitled record,scraped_html_paginated,scraped_html_paginated,unknown,,,0.15,15.0,15,15,2.4,38.4,Untitled record,No content available.,,https://www.scrapethissite.com/pages/forms/?page_num=2,hockey_multi_page_results.json,scraped_html_paginated,scraped_html_paginated,unknown,unknown,Untitled record,,
1036,Untitled record,scraped_html_paginated,scraped_html_paginated,unknown,,,0.15,15.0,15,15,2.4,38.4,Untitled record,No content available.,,https://www.scrapethissite.com/pages/forms/?page_num=2,hockey_multi_page_results.json,scraped_html_paginated,scraped_html_paginated,unknown,unknown,Untitled record,,
1037,Untitled record,scraped_html_paginated,scraped_html_paginated,unknown,,,0.15,15.0,15,15,2.4,38.4,Untitled record,No content available.,,https://www.scrapethissite.com/pages/forms/?page_num=2,hockey_multi_page_results.json,scraped_html_paginated,scraped_html_paginated,unknown,unknown,Untitled record,,
1038,Untitled record,scraped_html_paginated,scraped_html_paginated,unknown,,,0.15,15.0,15,15,2.4,38.4,Untitled record,No content available.,,https://www.scrapethissite.com/pages/forms/?page_num=2,hockey_multi_page_results.json,scraped_html_paginated,scraped_html_paginated,unknown,unknown,Untitled record,,
1039,Untitled record,scraped_html_paginated,scraped_html_paginated,unknown,,,0.15,15.0,15,15,2.4,38.4,Untitled record,No content available.,,https://www.scrapethissite.com/pages/forms/?page_num=2,hockey_multi_page_results.json,scraped_html_paginated,scraped_html_paginated,unknown,unknown,Untitled record,,
1040,Untitled record,scraped_html_paginated,scraped_html_paginated,unknown,,,0.15,15.0,15,15,2.4,38.4,Untitled record,No content available.,,https://www.scrapethissite.com/pages/forms/?page_num=2,hockey_multi_page_results.json,scraped_html_paginated,scraped_html_paginated,unknown,unknown,Untitled record,,
1041,Untitled record,scraped_html_paginated,scraped_html_paginated,unknown,,,0.15,15.0,15,15,2.4,38.4,Untitled record,No content available.,,https://www.scrapethissite.com/pages/forms/?page_num=2,hockey_multi_page_results.json,scraped_html_paginated,scraped_html_paginated,unknown,unknown,Untitled record,,
1042,Untitled record,scraped_html_paginated,scraped_html_paginated,unknown,,,0.15,15.0,15,15,2.4,38.4,Untitled record,No content available.,,https://www.scrapethissite.com/pages/forms/?page_num=2,hockey_multi_page_results.json,scraped_html_paginated,scraped_html_paginated,unknown,unknown,Untitled record,,
1043,Untitled record,scraped_html_paginated,scraped_html_paginated,unknown,,,0.15,15.0,15,15,2.4,38.4,Untitled record,No content available.,,https://www.scrapethissite.com/pages/forms/?page_num=2,hockey_multi_page_results.json,scraped_html_paginated,scraped_html_paginated,unknown,unknown,Untitled record,,
1044,Untitled record,scraped_html_paginated,scraped_html_paginated,unknown,,,0.15,15.0,15,15,2.4,38.4,Untitled record,No content available.,,https://www.scrapethissite.com/pages/forms/?page_num=2,hockey_multi_page_results.json,scraped_html_paginated,scraped_html_paginated,unknown,unknown,Untitled record,,
1045,Untitled record,scraped_html_paginated,scraped_html_paginated,unknown,,,0.15,15.0,15,15,2.4,38.4,Untitled record,No content available.,,https://www.scrapethissite.com/pages/forms/?page_num=2,hockey_multi_page_results.json,scraped_html_paginated,scraped_html_paginated,unknown,unknown,Untitled record,,
1046,Untitled record,scraped_html_paginated,scraped_html_paginated,unknown,,,0.15,15.0,15,15,2.4,38.4,Untitled record,No content available.,,https://www.scrapethissite.com/pages/forms/?page_num=2,hockey_multi_page_results.json,scraped_html_paginated,scraped_html_paginated,unknown,unknown,Untitled record,,
1047,Untitled record,scraped_html_paginated,scraped_html_paginated,unknown,,,0.15,15.0,15,15,2.4,38.4,Untitled record,No content available.,,https://www.scrapethissite.com/pages/forms/?page_num=2,hockey_multi_page_results.json,scraped_html_paginated,scraped_html_paginated,unknown,unknown,Untitled record,,
1048,Untitled record,scraped_html_paginated,scraped_html_paginated,unknown,,,0.15,15.0,15,15,2.4,38.4,Untitled record,No content available.,,https://www.scrapethissite.com/pages/forms/?page_num=2,hockey_multi_page_results.json,scraped_html_paginated,scraped_html_paginated,unknown,unknown,Untitled record,,
1049,Untitled record,scraped_html_paginated,scraped_html_paginated,unknown,,,0.15,15.0,15,15,2.4,38.4,Untitled record,No content available.,,https://www.scrapethissite.com/pages/forms/?page_num=2,hockey_multi_page_results.json,scraped_html_paginated,scraped_html_paginated,unknown,unknown,Untitled record,,
1050,Untitled record,scraped_html_paginated,scraped_html_paginated,unknown,,,0.15,15.0,15,15,2.4,38.4,Untitled record,No content available.,,https://www.scrapethissite.com/pages/forms/?page_num=2,hockey_multi_page_results.json,scraped_html_paginated,scraped_html_paginated,unknown,unknown,Untitled record,,
1051,Untitled record,scraped_html_paginated,scraped_html_paginated,unknown,,,0.15,15.0,15,15,2.4,38.4,Untitled record,No content available.,,https://www.scrapethissite.com/pages/forms/?page_num=2,hockey_multi_page_results.json,scraped_html_paginated,scraped_html_paginated,unknown,unknown,Untitled record,,
1052,Untitled record,scraped_html_paginated,scraped_html_paginated,unknown,,,0.15,15.0,15,15,2.4,38.4,Untitled record,No content available.,,https://www.scrapethissite.com/pages/forms/?page_num=2,hockey_multi_page_results.json,scraped_html_paginated,scraped_html_paginated,unknown,unknown,Untitled record,,
1053,Untitled record,scraped_html_paginated,scraped_html_paginated,unknown,,,0.15,15.0,15,15,2.4,38.4,Untitled record,No content available.,,https://www.scrapethissite.com/pages/forms/?page_num=2,hockey_multi_page_results.json,scraped_html_paginated,scraped_html_paginated,unknown,unknown,Untitled record,,
1054,Untitled record,scraped_html_paginated,scraped_html_paginated,unknown,,,0.15,15.0,15,15,2.4,38.4,Untitled record,No content available.,,https://www.scrapethissite.com/pages/forms/?page_num=2,hockey_multi_page_results.json,scraped_html_paginated,scraped_html_paginated,unknown,unknown,Untitled record,,
1055,Untitled record,scraped_html_paginated,scraped_html_paginated,unknown,,,0.15,15.0,15,15,2.4,38.4,Untitled record,No content available.,,https://www.scrapethissite.com/pages/forms/?page_num=2,hockey_multi_page_results.json,scraped_html_paginated,scraped_html_paginated,unknown,unknown,Untitled record,,
1056,Untitled record,scraped_html_paginated,scraped_html_paginated,unknown,,,0.15,15.0,15,15,2.4,38.4,Untitled record,No content available.,,https://www.scrapethissite.com/pages/forms/?page_num=2,hockey_multi_page_results.json,scraped_html_paginated,scraped_html_paginated,unknown,unknown,Untitled record,,
1057,Untitled record,scraped_html_paginated,scraped_html_paginated,unknown,,,0.15,15.0,15,15,2.4,38.4,Untitled record,No content available.,,https://www.scrapethissite.com/pages/forms/?page_num=2,hockey_multi_page_results.json,scraped_html_paginated,scraped_html_paginated,unknown,unknown,Untitled record,,
1058,Untitled record,scraped_html_paginated,scraped_html_paginated,unknown,,,0.15,15.0,15,15,2.4,38.4,Untitled record,No content available.,,https://www.scrapethissite.com/pages/forms/?page_num=2,hockey_multi_page_results.json,scraped_html_paginated,scraped_html_paginated,unknown,unknown,Untitled record,,
1059,Untitled record,scraped_html_paginated,scraped_html_paginated,unknown,,,0.15,15.0,15,15,2.4,38.4,Untitled record,No content available.,,https://www.scrapethissite.com/pages/forms/?page_num=2,hockey_multi_page_results.json,scraped_html_paginated,scraped_html_paginated,unknown,unknown,Untitled record,,
1060,Untitled record,scraped_html_paginated,scraped_html_paginated,unknown,,,0.15,15.0,15,15,2.4,38.4,Untitled record,No content available.,,https://www.scrapethissite.com/pages/forms/?page_num=3,hockey_multi_page_results.json,scraped_html_paginated,scraped_html_paginated,unknown,unknown,Untitled record,,
1061,Untitled record,scraped_html_paginated,scraped_html_paginated,unknown,,,0.15,15.0,15,15,2.4,38.4,Untitled record,No content available.,,https://www.scrapethissite.com/pages/forms/?page_num=3,hockey_multi_page_results.json,scraped_html_paginated,scraped_html_paginated,unknown,unknown,Untitled record,,
1062,Untitled record,scraped_html_paginated,scraped_html_paginated,unknown,,,0.15,15.0,15,15,2.4,38.4,Untitled record,No content available.,,https://www.scrapethissite.com/pages/forms/?page_num=3,hockey_multi_page_results.json,scraped_html_paginated,scraped_html_paginated,unknown,unknown,Untitled record,,
1063,Untitled record,scraped_html_paginated,scraped_html_paginated,unknown,,,0.15,15.0,15,15,2.4,38.4,Untitled record,No content available.,,https://www.scrapethissite.com/pages/forms/?page_num=3,hockey_multi_page_results.json,scraped_html_paginated,scraped_html_paginated,unknown,unknown,Untitled record,,
1064,Untitled record,scraped_html_paginated,scraped_html_paginated,unknown,,,0.15,15.0,15,15,2.4,38.4,Untitled record,No content available.,,https://www.scrapethissite.com/pages/forms/?page_num=3,hockey_multi_page_results.json,scraped_html_paginated,scraped_html_paginated,unknown,unknown,Untitled record,,
1065,Untitled record,scraped_html_paginated,scraped_html_paginated,unknown,,,0.15,15.0,15,15,2.4,38.4,Untitled record,No content available.,,https://www.scrapethissite.com/pages/forms/?page_num=3,hockey_multi_page_results.json,scraped_html_paginated,scraped_html_paginated,unknown,unknown,Untitled record,,
1066,Untitled record,scraped_html_paginated,scraped_html_paginated,unknown,,,0.15,15.0,15,15,2.4,38.4,Untitled record,No content available.,,https://www.scrapethissite.com/pages/forms/?page_num=3,hockey_multi_page_results.json,scraped_html_paginated,scraped_html_paginated,unknown,unknown,Untitled record,,
1067,Untitled record,scraped_html_paginated,scraped_html_paginated,unknown,,,0.15,15.0,15,15,2.4,38.4,Untitled record,No content available.,,https://www.scrapethissite.com/pages/forms/?page_num=3,hockey_multi_page_results.json,scraped_html_paginated,scraped_html_paginated,unknown,unknown,Untitled record,,
1068,Untitled record,scraped_html_paginated,scraped_html_paginated,unknown,,,0.15,15.0,15,15,2.4,38.4,Untitled record,No content available.,,https://www.scrapethissite.com/pages/forms/?page_num=3,hockey_multi_page_results.json,scraped_html_paginated,scraped_html_paginated,unknown,unknown,Untitled record,,
1069,Untitled record,scraped_html_paginated,scraped_html_paginated,unknown,,,0.15,15.0,15,15,2.4,38.4,Untitled record,No content available.,,https://www.scrapethissite.com/pages/forms/?page_num=3,hockey_multi_page_results.json,scraped_html_paginated,scraped_html_paginated,unknown,unknown,Untitled record,,
1070,Untitled record,scraped_html_paginated,scraped_html_paginated,unknown,,,0.15,15.0,15,15,2.4,38.4,Untitled record,No content available.,,https://www.scrapethissite.com/pages/forms/?page_num=3,hockey_multi_page_results.json,scraped_html_paginated,scraped_html_paginated,unknown,unknown,Untitled record,,
1071,Untitled record,scraped_html_paginated,scraped_html_paginated,unknown,,,0.15,15.0,15,15,2.4,38.4,Untitled record,No content available.,,https://www.scrapethissite.com/pages/forms/?page_num=3,hockey_multi_page_results.json,scraped_html_paginated,scraped_html_paginated,unknown,unknown,Untitled record,,
1072,Untitled record,scraped_html_paginated,scraped_html_paginated,unknown,,,0.15,15.0,15,15,2.4,38.4,Untitled record,No content available.,,https://www.scrapethissite.com/pages/forms/?page_num=3,hockey_multi_page_results.json,scraped_html_paginated,scraped_html_paginated,unknown,unknown,Untitled record,,
1073,Untitled record,scraped_html_paginated,scraped_html_paginated,unknown,,,0.15,15.0,15,15,2.4,38.4,Untitled record,No content available.,,https://www.scrapethissite.com/pages/forms/?page_num=3,hockey_multi_page_results.json,scraped_html_paginated,scraped_html_paginated,unknown,unknown,Untitled record,,
1074,Untitled record,scraped_html_paginated,scraped_html_paginated,unknown,,,0.15,15.0,15,15,2.4,38.4,Untitled record,No content available.,,https://www.scrapethissite.com/pages/forms/?page_num=3,hockey_multi_page_results.json,scraped_html_paginated,scraped_html_paginated,unknown,unknown,Untitled record,,
1075,Untitled record,scraped_html_paginated,scraped_html_paginated,unknown,,,0.15,15.0,15,15,2.4,38.4,Untitled record,No content available.,,https://www.scrapethissite.com/pages/forms/?page_num=3,hockey_multi_page_results.json,scraped_html_paginated,scraped_html_paginated,unknown,unknown,Untitled record,,
1076,Untitled record,scraped_html_paginated,scraped_html_paginated,unknown,,,0.15,15.0,15,15,2.4,38.4,Untitled record,No content available.,,https://www.scrapethissite.com/pages/forms/?page_num=3,hockey_multi_page_results.json,scraped_html_paginated,scraped_html_paginated,unknown,unknown,Untitled record,,
1077,Untitled record,scraped_html_paginated,scraped_html_paginated,unknown,,,0.15,15.0,15,15,2.4,38.4,Untitled record,No content available.,,https://www.scrapethissite.com/pages/forms/?page_num=3,hockey_multi_page_results.json,scraped_html_paginated,scraped_html_paginated,unknown,unknown,Untitled record,,
1078,Untitled record,scraped_html_paginated,scraped_html_paginated,unknown,,,0.15,15.0,15,15,2.4,38.4,Untitled record,No content available.,,https://www.scrapethissite.com/pages/forms/?page_num=3,hockey_multi_page_results.json,scraped_html_paginated,scraped_html_paginated,unknown,unknown,Untitled record,,
1079,Untitled record,scraped_html_paginated,scraped_html_paginated,unknown,,,0.15,15.0,15,15,2.4,38.4,Untitled record,No content available.,,https://www.scrapethissite.com/pages/forms/?page_num=3,hockey_multi_page_results.json,scraped_html_paginated,scraped_html_paginated,unknown,unknown,Untitled record,,
1080,Untitled record,scraped_html_paginated,scraped_html_paginated,unknown,,,0.15,15.0,15,15,2.4,38.4,Untitled record,No content available.,,https://www.scrapethissite.com/pages/forms/?page_num=3,hockey_multi_page_results.json,scraped_html_paginated,scraped_html_paginated,unknown,unknown,Untitled record,,
1081,Untitled record,scraped_html_paginated,scraped_html_paginated,unknown,,,0.15,15.0,15,15,2.4,38.4,Untitled record,No content available.,,https://www.scrapethissite.com/pages/forms/?page_num=3,hockey_multi_page_results.json,scraped_html_paginated,scraped_html_paginated,unknown,unknown,Untitled record,,
1082,Untitled record,scraped_html_paginated,scraped_html_paginated,unknown,,,0.15,15.0,15,15,2.4,38.4,Untitled record,No content available.,,https://www.scrapethissite.com/pages/forms/?page_num=3,hockey_multi_page_results.json,scraped_html_paginated,scraped_html_paginated,unknown,unknown,Untitled record,,
1083,Untitled record,scraped_html_paginated,scraped_html_paginated,unknown,,,0.15,15.0,15,15,2.4,38.4,Untitled record,No content available.,,https://www.scrapethissite.com/pages/forms/?page_num=3,hockey_multi_page_results.json,scraped_html_paginated,scraped_html_paginated,unknown,unknown,Untitled record,,
1084,Untitled record,scraped_html_paginated,scraped_html_paginated,unknown,,,0.15,15.0,15,15,2.4,38.4,Untitled record,No content available.,,https://www.scrapethissite.com/pages/forms/?page_num=3,hockey_multi_page_results.json,scraped_html_paginated,scraped_html_paginated,unknown,unknown,Untitled record,,
1085,Untitled record,scraped_html_paginated,scraped_html_paginated,unknown,,,0.15,15.0,15,15,2.4,38.4,Untitled record,No content available.,,https://www.scrapethissite.com/pages/forms/?page_num=4,hockey_multi_page_results.json,scraped_html_paginated,scraped_html_paginated,unknown,unknown,Untitled record,,
1086,Untitled record,scraped_html_paginated,scraped_html_paginated,unknown,,,0.15,15.0,15,15,2.4,38.4,Untitled record,No content available.,,https://www.scrapethissite.com/pages/forms/?page_num=4,hockey_multi_page_results.json,scraped_html_paginated,scraped_html_paginated,unknown,unknown,Untitled record,,
1087,Untitled record,scraped_html_paginated,scraped_html_paginated,unknown,,,0.15,15.0,15,15,2.4,38.4,Untitled record,No content available.,,https://www.scrapethissite.com/pages/forms/?page_num=4,hockey_multi_page_results.json,scraped_html_paginated,scraped_html_paginated,unknown,unknown,Untitled record,,
1088,Untitled record,scraped_html_paginated,scraped_html_paginated,unknown,,,0.15,15.0,15,15,2.4,38.4,Untitled record,No content available.,,https://www.scrapethissite.com/pages/forms/?page_num=4,hockey_multi_page_results.json,scraped_html_paginated,scraped_html_paginated,unknown,unknown,Untitled record,,
1089,Untitled record,scraped_html_paginated,scraped_html_paginated,unknown,,,0.15,15.0,15,15,2.4,38.4,Untitled record,No content available.,,https://www.scrapethissite.com/pages/forms/?page_num=4,hockey_multi_page_results.json,scraped_html_paginated,scraped_html_paginated,unknown,unknown,Untitled record,,
1090,Untitled record,scraped_html_paginated,scraped_html_paginated,unknown,,,0.15,15.0,15,15,2.4,38.4,Untitled record,No content available.,,https://www.scrapethissite.com/pages/forms/?page_num=4,hockey_multi_page_results.json,scraped_html_paginated,scraped_html_paginated,unknown,unknown,Untitled record,,
1091,Untitled record,scraped_html_paginated,scraped_html_paginated,unknown,,,0.15,15.0,15,15,2.4,38.4,Untitled record,No content available.,,https://www.scrapethissite.com/pages/forms/?page_num=4,hockey_multi_page_results.json,scraped_html_paginated,scraped_html_paginated,unknown,unknown,Untitled record,,
1092,Untitled record,scraped_html_paginated,scraped_html_paginated,unknown,,,0.15,15.0,15,15,2.4,38.4,Untitled record,No content available.,,https://www.scrapethissite.com/pages/forms/?page_num=4,hockey_multi_page_results.json,scraped_html_paginated,scraped_html_paginated,unknown,unknown,Untitled record,,
1093,Untitled record,scraped_html_paginated,scraped_html_paginated,unknown,,,0.15,15.0,15,15,2.4,38.4,Untitled record,No content available.,,https://www.scrapethissite.com/pages/forms/?page_num=4,hockey_multi_page_results.json,scraped_html_paginated,scraped_html_paginated,unknown,unknown,Untitled record,,
1094,Untitled record,scraped_html_paginated,scraped_html_paginated,unknown,,,0.15,15.0,15,15,2.4,38.4,Untitled record,No content available.,,https://www.scrapethissite.com/pages/forms/?page_num=4,hockey_multi_page_results.json,scraped_html_paginated,scraped_html_paginated,unknown,unknown,Untitled record,,
1095,Untitled record,scraped_html_paginated,scraped_html_paginated,unknown,,,0.15,15.0,15,15,2.4,38.4,Untitled record,No content available.,,https://www.scrapethissite.com/pages/forms/?page_num=4,hockey_multi_page_results.json,scraped_html_paginated,scraped_html_paginated,unknown,unknown,Untitled record,,
1096,Untitled record,scraped_html_paginated,scraped_html_paginated,unknown,,,0.15,15.0,15,15,2.4,38.4,Untitled record,No content available.,,https://www.scrapethissite.com/pages/forms/?page_num=4,hockey_multi_page_results.json,scraped_html_paginated,scraped_html_paginated,unknown,unknown,Untitled record,,
1097,Untitled record,scraped_html_paginated,scraped_html_paginated,unknown,,,0.15,15.0,15,15,2.4,38.4,Untitled record,No content available.,,https://www.scrapethissite.com/pages/forms/?page_num=4,hockey_multi_page_results.json,scraped_html_paginated,scraped_html_paginated,unknown,unknown,Untitled record,,
1098,Untitled record,scraped_html_paginated,scraped_html_paginated,unknown,,,0.15,15.0,15,15,2.4,38.4,Untitled record,No content available.,,https://www.scrapethissite.com/pages/forms/?page_num=4,hockey_multi_page_results.json,scraped_html_paginated,scraped_html_paginated,unknown,unknown,Untitled record,,
1099,Untitled record,scraped_html_paginated,scraped_html_paginated,unknown,,,0.15,15.0,15,15,2.4,38.4,Untitled record,No content available.,,https://www.scrapethissite.com/pages/forms/?page_num=4,hockey_multi_page_results.json,scraped_html_paginated,scraped_html_paginated,unknown,unknown,Untitled record,,
1100,Untitled record,scraped_html_paginated,scraped_html_paginated,unknown,,,0.15,15.0,15,15,2.4,38.4,Untitled record,No content available.,,https://www.scrapethissite.com/pages/forms/?page_num=4,hockey_multi_page_results.json,scraped_html_paginated,scraped_html_paginated,unknown,unknown,Untitled record,,
1101,Untitled record,scraped_html_paginated,scraped_html_paginated,unknown,,,0.15,15.0,15,15,2.4,38.4,Untitled record,No content available.,,https://www.scrapethissite.com/pages/forms/?page_num=4,hockey_multi_page_results.json,scraped_html_paginated,scraped_html_paginated,unknown,unknown,Untitled record,,
1102,Untitled record,scraped_html_paginated,scraped_html_paginated,unknown,,,0.15,15.0,15,15,2.4,38.4,Untitled record,No content available.,,https://www.scrapethissite.com/pages/forms/?page_num=4,hockey_multi_page_results.json,scraped_html_paginated,scraped_html_paginated,unknown,unknown,Untitled record,,
1103,Untitled record,scraped_html_paginated,scraped_html_paginated,unknown,,,0.15,15.0,15,15,2.4,38.4,Untitled record,No content available.,,https://www.scrapethissite.com/pages/forms/?page_num=4,hockey_multi_page_results.json,scraped_html_paginated,scraped_html_paginated,unknown,unknown,Untitled record,,
1104,Untitled record,scraped_html_paginated,scraped_html_paginated,unknown,,,0.15,15.0,15,15,2.4,38.4,Untitled record,No content available.,,https://www.scrapethissite.com/pages/forms/?page_num=4,hockey_multi_page_results.json,scraped_html_paginated,scraped_html_paginated,unknown,unknown,Untitled record,,
1105,Untitled record,scraped_html_paginated,scraped_html_paginated,unknown,,,0.15,15.0,15,15,2.4,38.4,Untitled record,No content available.,,https://www.scrapethissite.com/pages/forms/?page_num=4,hockey_multi_page_results.json,scraped_html_paginated,scraped_html_paginated,unknown,unknown,Untitled record,,
1106,Untitled record,scraped_html_paginated,scraped_html_paginated,unknown,,,0.15,15.0,15,15,2.4,38.4,Untitled record,No content available.,,https://www.scrapethissite.com/pages/forms/?page_num=4,hockey_multi_page_results.json,scraped_html_paginated,scraped_html_paginated,unknown,unknown,Untitled record,,
1107,Untitled record,scraped_html_paginated,scraped_html_paginated,unknown,,,0.15,15.0,15,15,2.4,38.4,Untitled record,No content available.,,https://www.scrapethissite.com/pages/forms/?page_num=4,hockey_multi_page_results.json,scraped_html_paginated,scraped_html_paginated,unknown,unknown,Untitled record,,
1108,Untitled record,scraped_html_paginated,scraped_html_paginated,unknown,,,0.15,15.0,15,15,2.4,38.4,Untitled record,No content available.,,https://www.scrapethissite.com/pages/forms/?page_num=4,hockey_multi_page_results.json,scraped_html_paginated,scraped_html_paginated,unknown,unknown,Untitled record,,
1109,Untitled record,scraped_html_paginated,scraped_html_paginated,unknown,,,0.15,15.0,15,15,2.4,38.4,Untitled record,No content available.,,https://www.scrapethissite.com/pages/forms/?page_num=4,hockey_multi_page_results.json,scraped_html_paginated,scraped_html_paginated,unknown,unknown,Untitled record,,
1126,The Descendants,scraped_json_api,scraped_json_api,unknown,,,0.15,15.0,15,15,2.4,38.4,The Descendants,No content available.,,https://www.scrapethissite.com/pages/ajax-javascript/?ajax=true&year=2011,ajax_movies_api_results.json,scraped_json_api,scraped_json_api,unknown,unknown,The Descendants,,
1169,American Sniper,scraped_json_api,scraped_json_api,unknown,,,0.15,15.0,15,15,2.4,38.4,American Sniper,No content available.,,https://www.scrapethissite.com/pages/ajax-javascript/?ajax=true&year=2014,ajax_movies_api_results.json,scraped_json_api,scraped_json_api,unknown,unknown,American Sniper,,
1183,The Revenant,scraped_json_api,scraped_json_api,unknown,,,0.15,15.0,15,15,2.4,38.4,The Revenant,No content available.,,https://www.scrapethissite.com/pages/ajax-javascript/?ajax=true&year=2015,ajax_movies_api_results.json,scraped_json_api,scraped_json_api,unknown,unknown,The Revenant,,
1184,Bridge of Spies,scraped_json_api,scraped_json_api,unknown,,,0.15,15.0,15,15,2.4,38.4,Bridge of Spies,No content available.,,https://www.scrapethissite.com/pages/ajax-javascript/?ajax=true&year=2015,ajax_movies_api_results.json,scraped_json_api,scraped_json_api,unknown,unknown,Bridge of Spies,,
1185,The Big Short,scraped_json_api,scraped_json_api,unknown,,,0.15,15.0,15,15,2.4,38.4,The Big Short,No content available.,,https://www.scrapethissite.com/pages/ajax-javascript/?ajax=true&year=2015,ajax_movies_api_results.json,scraped_json_api,scraped_json_api,unknown,unknown,The Big Short,,
1186,The Danish Girl,scraped_json_api,scraped_json_api,unknown,,,0.15,15.0,15,15,2.4,38.4,The Danish Girl,No content available.,,https://www.scrapethissite.com/pages/ajax-javascript/?ajax=true&year=2015,ajax_movies_api_results.json,scraped_json_api,scraped_json_api,unknown,unknown,The Danish Girl,,
1239,Untitled record,excel_summary,excel_summary,unknown,,,0.15,15.0,15,15,2.4,38.4,Untitled record,No content available.,,data/raw/excel/news_data.xlsx,news_data.xlsx,excel_summary,excel_summary,unknown,unknown,Untitled record,,
1241,Untitled record,scraped_html,scraped_html,unknown,,,0.15,15.0,15,15,2.4,38.4,Untitled record,No content available.,,https://www.scrapethissite.com/pages/forms/,hockey_results.json,scraped_html,scraped_html,unknown,unknown,Untitled record,,
1242,Untitled record,scraped_html,scraped_html,unknown,,,0.15,15.0,15,15,2.4,38.4,Untitled record,No content available.,,https://www.scrapethissite.com/pages/forms/,hockey_results.json,scraped_html,scraped_html,unknown,unknown,Untitled record,,
1243,Untitled record,scraped_html,scraped_html,unknown,,,0.15,15.0,15,15,2.4,38.4,Untitled record,No content available.,,https://www.scrapethissite.com/pages/forms/,hockey_results.json,scraped_html,scraped_html,unknown,unknown,Untitled record,,
1244,Untitled record,scraped_html,scraped_html,unknown,,,0.15,15.0,15,15,2.4,38.4,Untitled record,No content available.,,https://www.scrapethissite.com/pages/forms/,hockey_results.json,scraped_html,scraped_html,unknown,unknown,Untitled record,,
1245,Untitled record,scraped_html,scraped_html,unknown,,,0.15,15.0,15,15,2.4,38.4,Untitled record,No content available.,,https://www.scrapethissite.com/pages/forms/,hockey_results.json,scraped_html,scraped_html,unknown,unknown,Untitled record,,
1246,Untitled record,scraped_html,scraped_html,unknown,,,0.15,15.0,15,15,2.4,38.4,Untitled record,No content available.,,https://www.scrapethissite.com/pages/forms/,hockey_results.json,scraped_html,scraped_html,unknown,unknown,Untitled record,,
1247,Untitled record,scraped_html,scraped_html,unknown,,,0.15,15.0,15,15,2.4,38.4,Untitled record,No content available.,,https://www.scrapethissite.com/pages/forms/,hockey_results.json,scraped_html,scraped_html,unknown,unknown,Untitled record,,
1248,Untitled record,scraped_html,scraped_html,unknown,,,0.15,15.0,15,15,2.4,38.4,Untitled record,No content available.,,https://www.scrapethissite.com/pages/forms/,hockey_results.json,scraped_html,scraped_html,unknown,unknown,Untitled record,,
1249,Untitled record,scraped_html,scraped_html,unknown,,,0.15,15.0,15,15,2.4,38.4,Untitled record,No content available.,,https://www.scrapethissite.com/pages/forms/,hockey_results.json,scraped_html,scraped_html,unknown,unknown,Untitled record,,
1250,Untitled record,scraped_html,scraped_html,unknown,,,0.15,15.0,15,15,2.4,38.4,Untitled record,No content available.,,https://www.scrapethissite.com/pages/forms/,hockey_results.json,scraped_html,scraped_html,unknown,unknown,Untitled record,,
1251,Untitled record,scraped_html,scraped_html,unknown,,,0.15,15.0,15,15,2.4,38.4,Untitled record,No content available.,,https://www.scrapethissite.com/pages/forms/,hockey_results.json,scraped_html,scraped_html,unknown,unknown,Untitled record,,
1252,Untitled record,scraped_html,scraped_html,unknown,,,0.15,15.0,15,15,2.4,38.4,Untitled record,No content available.,,https://www.scrapethissite.com/pages/forms/,hockey_results.json,scraped_html,scraped_html,unknown,unknown,Untitled record,,
1253,Untitled record,scraped_html,scraped_html,unknown,,,0.15,15.0,15,15,2.4,38.4,Untitled record,No content available.,,https://www.scrapethissite.com/pages/forms/,hockey_results.json,scraped_html,scraped_html,unknown,unknown,Untitled record,,
1254,Untitled record,scraped_html,scraped_html,unknown,,,0.15,15.0,15,15,2.4,38.4,Untitled record,No content available.,,https://www.scrapethissite.com/pages/forms/,hockey_results.json,scraped_html,scraped_html,unknown,unknown,Untitled record,,
1255,Untitled record,scraped_html,scraped_html,unknown,,,0.15,15.0,15,15,2.4,38.4,Untitled record,No content available.,,https://www.scrapethissite.com/pages/forms/,hockey_results.json,scraped_html,scraped_html,unknown,unknown,Untitled record,,
1256,Untitled record,scraped_html,scraped_html,unknown,,,0.15,15.0,15,15,2.4,38.4,Untitled record,No content available.,,https://www.scrapethissite.com/pages/forms/,hockey_results.json,scraped_html,scraped_html,unknown,unknown,Untitled record,,
1257,Untitled record,scraped_html,scraped_html,unknown,,,0.15,15.0,15,15,2.4,38.4,Untitled record,No content available.,,https://www.scrapethissite.com/pages/forms/,hockey_results.json,scraped_html,scraped_html,unknown,unknown,Untitled record,,
1258,Untitled record,scraped_html,scraped_html,unknown,,,0.15,15.0,15,15,2.4,38.4,Untitled record,No content available.,,https://www.scrapethissite.com/pages/forms/,hockey_results.json,scraped_html,scraped_html,unknown,unknown,Untitled record,,
1259,Untitled record,scraped_html,scraped_html,unknown,,,0.15,15.0,15,15,2.4,38.4,Untitled record,No content available.,,https://www.scrapethissite.com/pages/forms/,hockey_results.json,scraped_html,scraped_html,unknown,unknown,Untitled record,,
1260,Untitled record,scraped_html,scraped_html,unknown,,,0.15,15.0,15,15,2.4,38.4,Untitled record,No content available.,,https://www.scrapethissite.com/pages/forms/,hockey_results.json,scraped_html,scraped_html,unknown,unknown,Untitled record,,
1261,Untitled record,scraped_html,scraped_html,unknown,,,0.15,15.0,15,15,2.4,38.4,Untitled record,No content available.,,https://www.scrapethissite.com/pages/forms/,hockey_results.json,scraped_html,scraped_html,unknown,unknown,Untitled record,,
1262,Untitled record,scraped_html,scraped_html,unknown,,,0.15,15.0,15,15,2.4,38.4,Untitled record,No content available.,,https://www.scrapethissite.com/pages/forms/,hockey_results.json,scraped_html,scraped_html,unknown,unknown,Untitled record,,
1263,Untitled record,scraped_html,scraped_html,unknown,,,0.15,15.0,15,15,2.4,38.4,Untitled record,No content available.,,https://www.scrapethissite.com/pages/forms/,hockey_results.json,scraped_html,scraped_html,unknown,unknown,Untitled record,,
1264,Untitled record,scraped_html,scraped_html,unknown,,,0.15,15.0,15,15,2.4,38.4,Untitled record,No content available.,,https://www.scrapethissite.com/pages/forms/,hockey_results.json,scraped_html,scraped_html,unknown,unknown,Untitled record,,
1265,Untitled record,scraped_html,scraped_html,unknown,,,0.15,15.0,15,15,2.4,38.4,Untitled record,No content available.,,https://www.scrapethissite.com/pages/forms/,hockey_results.json,scraped_html,scraped_html,unknown,unknown,Untitled record,,
1266,Untitled record,scraped_html_paginated,scraped_html_paginated,unknown,,,0.15,15.0,15,15,2.4,38.4,Untitled record,No content available.,,https://www.scrapethissite.com/pages/forms/?page_num=1,hockey_multi_page_results.json,scraped_html_paginated,scraped_html_paginated,unknown,unknown,Untitled record,,
1267,Untitled record,scraped_html_paginated,scraped_html_paginated,unknown,,,0.15,15.0,15,15,2.4,38.4,Untitled record,No content available.,,https://www.scrapethissite.com/pages/forms/?page_num=1,hockey_multi_page_results.json,scraped_html_paginated,scraped_html_paginated,unknown,unknown,Untitled record,,
1268,Untitled record,scraped_html_paginated,scraped_html_paginated,unknown,,,0.15,15.0,15,15,2.4,38.4,Untitled record,No content available.,,https://www.scrapethissite.com/pages/forms/?page_num=1,hockey_multi_page_results.json,scraped_html_paginated,scraped_html_paginated,unknown,unknown,Untitled record,,
1269,Untitled record,scraped_html_paginated,scraped_html_paginated,unknown,,,0.15,15.0,15,15,2.4,38.4,Untitled record,No content available.,,https://www.scrapethissite.com/pages/forms/?page_num=1,hockey_multi_page_results.json,scraped_html_paginated,scraped_html_paginated,unknown,unknown,Untitled record,,
1270,Untitled record,scraped_html_paginated,scraped_html_paginated,unknown,,,0.15,15.0,15,15,2.4,38.4,Untitled record,No content available.,,https://www.scrapethissite.com/pages/forms/?page_num=1,hockey_multi_page_results.json,scraped_html_paginated,scraped_html_paginated,unknown,unknown,Untitled record,,
1271,Untitled record,scraped_html_paginated,scraped_html_paginated,unknown,,,0.15,15.0,15,15,2.4,38.4,Untitled record,No content available.,,https://www.scrapethissite.com/pages/forms/?page_num=1,hockey_multi_page_results.json,scraped_html_paginated,scraped_html_paginated,unknown,unknown,Untitled record,,
1272,Untitled record,scraped_html_paginated,scraped_html_paginated,unknown,,,0.15,15.0,15,15,2.4,38.4,Untitled record,No content available.,,https://www.scrapethissite.com/pages/forms/?page_num=1,hockey_multi_page_results.json,scraped_html_paginated,scraped_html_paginated,unknown,unknown,Untitled record,,
1273,Untitled record,scraped_html_paginated,scraped_html_paginated,unknown,,,0.15,15.0,15,15,2.4,38.4,Untitled record,No content available.,,https://www.scrapethissite.com/pages/forms/?page_num=1,hockey_multi_page_results.json,scraped_html_paginated,scraped_html_paginated,unknown,unknown,Untitled record,,
1274,Untitled record,scraped_html_paginated,scraped_html_paginated,unknown,,,0.15,15.0,15,15,2.4,38.4,Untitled record,No content available.,,https://www.scrapethissite.com/pages/forms/?page_num=1,hockey_multi_page_results.json,scraped_html_paginated,scraped_html_paginated,unknown,unknown,Untitled record,,
1275,Untitled record,scraped_html_paginated,scraped_html_paginated,unknown,,,0.15,15.0,15,15,2.4,38.4,Untitled record,No content available.,,https://www.scrapethissite.com/pages/forms/?page_num=1,hockey_multi_page_results.json,scraped_html_paginated,scraped_html_paginated,unknown,unknown,Untitled record,,
1276,Untitled record,scraped_html_paginated,scraped_html_paginated,unknown,,,0.15,15.0,15,15,2.4,38.4,Untitled record,No content available.,,https://www.scrapethissite.com/pages/forms/?page_num=1,hockey_multi_page_results.json,scraped_html_paginated,scraped_html_paginated,unknown,unknown,Untitled record,,
1277,Untitled record,scraped_html_paginated,scraped_html_paginated,unknown,,,0.15,15.0,15,15,2.4,38.4,Untitled record,No content available.,,https://www.scrapethissite.com/pages/forms/?page_num=1,hockey_multi_page_results.json,scraped_html_paginated,scraped_html_paginated,unknown,unknown,Untitled record,,
1278,Untitled record,scraped_html_paginated,scraped_html_paginated,unknown,,,0.15,15.0,15,15,2.4,38.4,Untitled record,No content available.,,https://www.scrapethissite.com/pages/forms/?page_num=1,hockey_multi_page_results.json,scraped_html_paginated,scraped_html_paginated,unknown,unknown,Untitled record,,
1279,Untitled record,scraped_html_paginated,scraped_html_paginated,unknown,,,0.15,15.0,15,15,2.4,38.4,Untitled record,No content available.,,https://www.scrapethissite.com/pages/forms/?page_num=1,hockey_multi_page_results.json,scraped_html_paginated,scraped_html_paginated,unknown,unknown,Untitled record,,
1280,Untitled record,scraped_html_paginated,scraped_html_paginated,unknown,,,0.15,15.0,15,15,2.4,38.4,Untitled record,No content available.,,https://www.scrapethissite.com/pages/forms/?page_num=1,hockey_multi_page_results.json,scraped_html_paginated,scraped_html_paginated,unknown,unknown,Untitled record,,
1281,Untitled record,scraped_html_paginated,scraped_html_paginated,unknown,,,0.15,15.0,15,15,2.4,38.4,Untitled record,No content available.,,https://www.scrapethissite.com/pages/forms/?page_num=1,hockey_multi_page_results.json,scraped_html_paginated,scraped_html_paginated,unknown,unknown,Untitled record,,
1282,Untitled record,scraped_html_paginated,scraped_html_paginated,unknown,,,0.15,15.0,15,15,2.4,38.4,Untitled record,No content available.,,https://www.scrapethissite.com/pages/forms/?page_num=1,hockey_multi_page_results.json,scraped_html_paginated,scraped_html_paginated,unknown,unknown,Untitled record,,
1283,Untitled record,scraped_html_paginated,scraped_html_paginated,unknown,,,0.15,15.0,15,15,2.4,38.4,Untitled record,No content available.,,https://www.scrapethissite.com/pages/forms/?page_num=1,hockey_multi_page_results.json,scraped_html_paginated,scraped_html_paginated,unknown,unknown,Untitled record,,
1284,Untitled record,scraped_html_paginated,scraped_html_paginated,unknown,,,0.15,15.0,15,15,2.4,38.4,Untitled record,No content available.,,https://www.scrapethissite.com/pages/forms/?page_num=1,hockey_multi_page_results.json,scraped_html_paginated,scraped_html_paginated,unknown,unknown,Untitled record,,
1285,Untitled record,scraped_html_paginated,scraped_html_paginated,unknown,,,0.15,15.0,15,15,2.4,38.4,Untitled record,No content available.,,https://www.scrapethissite.com/pages/forms/?page_num=1,hockey_multi_page_results.json,scraped_html_paginated,scraped_html_paginated,unknown,unknown,Untitled record,,
1286,Untitled record,scraped_html_paginated,scraped_html_paginated,unknown,,,0.15,15.0,15,15,2.4,38.4,Untitled record,No content available.,,https://www.scrapethissite.com/pages/forms/?page_num=1,hockey_multi_page_results.json,scraped_html_paginated,scraped_html_paginated,unknown,unknown,Untitled record,,
1287,Untitled record,scraped_html_paginated,scraped_html_paginated,unknown,,,0.15,15.0,15,15,2.4,38.4,Untitled record,No content available.,,https://www.scrapethissite.com/pages/forms/?page_num=1,hockey_multi_page_results.json,scraped_html_paginated,scraped_html_paginated,unknown,unknown,Untitled record,,
1288,Untitled record,scraped_html_paginated,scraped_html_paginated,unknown,,,0.15,15.0,15,15,2.4,38.4,Untitled record,No content available.,,https://www.scrapethissite.com/pages/forms/?page_num=1,hockey_multi_page_results.json,scraped_html_paginated,scraped_html_paginated,unknown,unknown,Untitled record,,
1289,Untitled record,scraped_html_paginated,scraped_html_paginated,unknown,,,0.15,15.0,15,15,2.4,38.4,Untitled record,No content available.,,https://www.scrapethissite.com/pages/forms/?page_num=1,hockey_multi_page_results.json,scraped_html_paginated,scraped_html_paginated,unknown,unknown,Untitled record,,
1290,Untitled record,scraped_html_paginated,scraped_html_paginated,unknown,,,0.15,15.0,15,15,2.4,38.4,Untitled record,No content available.,,https://www.scrapethissite.com/pages/forms/?page_num=1,hockey_multi_page_results.json,scraped_html_paginated,scraped_html_paginated,unknown,unknown,Untitled record,,
1291,Untitled record,scraped_html_paginated,scraped_html_paginated,unknown,,,0.15,15.0,15,15,2.4,38.4,Untitled record,No content available.,,https://www.scrapethissite.com/pages/forms/?page_num=2,hockey_multi_page_results.json,scraped_html_paginated,scraped_html_paginated,unknown,unknown,Untitled record,,
1292,Untitled record,scraped_html_paginated,scraped_html_paginated,unknown,,,0.15,15.0,15,15,2.4,38.4,Untitled record,No content available.,,https://www.scrapethissite.com/pages/forms/?page_num=2,hockey_multi_page_results.json,scraped_html_paginated,scraped_html_paginated,unknown,unknown,Untitled record,,
1293,Untitled record,scraped_html_paginated,scraped_html_paginated,unknown,,,0.15,15.0,15,15,2.4,38.4,Untitled record,No content available.,,https://www.scrapethissite.com/pages/forms/?page_num=2,hockey_multi_page_results.json,scraped_html_paginated,scraped_html_paginated,unknown,unknown,Untitled record,,
1294,Untitled record,scraped_html_paginated,scraped_html_paginated,unknown,,,0.15,15.0,15,15,2.4,38.4,Untitled record,No content available.,,https://www.scrapethissite.com/pages/forms/?page_num=2,hockey_multi_page_results.json,scraped_html_paginated,scraped_html_paginated,unknown,unknown,Untitled record,,
1295,Untitled record,scraped_html_paginated,scraped_html_paginated,unknown,,,0.15,15.0,15,15,2.4,38.4,Untitled record,No content available.,,https://www.scrapethissite.com/pages/forms/?page_num=2,hockey_multi_page_results.json,scraped_html_paginated,scraped_html_paginated,unknown,unknown,Untitled record,,
1296,Untitled record,scraped_html_paginated,scraped_html_paginated,unknown,,,0.15,15.0,15,15,2.4,38.4,Untitled record,No content available.,,https://www.scrapethissite.com/pages/forms/?page_num=2,hockey_multi_page_results.json,scraped_html_paginated,scraped_html_paginated,unknown,unknown,Untitled record,,
1297,Untitled record,scraped_html_paginated,scraped_html_paginated,unknown,,,0.15,15.0,15,15,2.4,38.4,Untitled record,No content available.,,https://www.scrapethissite.com/pages/forms/?page_num=2,hockey_multi_page_results.json,scraped_html_paginated,scraped_html_paginated,unknown,unknown,Untitled record,,
1298,Untitled record,scraped_html_paginated,scraped_html_paginated,unknown,,,0.15,15.0,15,15,2.4,38.4,Untitled record,No content available.,,https://www.scrapethissite.com/pages/forms/?page_num=2,hockey_multi_page_results.json,scraped_html_paginated,scraped_html_paginated,unknown,unknown,Untitled record,,
1299,Untitled record,scraped_html_paginated,scraped_html_paginated,unknown,,,0.15,15.0,15,15,2.4,38.4,Untitled record,No content available.,,https://www.scrapethissite.com/pages/forms/?page_num=2,hockey_multi_page_results.json,scraped_html_paginated,scraped_html_paginated,unknown,unknown,Untitled record,,
1300,Untitled record,scraped_html_paginated,scraped_html_paginated,unknown,,,0.15,15.0,15,15,2.4,38.4,Untitled record,No content available.,,https://www.scrapethissite.com/pages/forms/?page_num=2,hockey_multi_page_results.json,scraped_html_paginated,scraped_html_paginated,unknown,unknown,Untitled record,,
1301,Untitled record,scraped_html_paginated,scraped_html_paginated,unknown,,,0.15,15.0,15,15,2.4,38.4,Untitled record,No content available.,,https://www.scrapethissite.com/pages/forms/?page_num=2,hockey_multi_page_results.json,scraped_html_paginated,scraped_html_paginated,unknown,unknown,Untitled record,,
1302,Untitled record,scraped_html_paginated,scraped_html_paginated,unknown,,,0.15,15.0,15,15,2.4,38.4,Untitled record,No content available.,,https://www.scrapethissite.com/pages/forms/?page_num=2,hockey_multi_page_results.json,scraped_html_paginated,scraped_html_paginated,unknown,unknown,Untitled record,,
1303,Untitled record,scraped_html_paginated,scraped_html_paginated,unknown,,,0.15,15.0,15,15,2.4,38.4,Untitled record,No content available.,,https://www.scrapethissite.com/pages/forms/?page_num=2,hockey_multi_page_results.json,scraped_html_paginated,scraped_html_paginated,unknown,unknown,Untitled record,,
1304,Untitled record,scraped_html_paginated,scraped_html_paginated,unknown,,,0.15,15.0,15,15,2.4,38.4,Untitled record,No content available.,,https://www.scrapethissite.com/pages/forms/?page_num=2,hockey_multi_page_results.json,scraped_html_paginated,scraped_html_paginated,unknown,unknown,Untitled record,,
1305,Untitled record,scraped_html_paginated,scraped_html_paginated,unknown,,,0.15,15.0,15,15,2.4,38.4,Untitled record,No content available.,,https://www.scrapethissite.com/pages/forms/?page_num=2,hockey_multi_page_results.json,scraped_html_paginated,scraped_html_paginated,unknown,unknown,Untitled record,,
1306,Untitled record,scraped_html_paginated,scraped_html_paginated,unknown,,,0.15,15.0,15,15,2.4,38.4,Untitled record,No content available.,,https://www.scrapethissite.com/pages/forms/?page_num=2,hockey_multi_page_results.json,scraped_html_paginated,scraped_html_paginated,unknown,unknown,Untitled record,,
1307,Untitled record,scraped_html_paginated,scraped_html_paginated,unknown,,,0.15,15.0,15,15,2.4,38.4,Untitled record,No content available.,,https://www.scrapethissite.com/pages/forms/?page_num=2,hockey_multi_page_results.json,scraped_html_paginated,scraped_html_paginated,unknown,unknown,Untitled record,,
1308,Untitled record,scraped_html_paginated,scraped_html_paginated,unknown,,,0.15,15.0,15,15,2.4,38.4,Untitled record,No content available.,,https://www.scrapethissite.com/pages/forms/?page_num=2,hockey_multi_page_results.json,scraped_html_paginated,scraped_html_paginated,unknown,unknown,Untitled record,,
1309,Untitled record,scraped_html_paginated,scraped_html_paginated,unknown,,,0.15,15.0,15,15,2.4,38.4,Untitled record,No content available.,,https://www.scrapethissite.com/pages/forms/?page_num=2,hockey_multi_page_results.json,scraped_html_paginated,scraped_html_paginated,unknown,unknown,Untitled record,,
1310,Untitled record,scraped_html_paginated,scraped_html_paginated,unknown,,,0.15,15.0,15,15,2.4,38.4,Untitled record,No content available.,,https://www.scrapethissite.com/pages/forms/?page_num=2,hockey_multi_page_results.json,scraped_html_paginated,scraped_html_paginated,unknown,unknown,Untitled record,,
1311,Untitled record,scraped_html_paginated,scraped_html_paginated,unknown,,,0.15,15.0,15,15,2.4,38.4,Untitled record,No content available.,,https://www.scrapethissite.com/pages/forms/?page_num=2,hockey_multi_page_results.json,scraped_html_paginated,scraped_html_paginated,unknown,unknown,Untitled record,,
1312,Untitled record,scraped_html_paginated,scraped_html_paginated,unknown,,,0.15,15.0,15,15,2.4,38.4,Untitled record,No content available.,,https://www.scrapethissite.com/pages/forms/?page_num=2,hockey_multi_page_results.json,scraped_html_paginated,scraped_html_paginated,unknown,unknown,Untitled record,,
1313,Untitled record,scraped_html_paginated,scraped_html_paginated,unknown,,,0.15,15.0,15,15,2.4,38.4,Untitled record,No content available.,,https://www.scrapethissite.com/pages/forms/?page_num=2,hockey_multi_page_results.json,scraped_html_paginated,scraped_html_paginated,unknown,unknown,Untitled record,,
1314,Untitled record,scraped_html_paginated,scraped_html_paginated,unknown,,,0.15,15.0,15,15,2.4,38.4,Untitled record,No content available.,,https://www.scrapethissite.com/pages/forms/?page_num=2,hockey_multi_page_results.json,scraped_html_paginated,scraped_html_paginated,unknown,unknown,Untitled record,,
1315,Untitled record,scraped_html_paginated,scraped_html_paginated,unknown,,,0.15,15.0,15,15,2.4,38.4,Untitled record,No content available.,,https://www.scrapethissite.com/pages/forms/?page_num=2,hockey_multi_page_results.json,scraped_html_paginated,scraped_html_paginated,unknown,unknown,Untitled record,,
1316,Untitled record,scraped_html_paginated,scraped_html_paginated,unknown,,,0.15,15.0,15,15,2.4,38.4,Untitled record,No content available.,,https://www.scrapethissite.com/pages/forms/?page_num=3,hockey_multi_page_results.json,scraped_html_paginated,scraped_html_paginated,unknown,unknown,Untitled record,,
1317,Untitled record,scraped_html_paginated,scraped_html_paginated,unknown,,,0.15,15.0,15,15,2.4,38.4,Untitled record,No content available.,,https://www.scrapethissite.com/pages/forms/?page_num=3,hockey_multi_page_results.json,scraped_html_paginated,scraped_html_paginated,unknown,unknown,Untitled record,,
1318,Untitled record,scraped_html_paginated,scraped_html_paginated,unknown,,,0.15,15.0,15,15,2.4,38.4,Untitled record,No content available.,,https://www.scrapethissite.com/pages/forms/?page_num=3,hockey_multi_page_results.json,scraped_html_paginated,scraped_html_paginated,unknown,unknown,Untitled record,,
1319,Untitled record,scraped_html_paginated,scraped_html_paginated,unknown,,,0.15,15.0,15,15,2.4,38.4,Untitled record,No content available.,,https://www.scrapethissite.com/pages/forms/?page_num=3,hockey_multi_page_results.json,scraped_html_paginated,scraped_html_paginated,unknown,unknown,Untitled record,,
1320,Untitled record,scraped_html_paginated,scraped_html_paginated,unknown,,,0.15,15.0,15,15,2.4,38.4,Untitled record,No content available.,,https://www.scrapethissite.com/pages/forms/?page_num=3,hockey_multi_page_results.json,scraped_html_paginated,scraped_html_paginated,unknown,unknown,Untitled record,,
1321,Untitled record,scraped_html_paginated,scraped_html_paginated,unknown,,,0.15,15.0,15,15,2.4,38.4,Untitled record,No content available.,,https://www.scrapethissite.com/pages/forms/?page_num=3,hockey_multi_page_results.json,scraped_html_paginated,scraped_html_paginated,unknown,unknown,Untitled record,,
1322,Untitled record,scraped_html_paginated,scraped_html_paginated,unknown,,,0.15,15.0,15,15,2.4,38.4,Untitled record,No content available.,,https://www.scrapethissite.com/pages/forms/?page_num=3,hockey_multi_page_results.json,scraped_html_paginated,scraped_html_paginated,unknown,unknown,Untitled record,,
1323,Untitled record,scraped_html_paginated,scraped_html_paginated,unknown,,,0.15,15.0,15,15,2.4,38.4,Untitled record,No content available.,,https://www.scrapethissite.com/pages/forms/?page_num=3,hockey_multi_page_results.json,scraped_html_paginated,scraped_html_paginated,unknown,unknown,Untitled record,,
1324,Untitled record,scraped_html_paginated,scraped_html_paginated,unknown,,,0.15,15.0,15,15,2.4,38.4,Untitled record,No content available.,,https://www.scrapethissite.com/pages/forms/?page_num=3,hockey_multi_page_results.json,scraped_html_paginated,scraped_html_paginated,unknown,unknown,Untitled record,,
1325,Untitled record,scraped_html_paginated,scraped_html_paginated,unknown,,,0.15,15.0,15,15,2.4,38.4,Untitled record,No content available.,,https://www.scrapethissite.com/pages/forms/?page_num=3,hockey_multi_page_results.json,scraped_html_paginated,scraped_html_paginated,unknown,unknown,Untitled record,,
1326,Untitled record,scraped_html_paginated,scraped_html_paginated,unknown,,,0.15,15.0,15,15,2.4,38.4,Untitled record,No content available.,,https://www.scrapethissite.com/pages/forms/?page_num=3,hockey_multi_page_results.json,scraped_html_paginated,scraped_html_paginated,unknown,unknown,Untitled record,,
1327,Untitled record,scraped_html_paginated,scraped_html_paginated,unknown,,,0.15,15.0,15,15,2.4,38.4,Untitled record,No content available.,,https://www.scrapethissite.com/pages/forms/?page_num=3,hockey_multi_page_results.json,scraped_html_paginated,scraped_html_paginated,unknown,unknown,Untitled record,,
1328,Untitled record,scraped_html_paginated,scraped_html_paginated,unknown,,,0.15,15.0,15,15,2.4,38.4,Untitled record,No content available.,,https://www.scrapethissite.com/pages/forms/?page_num=3,hockey_multi_page_results.json,scraped_html_paginated,scraped_html_paginated,unknown,unknown,Untitled record,,
1329,Untitled record,scraped_html_paginated,scraped_html_paginated,unknown,,,0.15,15.0,15,15,2.4,38.4,Untitled record,No content available.,,https://www.scrapethissite.com/pages/forms/?page_num=3,hockey_multi_page_results.json,scraped_html_paginated,scraped_html_paginated,unknown,unknown,Untitled record,,
1330,Untitled record,scraped_html_paginated,scraped_html_paginated,unknown,,,0.15,15.0,15,15,2.4,38.4,Untitled record,No content available.,,https://www.scrapethissite.com/pages/forms/?page_num=3,hockey_multi_page_results.json,scraped_html_paginated,scraped_html_paginated,unknown,unknown,Untitled record,,
1331,Untitled record,scraped_html_paginated,scraped_html_paginated,unknown,,,0.15,15.0,15,15,2.4,38.4,Untitled record,No content available.,,https://www.scrapethissite.com/pages/forms/?page_num=3,hockey_multi_page_results.json,scraped_html_paginated,scraped_html_paginated,unknown,unknown,Untitled record,,
1332,Untitled record,scraped_html_paginated,scraped_html_paginated,unknown,,,0.15,15.0,15,15,2.4,38.4,Untitled record,No content available.,,https://www.scrapethissite.com/pages/forms/?page_num=3,hockey_multi_page_results.json,scraped_html_paginated,scraped_html_paginated,unknown,unknown,Untitled record,,
1333,Untitled record,scraped_html_paginated,scraped_html_paginated,unknown,,,0.15,15.0,15,15,2.4,38.4,Untitled record,No content available.,,https://www.scrapethissite.com/pages/forms/?page_num=3,hockey_multi_page_results.json,scraped_html_paginated,scraped_html_paginated,unknown,unknown,Untitled record,,
1334,Untitled record,scraped_html_paginated,scraped_html_paginated,unknown,,,0.15,15.0,15,15,2.4,38.4,Untitled record,No content available.,,https://www.scrapethissite.com/pages/forms/?page_num=3,hockey_multi_page_results.json,scraped_html_paginated,scraped_html_paginated,unknown,unknown,Untitled record,,
1335,Untitled record,scraped_html_paginated,scraped_html_paginated,unknown,,,0.15,15.0,15,15,2.4,38.4,Untitled record,No content available.,,https://www.scrapethissite.com/pages/forms/?page_num=3,hockey_multi_page_results.json,scraped_html_paginated,scraped_html_paginated,unknown,unknown,Untitled record,,
1336,Untitled record,scraped_html_paginated,scraped_html_paginated,unknown,,,0.15,15.0,15,15,2.4,38.4,Untitled record,No content available.,,https://www.scrapethissite.com/pages/forms/?page_num=3,hockey_multi_page_results.json,scraped_html_paginated,scraped_html_paginated,unknown,unknown,Untitled record,,
1337,Untitled record,scraped_html_paginated,scraped_html_paginated,unknown,,,0.15,15.0,15,15,2.4,38.4,Untitled record,No content available.,,https://www.scrapethissite.com/pages/forms/?page_num=3,hockey_multi_page_results.json,scraped_html_paginated,scraped_html_paginated,unknown,unknown,Untitled record,,
1338,Untitled record,scraped_html_paginated,scraped_html_paginated,unknown,,,0.15,15.0,15,15,2.4,38.4,Untitled record,No content available.,,https://www.scrapethissite.com/pages/forms/?page_num=3,hockey_multi_page_results.json,scraped_html_paginated,scraped_html_paginated,unknown,unknown,Untitled record,,
1339,Untitled record,scraped_html_paginated,scraped_html_paginated,unknown,,,0.15,15.0,15,15,2.4,38.4,Untitled record,No content available.,,https://www.scrapethissite.com/pages/forms/?page_num=3,hockey_multi_page_results.json,scraped_html_paginated,scraped_html_paginated,unknown,unknown,Untitled record,,
1340,Untitled record,scraped_html_paginated,scraped_html_paginated,unknown,,,0.15,15.0,15,15,2.4,38.4,Untitled record,No content available.,,https://www.scrapethissite.com/pages/forms/?page_num=3,hockey_multi_page_results.json,scraped_html_paginated,scraped_html_paginated,unknown,unknown,Untitled record,,
1341,Untitled record,scraped_html_paginated,scraped_html_paginated,unknown,,,0.15,15.0,15,15,2.4,38.4,Untitled record,No content available.,,https://www.scrapethissite.com/pages/forms/?page_num=4,hockey_multi_page_results.json,scraped_html_paginated,scraped_html_paginated,unknown,unknown,Untitled record,,
1342,Untitled record,scraped_html_paginated,scraped_html_paginated,unknown,,,0.15,15.0,15,15,2.4,38.4,Untitled record,No content available.,,https://www.scrapethissite.com/pages/forms/?page_num=4,hockey_multi_page_results.json,scraped_html_paginated,scraped_html_paginated,unknown,unknown,Untitled record,,
1343,Untitled record,scraped_html_paginated,scraped_html_paginated,unknown,,,0.15,15.0,15,15,2.4,38.4,Untitled record,No content available.,,https://www.scrapethissite.com/pages/forms/?page_num=4,hockey_multi_page_results.json,scraped_html_paginated,scraped_html_paginated,unknown,unknown,Untitled record,,
1344,Untitled record,scraped_html_paginated,scraped_html_paginated,unknown,,,0.15,15.0,15,15,2.4,38.4,Untitled record,No content available.,,https://www.scrapethissite.com/pages/forms/?page_num=4,hockey_multi_page_results.json,scraped_html_paginated,scraped_html_paginated,unknown,unknown,Untitled record,,
1345,Untitled record,scraped_html_paginated,scraped_html_paginated,unknown,,,0.15,15.0,15,15,2.4,38.4,Untitled record,No content available.,,https://www.scrapethissite.com/pages/forms/?page_num=4,hockey_multi_page_results.json,scraped_html_paginated,scraped_html_paginated,unknown,unknown,Untitled record,,
1346,Untitled record,scraped_html_paginated,scraped_html_paginated,unknown,,,0.15,15.0,15,15,2.4,38.4,Untitled record,No content available.,,https://www.scrapethissite.com/pages/forms/?page_num=4,hockey_multi_page_results.json,scraped_html_paginated,scraped_html_paginated,unknown,unknown,Untitled record,,
1347,Untitled record,scraped_html_paginated,scraped_html_paginated,unknown,,,0.15,15.0,15,15,2.4,38.4,Untitled record,No content available.,,https://www.scrapethissite.com/pages/forms/?page_num=4,hockey_multi_page_results.json,scraped_html_paginated,scraped_html_paginated,unknown,unknown,Untitled record,,
1348,Untitled record,scraped_html_paginated,scraped_html_paginated,unknown,,,0.15,15.0,15,15,2.4,38.4,Untitled record,No content available.,,https://www.scrapethissite.com/pages/forms/?page_num=4,hockey_multi_page_results.json,scraped_html_paginated,scraped_html_paginated,unknown,unknown,Untitled record,,
1349,Untitled record,scraped_html_paginated,scraped_html_paginated,unknown,,,0.15,15.0,15,15,2.4,38.4,Untitled record,No content available.,,https://www.scrapethissite.com/pages/forms/?page_num=4,hockey_multi_page_results.json,scraped_html_paginated,scraped_html_paginated,unknown,unknown,Untitled record,,
1350,Untitled record,scraped_html_paginated,scraped_html_paginated,unknown,,,0.15,15.0,15,15,2.4,38.4,Untitled record,No content available.,,https://www.scrapethissite.com/pages/forms/?page_num=4,hockey_multi_page_results.json,scraped_html_paginated,scraped_html_paginated,unknown,unknown,Untitled record,,
1351,Untitled record,scraped_html_paginated,scraped_html_paginated,unknown,,,0.15,15.0,15,15,2.4,38.4,Untitled record,No content available.,,https://www.scrapethissite.com/pages/forms/?page_num=4,hockey_multi_page_results.json,scraped_html_paginated,scraped_html_paginated,unknown,unknown,Untitled record,,
1352,Untitled record,scraped_html_paginated,scraped_html_paginated,unknown,,,0.15,15.0,15,15,2.4,38.4,Untitled record,No content available.,,https://www.scrapethissite.com/pages/forms/?page_num=4,hockey_multi_page_results.json,scraped_html_paginated,scraped_html_paginated,unknown,unknown,Untitled record,,
1353,Untitled record,scraped_html_paginated,scraped_html_paginated,unknown,,,0.15,15.0,15,15,2.4,38.4,Untitled record,No content available.,,https://www.scrapethissite.com/pages/forms/?page_num=4,hockey_multi_page_results.json,scraped_html_paginated,scraped_html_paginated,unknown,unknown,Untitled record,,
1354,Untitled record,scraped_html_paginated,scraped_html_paginated,unknown,,,0.15,15.0,15,15,2.4,38.4,Untitled record,No content available.,,https://www.scrapethissite.com/pages/forms/?page_num=4,hockey_multi_page_results.json,scraped_html_paginated,scraped_html_paginated,unknown,unknown,Untitled record,,
1355,Untitled record,scraped_html_paginated,scraped_html_paginated,unknown,,,0.15,15.0,15,15,2.4,38.4,Untitled record,No content available.,,https://www.scrapethissite.com/pages/forms/?page_num=4,hockey_multi_page_results.json,scraped_html_paginated,scraped_html_paginated,unknown,unknown,Untitled record,,
1356,Untitled record,scraped_html_paginated,scraped_html_paginated,unknown,,,0.15,15.0,15,15,2.4,38.4,Untitled record,No content available.,,https://www.scrapethissite.com/pages/forms/?page_num=4,hockey_multi_page_results.json,scraped_html_paginated,scraped_html_paginated,unknown,unknown,Untitled record,,
1357,Untitled record,scraped_html_paginated,scraped_html_paginated,unknown,,,0.15,15.0,15,15,2.4,38.4,Untitled record,No content available.,,https://www.scrapethissite.com/pages/forms/?page_num=4,hockey_multi_page_results.json,scraped_html_paginated,scraped_html_paginated,unknown,unknown,Untitled record,,
1358,Untitled record,scraped_html_paginated,scraped_html_paginated,unknown,,,0.15,15.0,15,15,2.4,38.4,Untitled record,No content available.,,https://www.scrapethissite.com/pages/forms/?page_num=4,hockey_multi_page_results.json,scraped_html_paginated,scraped_html_paginated,unknown,unknown,Untitled record,,
1359,Untitled record,scraped_html_paginated,scraped_html_paginated,unknown,,,0.15,15.0,15,15,2.4,38.4,Untitled record,No content available.,,https://www.scrapethissite.com/pages/forms/?page_num=4,hockey_multi_page_results.json,scraped_html_paginated,scraped_html_paginated,unknown,unknown,Untitled record,,
1360,Untitled record,scraped_html_paginated,scraped_html_paginated,unknown,,,0.15,15.0,15,15,2.4,38.4,Untitled record,No content available.,,https://www.scrapethissite.com/pages/forms/?page_num=4,hockey_multi_page_results.json,scraped_html_paginated,scraped_html_paginated,unknown,unknown,Untitled record,,
1361,Untitled record,scraped_html_paginated,scraped_html_paginated,unknown,,,0.15,15.0,15,15,2.4,38.4,Untitled record,No content available.,,https://www.scrapethissite.com/pages/forms/?page_num=4,hockey_multi_page_results.json,scraped_html_paginated,scraped_html_paginated,unknown,unknown,Untitled record,,
1362,Untitled record,scraped_html_paginated,scraped_html_paginated,unknown,,,0.15,15.0,15,15,2.4,38.4,Untitled record,No content available.,,https://www.scrapethissite.com/pages/forms/?page_num=4,hockey_multi_page_results.json,scraped_html_paginated,scraped_html_paginated,unknown,unknown,Untitled record,,
1363,Untitled record,scraped_html_paginated,scraped_html_paginated,unknown,,,0.15,15.0,15,15,2.4,38.4,Untitled record,No content available.,,https://www.scrapethissite.com/pages/forms/?page_num=4,hockey_multi_page_results.json,scraped_html_paginated,scraped_html_paginated,unknown,unknown,Untitled record,,
1364,Untitled record,scraped_html_paginated,scraped_html_paginated,unknown,,,0.15,15.0,15,15,2.4,38.4,Untitled record,No content available.,,https://www.scrapethissite.com/pages/forms/?page_num=4,hockey_multi_page_results.json,scraped_html_paginated,scraped_html_paginated,unknown,unknown,Untitled record,,
1365,Untitled record,scraped_html_paginated,scraped_html_paginated,unknown,,,0.15,15.0,15,15,2.4,38.4,Untitled record,No content available.,,https://www.scrapethissite.com/pages/forms/?page_num=4,hockey_multi_page_results.json,scraped_html_paginated,scraped_html_paginated,unknown,unknown,Untitled record,,
1382,The Descendants,scraped_json_api,scraped_json_api,unknown,,,0.15,15.0,15,15,2.4,38.4,The Descendants,No content available.,,https://www.scrapethissite.com/pages/ajax-javascript/?ajax=true&year=2011,ajax_movies_api_results.json,scraped_json_api,scraped_json_api,unknown,unknown,The Descendants,,
1425,American Sniper,scraped_json_api,scraped_json_api,unknown,,,0.15,15.0,15,15,2.4,38.4,American Sniper,No content available.,,https://www.scrapethissite.com/pages/ajax-javascript/?ajax=true&year=2014,ajax_movies_api_results.json,scraped_json_api,scraped_json_api,unknown,unknown,American Sniper,,
1439,The Revenant,scraped_json_api,scraped_json_api,unknown,,,0.15,15.0,15,15,2.4,38.4,The Revenant,No content available.,,https://www.scrapethissite.com/pages/ajax-javascript/?ajax=true&year=2015,ajax_movies_api_results.json,scraped_json_api,scraped_json_api,unknown,unknown,The Revenant,,
1440,Bridge of Spies,scraped_json_api,scraped_json_api,unknown,,,0.15,15.0,15,15,2.4,38.4,Bridge of Spies,No content available.,,https://www.scrapethissite.com/pages/ajax-javascript/?ajax=true&year=2015,ajax_movies_api_results.json,scraped_json_api,scraped_json_api,unknown,unknown,Bridge of Spies,,
1441,The Big Short,scraped_json_api,scraped_json_api,unknown,,,0.15,15.0,15,15,2.4,38.4,The Big Short,No content available.,,https://www.scrapethissite.com/pages/ajax-javascript/?ajax=true&year=2015,ajax_movies_api_results.json,scraped_json_api,scraped_json_api,unknown,unknown,The Big Short,,
1442,The Danish Girl,scraped_json_api,scraped_json_api,unknown,,,0.15,15.0,15,15,2.4,38.4,The Danish Girl,No content available.,,https://www.scrapethissite.com/pages/ajax-javascript/?ajax=true&year=2015,ajax_movies_api_results.json,scraped_json_api,scraped_json_api,unknown,unknown,The Danish Girl,,
350,The Lost Thing,scraped_json_api,scraped_json_api,unknown,,,0.14,14.0,14,14,2.24,33.6,The Lost Thing,No content available.,,https://www.scrapethissite.com/pages/ajax-javascript/?ajax=true&year=2010,ajax_movies_api_results.json,scraped_json_api,scraped_json_api,unknown,unknown,The Lost Thing,,
372,Les Misérables,scraped_json_api,scraped_json_api,unknown,,,0.14,14.0,14,14,2.24,33.6,Les Misérables,No content available.,,https://www.scrapethissite.com/pages/ajax-javascript/?ajax=true&year=2012,ajax_movies_api_results.json,scraped_json_api,scraped_json_api,unknown,unknown,Les Misérables,,
410,The Phone Call,scraped_json_api,scraped_json_api,unknown,,,0.14,14.0,14,14,2.24,33.6,The Phone Call,No content available.,,https://www.scrapethissite.com/pages/ajax-javascript/?ajax=true&year=2014,ajax_movies_api_results.json,scraped_json_api,scraped_json_api,unknown,unknown,The Phone Call,,
606,The Lost Thing,scraped_json_api,scraped_json_api,unknown,,,0.14,14.0,14,14,2.24,33.6,The Lost Thing,No content available.,,https://www.scrapethissite.com/pages/ajax-javascript/?ajax=true&year=2010,ajax_movies_api_results.json,scraped_json_api,scraped_json_api,unknown,unknown,The Lost Thing,,
628,Les Misérables,scraped_json_api,scraped_json_api,unknown,,,0.14,14.0,14,14,2.24,33.6,Les Misérables,No content available.,,https://www.scrapethissite.com/pages/ajax-javascript/?ajax=true&year=2012,ajax_movies_api_results.json,scraped_json_api,scraped_json_api,unknown,unknown,Les Misérables,,
666,The Phone Call,scraped_json_api,scraped_json_api,unknown,,,0.14,14.0,14,14,2.24,33.6,The Phone Call,No content available.,,https://www.scrapethissite.com/pages/ajax-javascript/?ajax=true&year=2014,ajax_movies_api_results.json,scraped_json_api,scraped_json_api,unknown,unknown,The Phone Call,,
862,The Lost Thing,scraped_json_api,scraped_json_api,unknown,,,0.14,14.0,14,14,2.24,33.6,The Lost Thing,No content available.,,https://www.scrapethissite.com/pages/ajax-javascript/?ajax=true&year=2010,ajax_movies_api_results.json,scraped_json_api,scraped_json_api,unknown,unknown,The Lost Thing,,
884,Les Misérables,scraped_json_api,scraped_json_api,unknown,,,0.14,14.0,14,14,2.24,33.6,Les Misérables,No content available.,,https://www.scrapethissite.com/pages/ajax-javascript/?ajax=true&year=2012,ajax_movies_api_results.json,scraped_json_api,scraped_json_api,unknown,unknown,Les Misérables,,
922,The Phone Call,scraped_json_api,scraped_json_api,unknown,,,0.14,14.0,14,14,2.24,33.6,The Phone Call,No content available.,,https://www.scrapethissite.com/pages/ajax-javascript/?ajax=true&year=2014,ajax_movies_api_results.json,scraped_json_api,scraped_json_api,unknown,unknown,The Phone Call,,
1118,The Lost Thing,scraped_json_api,scraped_json_api,unknown,,,0.14,14.0,14,14,2.24,33.6,The Lost Thing,No content available.,,https://www.scrapethissite.com/pages/ajax-javascript/?ajax=true&year=2010,ajax_movies_api_results.json,scraped_json_api,scraped_json_api,unknown,unknown,The Lost Thing,,
1140,Les Misérables,scraped_json_api,scraped_json_api,unknown,,,0.14,14.0,14,14,2.24,33.6,Les Misérables,No content available.,,https://www.scrapethissite.com/pages/ajax-javascript/?ajax=true&year=2012,ajax_movies_api_results.json,scraped_json_api,scraped_json_api,unknown,unknown,Les Misérables,,
1178,The Phone Call,scraped_json_api,scraped_json_api,unknown,,,0.14,14.0,14,14,2.24,33.6,The Phone Call,No content available.,,https://www.scrapethissite.com/pages/ajax-javascript/?ajax=true&year=2014,ajax_movies_api_results.json,scraped_json_api,scraped_json_api,unknown,unknown,The Phone Call,,
1374,The Lost Thing,scraped_json_api,scraped_json_api,unknown,,,0.14,14.0,14,14,2.24,33.6,The Lost Thing,No content available.,,https://www.scrapethissite.com/pages/ajax-javascript/?ajax=true&year=2010,ajax_movies_api_results.json,scraped_json_api,scraped_json_api,unknown,unknown,The Lost Thing,,
1396,Les Misérables,scraped_json_api,scraped_json_api,unknown,,,0.14,14.0,14,14,2.24,33.6,Les Misérables,No content available.,,https://www.scrapethissite.com/pages/ajax-javascript/?ajax=true&year=2012,ajax_movies_api_results.json,scraped_json_api,scraped_json_api,unknown,unknown,Les Misérables,,
1434,The Phone Call,scraped_json_api,scraped_json_api,unknown,,,0.14,14.0,14,14,2.24,33.6,The Phone Call,No content available.,,https://www.scrapethissite.com/pages/ajax-javascript/?ajax=true&year=2014,ajax_movies_api_results.json,scraped_json_api,scraped_json_api,unknown,unknown,The Phone Call,,
357,The Iron Lady,scraped_json_api,scraped_json_api,unknown,,,0.13,13.0,13,13,2.08,29.12,The Iron Lady,No content available.,,https://www.scrapethissite.com/pages/ajax-javascript/?ajax=true&year=2011,ajax_movies_api_results.json,scraped_json_api,scraped_json_api,unknown,unknown,The Iron Lady,,
379,Anna Karenina,scraped_json_api,scraped_json_api,unknown,,,0.13,13.0,13,13,2.08,29.12,Anna Karenina,No content available.,,https://www.scrapethissite.com/pages/ajax-javascript/?ajax=true&year=2012,ajax_movies_api_results.json,scraped_json_api,scraped_json_api,unknown,unknown,Anna Karenina,,
613,The Iron Lady,scraped_json_api,scraped_json_api,unknown,,,0.13,13.0,13,13,2.08,29.12,The Iron Lady,No content available.,,https://www.scrapethissite.com/pages/ajax-javascript/?ajax=true&year=2011,ajax_movies_api_results.json,scraped_json_api,scraped_json_api,unknown,unknown,The Iron Lady,,
635,Anna Karenina,scraped_json_api,scraped_json_api,unknown,,,0.13,13.0,13,13,2.08,29.12,Anna Karenina,No content available.,,https://www.scrapethissite.com/pages/ajax-javascript/?ajax=true&year=2012,ajax_movies_api_results.json,scraped_json_api,scraped_json_api,unknown,unknown,Anna Karenina,,
869,The Iron Lady,scraped_json_api,scraped_json_api,unknown,,,0.13,13.0,13,13,2.08,29.12,The Iron Lady,No content available.,,https://www.scrapethissite.com/pages/ajax-javascript/?ajax=true&year=2011,ajax_movies_api_results.json,scraped_json_api,scraped_json_api,unknown,unknown,The Iron Lady,,
891,Anna Karenina,scraped_json_api,scraped_json_api,unknown,,,0.13,13.0,13,13,2.08,29.12,Anna Karenina,No content available.,,https://www.scrapethissite.com/pages/ajax-javascript/?ajax=true&year=2012,ajax_movies_api_results.json,scraped_json_api,scraped_json_api,unknown,unknown,Anna Karenina,,
1125,The Iron Lady,scraped_json_api,scraped_json_api,unknown,,,0.13,13.0,13,13,2.08,29.12,The Iron Lady,No content available.,,https://www.scrapethissite.com/pages/ajax-javascript/?ajax=true&year=2011,ajax_movies_api_results.json,scraped_json_api,scraped_json_api,unknown,unknown,The Iron Lady,,
1147,Anna Karenina,scraped_json_api,scraped_json_api,unknown,,,0.13,13.0,13,13,2.08,29.12,Anna Karenina,No content available.,,https://www.scrapethissite.com/pages/ajax-javascript/?ajax=true&year=2012,ajax_movies_api_results.json,scraped_json_api,scraped_json_api,unknown,unknown,Anna Karenina,,
1381,The Iron Lady,scraped_json_api,scraped_json_api,unknown,,,0.13,13.0,13,13,2.08,29.12,The Iron Lady,No content available.,,https://www.scrapethissite.com/pages/ajax-javascript/?ajax=true&year=2011,ajax_movies_api_results.json,scraped_json_api,scraped_json_api,unknown,unknown,The Iron Lady,,
1403,Anna Karenina,scraped_json_api,scraped_json_api,unknown,,,0.13,13.0,13,13,2.08,29.12,Anna Karenina,No content available.,,https://www.scrapethissite.com/pages/ajax-javascript/?ajax=true&year=2012,ajax_movies_api_results.json,scraped_json_api,scraped_json_api,unknown,unknown,Anna Karenina,,
362,A Separation,scraped_json_api,scraped_json_api,unknown,,,0.12,12.0,12,12,1.92,24.96,A Separation,No content available.,,https://www.scrapethissite.com/pages/ajax-javascript/?ajax=true&year=2011,ajax_movies_api_results.json,scraped_json_api,scraped_json_api,unknown,unknown,A Separation,,
391,Blue Jasmine,scraped_json_api,scraped_json_api,unknown,,,0.12,12.0,12,12,1.92,24.96,Blue Jasmine,No content available.,,https://www.scrapethissite.com/pages/ajax-javascript/?ajax=true&year=2013,ajax_movies_api_results.json,scraped_json_api,scraped_json_api,unknown,unknown,Blue Jasmine,,
403,Interstellar,scraped_json_api,scraped_json_api,unknown,,,0.12,12.0,12,12,1.92,24.96,Interstellar,No content available.,,https://www.scrapethissite.com/pages/ajax-javascript/?ajax=true&year=2014,ajax_movies_api_results.json,scraped_json_api,scraped_json_api,unknown,unknown,Interstellar,,
618,A Separation,scraped_json_api,scraped_json_api,unknown,,,0.12,12.0,12,12,1.92,24.96,A Separation,No content available.,,https://www.scrapethissite.com/pages/ajax-javascript/?ajax=true&year=2011,ajax_movies_api_results.json,scraped_json_api,scraped_json_api,unknown,unknown,A Separation,,
647,Blue Jasmine,scraped_json_api,scraped_json_api,unknown,,,0.12,12.0,12,12,1.92,24.96,Blue Jasmine,No content available.,,https://www.scrapethissite.com/pages/ajax-javascript/?ajax=true&year=2013,ajax_movies_api_results.json,scraped_json_api,scraped_json_api,unknown,unknown,Blue Jasmine,,
659,Interstellar,scraped_json_api,scraped_json_api,unknown,,,0.12,12.0,12,12,1.92,24.96,Interstellar,No content available.,,https://www.scrapethissite.com/pages/ajax-javascript/?ajax=true&year=2014,ajax_movies_api_results.json,scraped_json_api,scraped_json_api,unknown,unknown,Interstellar,,
874,A Separation,scraped_json_api,scraped_json_api,unknown,,,0.12,12.0,12,12,1.92,24.96,A Separation,No content available.,,https://www.scrapethissite.com/pages/ajax-javascript/?ajax=true&year=2011,ajax_movies_api_results.json,scraped_json_api,scraped_json_api,unknown,unknown,A Separation,,
903,Blue Jasmine,scraped_json_api,scraped_json_api,unknown,,,0.12,12.0,12,12,1.92,24.96,Blue Jasmine,No content available.,,https://www.scrapethissite.com/pages/ajax-javascript/?ajax=true&year=2013,ajax_movies_api_results.json,scraped_json_api,scraped_json_api,unknown,unknown,Blue Jasmine,,
915,Interstellar,scraped_json_api,scraped_json_api,unknown,,,0.12,12.0,12,12,1.92,24.96,Interstellar,No content available.,,https://www.scrapethissite.com/pages/ajax-javascript/?ajax=true&year=2014,ajax_movies_api_results.json,scraped_json_api,scraped_json_api,unknown,unknown,Interstellar,,
1130,A Separation,scraped_json_api,scraped_json_api,unknown,,,0.12,12.0,12,12,1.92,24.96,A Separation,No content available.,,https://www.scrapethissite.com/pages/ajax-javascript/?ajax=true&year=2011,ajax_movies_api_results.json,scraped_json_api,scraped_json_api,unknown,unknown,A Separation,,
1159,Blue Jasmine,scraped_json_api,scraped_json_api,unknown,,,0.12,12.0,12,12,1.92,24.96,Blue Jasmine,No content available.,,https://www.scrapethissite.com/pages/ajax-javascript/?ajax=true&year=2013,ajax_movies_api_results.json,scraped_json_api,scraped_json_api,unknown,unknown,Blue Jasmine,,
1171,Interstellar,scraped_json_api,scraped_json_api,unknown,,,0.12,12.0,12,12,1.92,24.96,Interstellar,No content available.,,https://www.scrapethissite.com/pages/ajax-javascript/?ajax=true&year=2014,ajax_movies_api_results.json,scraped_json_api,scraped_json_api,unknown,unknown,Interstellar,,
1386,A Separation,scraped_json_api,scraped_json_api,unknown,,,0.12,12.0,12,12,1.92,24.96,A Separation,No content available.,,https://www.scrapethissite.com/pages/ajax-javascript/?ajax=true&year=2011,ajax_movies_api_results.json,scraped_json_api,scraped_json_api,unknown,unknown,A Separation,,
1415,Blue Jasmine,scraped_json_api,scraped_json_api,unknown,,,0.12,12.0,12,12,1.92,24.96,Blue Jasmine,No content available.,,https://www.scrapethissite.com/pages/ajax-javascript/?ajax=true&year=2013,ajax_movies_api_results.json,scraped_json_api,scraped_json_api,unknown,unknown,Blue Jasmine,,
1427,Interstellar,scraped_json_api,scraped_json_api,unknown,,,0.12,12.0,12,12,1.92,24.96,Interstellar,No content available.,,https://www.scrapethissite.com/pages/ajax-javascript/?ajax=true&year=2014,ajax_movies_api_results.json,scraped_json_api,scraped_json_api,unknown,unknown,Interstellar,,
345,The Fighter,scraped_json_api,scraped_json_api,unknown,,,0.11,11.0,11,11,1.76,21.12,The Fighter,No content available.,,https://www.scrapethissite.com/pages/ajax-javascript/?ajax=true&year=2010,ajax_movies_api_results.json,scraped_json_api,scraped_json_api,unknown,unknown,The Fighter,,
346,Toy Story 3,scraped_json_api,scraped_json_api,unknown,,,0.11,11.0,11,11,1.76,21.12,Toy Story 3,No content available.,,https://www.scrapethissite.com/pages/ajax-javascript/?ajax=true&year=2010,ajax_movies_api_results.json,scraped_json_api,scraped_json_api,unknown,unknown,Toy Story 3,,
351,God of Love,scraped_json_api,scraped_json_api,unknown,,,0.11,11.0,11,11,1.76,21.12,God of Love,No content available.,,https://www.scrapethissite.com/pages/ajax-javascript/?ajax=true&year=2010,ajax_movies_api_results.json,scraped_json_api,scraped_json_api,unknown,unknown,God of Love,,
352,The Wolfman,scraped_json_api,scraped_json_api,unknown,,,0.11,11.0,11,11,1.76,21.12,The Wolfman,No content available.,,https://www.scrapethissite.com/pages/ajax-javascript/?ajax=true&year=2010,ajax_movies_api_results.json,scraped_json_api,scraped_json_api,unknown,unknown,The Wolfman,,
366,The Muppets,scraped_json_api,scraped_json_api,unknown,,,0.11,11.0,11,11,1.76,21.12,The Muppets,No content available.,,https://www.scrapethissite.com/pages/ajax-javascript/?ajax=true&year=2011,ajax_movies_api_results.json,scraped_json_api,scraped_json_api,unknown,unknown,The Muppets,,
367,Saving Face,scraped_json_api,scraped_json_api,unknown,,,0.11,11.0,11,11,1.76,21.12,Saving Face,No content available.,,https://www.scrapethissite.com/pages/ajax-javascript/?ajax=true&year=2011,ajax_movies_api_results.json,scraped_json_api,scraped_json_api,unknown,unknown,Saving Face,,
407,Citizenfour,scraped_json_api,scraped_json_api,unknown,,,0.11,11.0,11,11,1.76,21.12,Citizenfour,No content available.,,https://www.scrapethissite.com/pages/ajax-javascript/?ajax=true&year=2014,ajax_movies_api_results.json,scraped_json_api,scraped_json_api,unknown,unknown,Citizenfour,,
411,Still Alice,scraped_json_api,scraped_json_api,unknown,,,0.11,11.0,11,11,1.76,21.12,Still Alice,No content available.,,https://www.scrapethissite.com/pages/ajax-javascript/?ajax=true&year=2014,ajax_movies_api_results.json,scraped_json_api,scraped_json_api,unknown,unknown,Still Alice,,
413,Spotlight,scraped_json_api,scraped_json_api,unknown,,,0.11,11.0,11,11,1.76,21.12,Spotlight,No content available.,,https://www.scrapethissite.com/pages/ajax-javascript/?ajax=true&year=2015,ajax_movies_api_results.json,scraped_json_api,scraped_json_api,unknown,unknown,Spotlight,,
420,Ex Machina,scraped_json_api,scraped_json_api,unknown,,,0.11,11.0,11,11,1.76,21.12,Ex Machina,No content available.,,https://www.scrapethissite.com/pages/ajax-javascript/?ajax=true&year=2015,ajax_movies_api_results.json,scraped_json_api,scraped_json_api,unknown,unknown,Ex Machina,,
422,Inside Out,scraped_json_api,scraped_json_api,unknown,,,0.11,11.0,11,11,1.76,21.12,Inside Out,No content available.,,https://www.scrapethissite.com/pages/ajax-javascript/?ajax=true&year=2015,ajax_movies_api_results.json,scraped_json_api,scraped_json_api,unknown,unknown,Inside Out,,
424,Bear Story,scraped_json_api,scraped_json_api,unknown,,,0.11,11.0,11,11,1.76,21.12,Bear Story,No content available.,,https://www.scrapethissite.com/pages/ajax-javascript/?ajax=true&year=2015,ajax_movies_api_results.json,scraped_json_api,scraped_json_api,unknown,unknown,Bear Story,,
426,Son of Saul,scraped_json_api,scraped_json_api,unknown,,,0.11,11.0,11,11,1.76,21.12,Son of Saul,No content available.,,https://www.scrapethissite.com/pages/ajax-javascript/?ajax=true&year=2015,ajax_movies_api_results.json,scraped_json_api,scraped_json_api,unknown,unknown,Son of Saul,,
428,Stutterer,scraped_json_api,scraped_json_api,unknown,,,0.11,11.0,11,11,1.76,21.12,Stutterer,No content available.,,https://www.scrapethissite.com/pages/ajax-javascript/?ajax=true&year=2015,ajax_movies_api_results.json,scraped_json_api,scraped_json_api,unknown,unknown,Stutterer,,
601,The Fighter,scraped_json_api,scraped_json_api,unknown,,,0.11,11.0,11,11,1.76,21.12,The Fighter,No content available.,,https://www.scrapethissite.com/pages/ajax-javascript/?ajax=true&year=2010,ajax_movies_api_results.json,scraped_json_api,scraped_json_api,unknown,unknown,The Fighter,,
602,Toy Story 3,scraped_json_api,scraped_json_api,unknown,,,0.11,11.0,11,11,1.76,21.12,Toy Story 3,No content available.,,https://www.scrapethissite.com/pages/ajax-javascript/?ajax=true&year=2010,ajax_movies_api_results.json,scraped_json_api,scraped_json_api,unknown,unknown,Toy Story 3,,
607,God of Love,scraped_json_api,scraped_json_api,unknown,,,0.11,11.0,11,11,1.76,21.12,God of Love,No content available.,,https://www.scrapethissite.com/pages/ajax-javascript/?ajax=true&year=2010,ajax_movies_api_results.json,scraped_json_api,scraped_json_api,unknown,unknown,God of Love,,
608,The Wolfman,scraped_json_api,scraped_json_api,unknown,,,0.11,11.0,11,11,1.76,21.12,The Wolfman,No content available.,,https://www.scrapethissite.com/pages/ajax-javascript/?ajax=true&year=2010,ajax_movies_api_results.json,scraped_json_api,scraped_json_api,unknown,unknown,The Wolfman,,
622,The Muppets,scraped_json_api,scraped_json_api,unknown,,,0.11,11.0,11,11,1.76,21.12,The Muppets,No content available.,,https://www.scrapethissite.com/pages/ajax-javascript/?ajax=true&year=2011,ajax_movies_api_results.json,scraped_json_api,scraped_json_api,unknown,unknown,The Muppets,,
623,Saving Face,scraped_json_api,scraped_json_api,unknown,,,0.11,11.0,11,11,1.76,21.12,Saving Face,No content available.,,https://www.scrapethissite.com/pages/ajax-javascript/?ajax=true&year=2011,ajax_movies_api_results.json,scraped_json_api,scraped_json_api,unknown,unknown,Saving Face,,
663,Citizenfour,scraped_json_api,scraped_json_api,unknown,,,0.11,11.0,11,11,1.76,21.12,Citizenfour,No content available.,,https://www.scrapethissite.com/pages/ajax-javascript/?ajax=true&year=2014,ajax_movies_api_results.json,scraped_json_api,scraped_json_api,unknown,unknown,Citizenfour,,
667,Still Alice,scraped_json_api,scraped_json_api,unknown,,,0.11,11.0,11,11,1.76,21.12,Still Alice,No content available.,,https://www.scrapethissite.com/pages/ajax-javascript/?ajax=true&year=2014,ajax_movies_api_results.json,scraped_json_api,scraped_json_api,unknown,unknown,Still Alice,,
669,Spotlight,scraped_json_api,scraped_json_api,unknown,,,0.11,11.0,11,11,1.76,21.12,Spotlight,No content available.,,https://www.scrapethissite.com/pages/ajax-javascript/?ajax=true&year=2015,ajax_movies_api_results.json,scraped_json_api,scraped_json_api,unknown,unknown,Spotlight,,
676,Ex Machina,scraped_json_api,scraped_json_api,unknown,,,0.11,11.0,11,11,1.76,21.12,Ex Machina,No content available.,,https://www.scrapethissite.com/pages/ajax-javascript/?ajax=true&year=2015,ajax_movies_api_results.json,scraped_json_api,scraped_json_api,unknown,unknown,Ex Machina,,
678,Inside Out,scraped_json_api,scraped_json_api,unknown,,,0.11,11.0,11,11,1.76,21.12,Inside Out,No content available.,,https://www.scrapethissite.com/pages/ajax-javascript/?ajax=true&year=2015,ajax_movies_api_results.json,scraped_json_api,scraped_json_api,unknown,unknown,Inside Out,,
680,Bear Story,scraped_json_api,scraped_json_api,unknown,,,0.11,11.0,11,11,1.76,21.12,Bear Story,No content available.,,https://www.scrapethissite.com/pages/ajax-javascript/?ajax=true&year=2015,ajax_movies_api_results.json,scraped_json_api,scraped_json_api,unknown,unknown,Bear Story,,
682,Son of Saul,scraped_json_api,scraped_json_api,unknown,,,0.11,11.0,11,11,1.76,21.12,Son of Saul,No content available.,,https://www.scrapethissite.com/pages/ajax-javascript/?ajax=true&year=2015,ajax_movies_api_results.json,scraped_json_api,scraped_json_api,unknown,unknown,Son of Saul,,
684,Stutterer,scraped_json_api,scraped_json_api,unknown,,,0.11,11.0,11,11,1.76,21.12,Stutterer,No content available.,,https://www.scrapethissite.com/pages/ajax-javascript/?ajax=true&year=2015,ajax_movies_api_results.json,scraped_json_api,scraped_json_api,unknown,unknown,Stutterer,,
857,The Fighter,scraped_json_api,scraped_json_api,unknown,,,0.11,11.0,11,11,1.76,21.12,The Fighter,No content available.,,https://www.scrapethissite.com/pages/ajax-javascript/?ajax=true&year=2010,ajax_movies_api_results.json,scraped_json_api,scraped_json_api,unknown,unknown,The Fighter,,
858,Toy Story 3,scraped_json_api,scraped_json_api,unknown,,,0.11,11.0,11,11,1.76,21.12,Toy Story 3,No content available.,,https://www.scrapethissite.com/pages/ajax-javascript/?ajax=true&year=2010,ajax_movies_api_results.json,scraped_json_api,scraped_json_api,unknown,unknown,Toy Story 3,,
863,God of Love,scraped_json_api,scraped_json_api,unknown,,,0.11,11.0,11,11,1.76,21.12,God of Love,No content available.,,https://www.scrapethissite.com/pages/ajax-javascript/?ajax=true&year=2010,ajax_movies_api_results.json,scraped_json_api,scraped_json_api,unknown,unknown,God of Love,,
864,The Wolfman,scraped_json_api,scraped_json_api,unknown,,,0.11,11.0,11,11,1.76,21.12,The Wolfman,No content available.,,https://www.scrapethissite.com/pages/ajax-javascript/?ajax=true&year=2010,ajax_movies_api_results.json,scraped_json_api,scraped_json_api,unknown,unknown,The Wolfman,,
878,The Muppets,scraped_json_api,scraped_json_api,unknown,,,0.11,11.0,11,11,1.76,21.12,The Muppets,No content available.,,https://www.scrapethissite.com/pages/ajax-javascript/?ajax=true&year=2011,ajax_movies_api_results.json,scraped_json_api,scraped_json_api,unknown,unknown,The Muppets,,
879,Saving Face,scraped_json_api,scraped_json_api,unknown,,,0.11,11.0,11,11,1.76,21.12,Saving Face,No content available.,,https://www.scrapethissite.com/pages/ajax-javascript/?ajax=true&year=2011,ajax_movies_api_results.json,scraped_json_api,scraped_json_api,unknown,unknown,Saving Face,,
919,Citizenfour,scraped_json_api,scraped_json_api,unknown,,,0.11,11.0,11,11,1.76,21.12,Citizenfour,No content available.,,https://www.scrapethissite.com/pages/ajax-javascript/?ajax=true&year=2014,ajax_movies_api_results.json,scraped_json_api,scraped_json_api,unknown,unknown,Citizenfour,,
923,Still Alice,scraped_json_api,scraped_json_api,unknown,,,0.11,11.0,11,11,1.76,21.12,Still Alice,No content available.,,https://www.scrapethissite.com/pages/ajax-javascript/?ajax=true&year=2014,ajax_movies_api_results.json,scraped_json_api,scraped_json_api,unknown,unknown,Still Alice,,
925,Spotlight,scraped_json_api,scraped_json_api,unknown,,,0.11,11.0,11,11,1.76,21.12,Spotlight,No content available.,,https://www.scrapethissite.com/pages/ajax-javascript/?ajax=true&year=2015,ajax_movies_api_results.json,scraped_json_api,scraped_json_api,unknown,unknown,Spotlight,,
932,Ex Machina,scraped_json_api,scraped_json_api,unknown,,,0.11,11.0,11,11,1.76,21.12,Ex Machina,No content available.,,https://www.scrapethissite.com/pages/ajax-javascript/?ajax=true&year=2015,ajax_movies_api_results.json,scraped_json_api,scraped_json_api,unknown,unknown,Ex Machina,,
934,Inside Out,scraped_json_api,scraped_json_api,unknown,,,0.11,11.0,11,11,1.76,21.12,Inside Out,No content available.,,https://www.scrapethissite.com/pages/ajax-javascript/?ajax=true&year=2015,ajax_movies_api_results.json,scraped_json_api,scraped_json_api,unknown,unknown,Inside Out,,
936,Bear Story,scraped_json_api,scraped_json_api,unknown,,,0.11,11.0,11,11,1.76,21.12,Bear Story,No content available.,,https://www.scrapethissite.com/pages/ajax-javascript/?ajax=true&year=2015,ajax_movies_api_results.json,scraped_json_api,scraped_json_api,unknown,unknown,Bear Story,,
938,Son of Saul,scraped_json_api,scraped_json_api,unknown,,,0.11,11.0,11,11,1.76,21.12,Son of Saul,No content available.,,https://www.scrapethissite.com/pages/ajax-javascript/?ajax=true&year=2015,ajax_movies_api_results.json,scraped_json_api,scraped_json_api,unknown,unknown,Son of Saul,,
940,Stutterer,scraped_json_api,scraped_json_api,unknown,,,0.11,11.0,11,11,1.76,21.12,Stutterer,No content available.,,https://www.scrapethissite.com/pages/ajax-javascript/?ajax=true&year=2015,ajax_movies_api_results.json,scraped_json_api,scraped_json_api,unknown,unknown,Stutterer,,
1113,The Fighter,scraped_json_api,scraped_json_api,unknown,,,0.11,11.0,11,11,1.76,21.12,The Fighter,No content available.,,https://www.scrapethissite.com/pages/ajax-javascript/?ajax=true&year=2010,ajax_movies_api_results.json,scraped_json_api,scraped_json_api,unknown,unknown,The Fighter,,
1114,Toy Story 3,scraped_json_api,scraped_json_api,unknown,,,0.11,11.0,11,11,1.76,21.12,Toy Story 3,No content available.,,https://www.scrapethissite.com/pages/ajax-javascript/?ajax=true&year=2010,ajax_movies_api_results.json,scraped_json_api,scraped_json_api,unknown,unknown,Toy Story 3,,
1119,God of Love,scraped_json_api,scraped_json_api,unknown,,,0.11,11.0,11,11,1.76,21.12,God of Love,No content available.,,https://www.scrapethissite.com/pages/ajax-javascript/?ajax=true&year=2010,ajax_movies_api_results.json,scraped_json_api,scraped_json_api,unknown,unknown,God of Love,,
1120,The Wolfman,scraped_json_api,scraped_json_api,unknown,,,0.11,11.0,11,11,1.76,21.12,The Wolfman,No content available.,,https://www.scrapethissite.com/pages/ajax-javascript/?ajax=true&year=2010,ajax_movies_api_results.json,scraped_json_api,scraped_json_api,unknown,unknown,The Wolfman,,
1134,The Muppets,scraped_json_api,scraped_json_api,unknown,,,0.11,11.0,11,11,1.76,21.12,The Muppets,No content available.,,https://www.scrapethissite.com/pages/ajax-javascript/?ajax=true&year=2011,ajax_movies_api_results.json,scraped_json_api,scraped_json_api,unknown,unknown,The Muppets,,
1135,Saving Face,scraped_json_api,scraped_json_api,unknown,,,0.11,11.0,11,11,1.76,21.12,Saving Face,No content available.,,https://www.scrapethissite.com/pages/ajax-javascript/?ajax=true&year=2011,ajax_movies_api_results.json,scraped_json_api,scraped_json_api,unknown,unknown,Saving Face,,
1175,Citizenfour,scraped_json_api,scraped_json_api,unknown,,,0.11,11.0,11,11,1.76,21.12,Citizenfour,No content available.,,https://www.scrapethissite.com/pages/ajax-javascript/?ajax=true&year=2014,ajax_movies_api_results.json,scraped_json_api,scraped_json_api,unknown,unknown,Citizenfour,,
1179,Still Alice,scraped_json_api,scraped_json_api,unknown,,,0.11,11.0,11,11,1.76,21.12,Still Alice,No content available.,,https://www.scrapethissite.com/pages/ajax-javascript/?ajax=true&year=2014,ajax_movies_api_results.json,scraped_json_api,scraped_json_api,unknown,unknown,Still Alice,,
1181,Spotlight,scraped_json_api,scraped_json_api,unknown,,,0.11,11.0,11,11,1.76,21.12,Spotlight,No content available.,,https://www.scrapethissite.com/pages/ajax-javascript/?ajax=true&year=2015,ajax_movies_api_results.json,scraped_json_api,scraped_json_api,unknown,unknown,Spotlight,,
1188,Ex Machina,scraped_json_api,scraped_json_api,unknown,,,0.11,11.0,11,11,1.76,21.12,Ex Machina,No content available.,,https://www.scrapethissite.com/pages/ajax-javascript/?ajax=true&year=2015,ajax_movies_api_results.json,scraped_json_api,scraped_json_api,unknown,unknown,Ex Machina,,
1190,Inside Out,scraped_json_api,scraped_json_api,unknown,,,0.11,11.0,11,11,1.76,21.12,Inside Out,No content available.,,https://www.scrapethissite.com/pages/ajax-javascript/?ajax=true&year=2015,ajax_movies_api_results.json,scraped_json_api,scraped_json_api,unknown,unknown,Inside Out,,
1192,Bear Story,scraped_json_api,scraped_json_api,unknown,,,0.11,11.0,11,11,1.76,21.12,Bear Story,No content available.,,https://www.scrapethissite.com/pages/ajax-javascript/?ajax=true&year=2015,ajax_movies_api_results.json,scraped_json_api,scraped_json_api,unknown,unknown,Bear Story,,
1194,Son of Saul,scraped_json_api,scraped_json_api,unknown,,,0.11,11.0,11,11,1.76,21.12,Son of Saul,No content available.,,https://www.scrapethissite.com/pages/ajax-javascript/?ajax=true&year=2015,ajax_movies_api_results.json,scraped_json_api,scraped_json_api,unknown,unknown,Son of Saul,,
1196,Stutterer,scraped_json_api,scraped_json_api,unknown,,,0.11,11.0,11,11,1.76,21.12,Stutterer,No content available.,,https://www.scrapethissite.com/pages/ajax-javascript/?ajax=true&year=2015,ajax_movies_api_results.json,scraped_json_api,scraped_json_api,unknown,unknown,Stutterer,,
1369,The Fighter,scraped_json_api,scraped_json_api,unknown,,,0.11,11.0,11,11,1.76,21.12,The Fighter,No content available.,,https://www.scrapethissite.com/pages/ajax-javascript/?ajax=true&year=2010,ajax_movies_api_results.json,scraped_json_api,scraped_json_api,unknown,unknown,The Fighter,,
1370,Toy Story 3,scraped_json_api,scraped_json_api,unknown,,,0.11,11.0,11,11,1.76,21.12,Toy Story 3,No content available.,,https://www.scrapethissite.com/pages/ajax-javascript/?ajax=true&year=2010,ajax_movies_api_results.json,scraped_json_api,scraped_json_api,unknown,unknown,Toy Story 3,,
1375,God of Love,scraped_json_api,scraped_json_api,unknown,,,0.11,11.0,11,11,1.76,21.12,God of Love,No content available.,,https://www.scrapethissite.com/pages/ajax-javascript/?ajax=true&year=2010,ajax_movies_api_results.json,scraped_json_api,scraped_json_api,unknown,unknown,God of Love,,
1376,The Wolfman,scraped_json_api,scraped_json_api,unknown,,,0.11,11.0,11,11,1.76,21.12,The Wolfman,No content available.,,https://www.scrapethissite.com/pages/ajax-javascript/?ajax=true&year=2010,ajax_movies_api_results.json,scraped_json_api,scraped_json_api,unknown,unknown,The Wolfman,,
1390,The Muppets,scraped_json_api,scraped_json_api,unknown,,,0.11,11.0,11,11,1.76,21.12,The Muppets,No content available.,,https://www.scrapethissite.com/pages/ajax-javascript/?ajax=true&year=2011,ajax_movies_api_results.json,scraped_json_api,scraped_json_api,unknown,unknown,The Muppets,,
1391,Saving Face,scraped_json_api,scraped_json_api,unknown,,,0.11,11.0,11,11,1.76,21.12,Saving Face,No content available.,,https://www.scrapethissite.com/pages/ajax-javascript/?ajax=true&year=2011,ajax_movies_api_results.json,scraped_json_api,scraped_json_api,unknown,unknown,Saving Face,,
1431,Citizenfour,scraped_json_api,scraped_json_api,unknown,,,0.11,11.0,11,11,1.76,21.12,Citizenfour,No content available.,,https://www.scrapethissite.com/pages/ajax-javascript/?ajax=true&year=2014,ajax_movies_api_results.json,scraped_json_api,scraped_json_api,unknown,unknown,Citizenfour,,
1435,Still Alice,scraped_json_api,scraped_json_api,unknown,,,0.11,11.0,11,11,1.76,21.12,Still Alice,No content available.,,https://www.scrapethissite.com/pages/ajax-javascript/?ajax=true&year=2014,ajax_movies_api_results.json,scraped_json_api,scraped_json_api,unknown,unknown,Still Alice,,
1437,Spotlight,scraped_json_api,scraped_json_api,unknown,,,0.11,11.0,11,11,1.76,21.12,Spotlight,No content available.,,https://www.scrapethissite.com/pages/ajax-javascript/?ajax=true&year=2015,ajax_movies_api_results.json,scraped_json_api,scraped_json_api,unknown,unknown,Spotlight,,
1444,Ex Machina,scraped_json_api,scraped_json_api,unknown,,,0.11,11.0,11,11,1.76,21.12,Ex Machina,No content available.,,https://www.scrapethissite.com/pages/ajax-javascript/?ajax=true&year=2015,ajax_movies_api_results.json,scraped_json_api,scraped_json_api,unknown,unknown,Ex Machina,,
1446,Inside Out,scraped_json_api,scraped_json_api,unknown,,,0.11,11.0,11,11,1.76,21.12,Inside Out,No content available.,,https://www.scrapethissite.com/pages/ajax-javascript/?ajax=true&year=2015,ajax_movies_api_results.json,scraped_json_api,scraped_json_api,unknown,unknown,Inside Out,,
1448,Bear Story,scraped_json_api,scraped_json_api,unknown,,,0.11,11.0,11,11,1.76,21.12,Bear Story,No content available.,,https://www.scrapethissite.com/pages/ajax-javascript/?ajax=true&year=2015,ajax_movies_api_results.json,scraped_json_api,scraped_json_api,unknown,unknown,Bear Story,,
1450,Son of Saul,scraped_json_api,scraped_json_api,unknown,,,0.11,11.0,11,11,1.76,21.12,Son of Saul,No content available.,,https://www.scrapethissite.com/pages/ajax-javascript/?ajax=true&year=2015,ajax_movies_api_results.json,scraped_json_api,scraped_json_api,unknown,unknown,Son of Saul,,
1452,Stutterer,scraped_json_api,scraped_json_api,unknown,,,0.11,11.0,11,11,1.76,21.12,Stutterer,No content available.,,https://www.scrapethissite.com/pages/ajax-javascript/?ajax=true&year=2015,ajax_movies_api_results.json,scraped_json_api,scraped_json_api,unknown,unknown,Stutterer,,
348,Black Swan,scraped_json_api,scraped_json_api,unknown,,,0.1,10.0,10,10,1.6,17.6,Black Swan,No content available.,,https://www.scrapethissite.com/pages/ajax-javascript/?ajax=true&year=2010,ajax_movies_api_results.json,scraped_json_api,scraped_json_api,unknown,unknown,Black Swan,,
354,Inside Job,scraped_json_api,scraped_json_api,unknown,,,0.1,10.0,10,10,1.6,17.6,Inside Job,No content available.,,https://www.scrapethissite.com/pages/ajax-javascript/?ajax=true&year=2010,ajax_movies_api_results.json,scraped_json_api,scraped_json_api,unknown,unknown,Inside Job,,
355,The Artist,scraped_json_api,scraped_json_api,unknown,,,0.1,10.0,10,10,1.6,17.6,The Artist,No content available.,,https://www.scrapethissite.com/pages/ajax-javascript/?ajax=true&year=2011,ajax_movies_api_results.json,scraped_json_api,scraped_json_api,unknown,unknown,The Artist,,
365,Undefeated,scraped_json_api,scraped_json_api,unknown,,,0.1,10.0,10,10,1.6,17.6,Undefeated,No content available.,,https://www.scrapethissite.com/pages/ajax-javascript/?ajax=true&year=2011,ajax_movies_api_results.json,scraped_json_api,scraped_json_api,unknown,unknown,Undefeated,,
371,Life of Pi,scraped_json_api,scraped_json_api,unknown,,,0.1,10.0,10,10,1.6,17.6,Life of Pi,No content available.,,https://www.scrapethissite.com/pages/ajax-javascript/?ajax=true&year=2012,ajax_movies_api_results.json,scraped_json_api,scraped_json_api,unknown,unknown,Life of Pi,,
408,Big Hero 6,scraped_json_api,scraped_json_api,unknown,,,0.1,10.0,10,10,1.6,17.6,Big Hero 6,No content available.,,https://www.scrapethissite.com/pages/ajax-javascript/?ajax=true&year=2014,ajax_movies_api_results.json,scraped_json_api,scraped_json_api,unknown,unknown,Big Hero 6,,
604,Black Swan,scraped_json_api,scraped_json_api,unknown,,,0.1,10.0,10,10,1.6,17.6,Black Swan,No content available.,,https://www.scrapethissite.com/pages/ajax-javascript/?ajax=true&year=2010,ajax_movies_api_results.json,scraped_json_api,scraped_json_api,unknown,unknown,Black Swan,,
610,Inside Job,scraped_json_api,scraped_json_api,unknown,,,0.1,10.0,10,10,1.6,17.6,Inside Job,No content available.,,https://www.scrapethissite.com/pages/ajax-javascript/?ajax=true&year=2010,ajax_movies_api_results.json,scraped_json_api,scraped_json_api,unknown,unknown,Inside Job,,
611,The Artist,scraped_json_api,scraped_json_api,unknown,,,0.1,10.0,10,10,1.6,17.6,The Artist,No content available.,,https://www.scrapethissite.com/pages/ajax-javascript/?ajax=true&year=2011,ajax_movies_api_results.json,scraped_json_api,scraped_json_api,unknown,unknown,The Artist,,
621,Undefeated,scraped_json_api,scraped_json_api,unknown,,,0.1,10.0,10,10,1.6,17.6,Undefeated,No content available.,,https://www.scrapethissite.com/pages/ajax-javascript/?ajax=true&year=2011,ajax_movies_api_results.json,scraped_json_api,scraped_json_api,unknown,unknown,Undefeated,,
627,Life of Pi,scraped_json_api,scraped_json_api,unknown,,,0.1,10.0,10,10,1.6,17.6,Life of Pi,No content available.,,https://www.scrapethissite.com/pages/ajax-javascript/?ajax=true&year=2012,ajax_movies_api_results.json,scraped_json_api,scraped_json_api,unknown,unknown,Life of Pi,,
664,Big Hero 6,scraped_json_api,scraped_json_api,unknown,,,0.1,10.0,10,10,1.6,17.6,Big Hero 6,No content available.,,https://www.scrapethissite.com/pages/ajax-javascript/?ajax=true&year=2014,ajax_movies_api_results.json,scraped_json_api,scraped_json_api,unknown,unknown,Big Hero 6,,
860,Black Swan,scraped_json_api,scraped_json_api,unknown,,,0.1,10.0,10,10,1.6,17.6,Black Swan,No content available.,,https://www.scrapethissite.com/pages/ajax-javascript/?ajax=true&year=2010,ajax_movies_api_results.json,scraped_json_api,scraped_json_api,unknown,unknown,Black Swan,,
866,Inside Job,scraped_json_api,scraped_json_api,unknown,,,0.1,10.0,10,10,1.6,17.6,Inside Job,No content available.,,https://www.scrapethissite.com/pages/ajax-javascript/?ajax=true&year=2010,ajax_movies_api_results.json,scraped_json_api,scraped_json_api,unknown,unknown,Inside Job,,
867,The Artist,scraped_json_api,scraped_json_api,unknown,,,0.1,10.0,10,10,1.6,17.6,The Artist,No content available.,,https://www.scrapethissite.com/pages/ajax-javascript/?ajax=true&year=2011,ajax_movies_api_results.json,scraped_json_api,scraped_json_api,unknown,unknown,The Artist,,
877,Undefeated,scraped_json_api,scraped_json_api,unknown,,,0.1,10.0,10,10,1.6,17.6,Undefeated,No content available.,,https://www.scrapethissite.com/pages/ajax-javascript/?ajax=true&year=2011,ajax_movies_api_results.json,scraped_json_api,scraped_json_api,unknown,unknown,Undefeated,,
883,Life of Pi,scraped_json_api,scraped_json_api,unknown,,,0.1,10.0,10,10,1.6,17.6,Life of Pi,No content available.,,https://www.scrapethissite.com/pages/ajax-javascript/?ajax=true&year=2012,ajax_movies_api_results.json,scraped_json_api,scraped_json_api,unknown,unknown,Life of Pi,,
920,Big Hero 6,scraped_json_api,scraped_json_api,unknown,,,0.1,10.0,10,10,1.6,17.6,Big Hero 6,No content available.,,https://www.scrapethissite.com/pages/ajax-javascript/?ajax=true&year=2014,ajax_movies_api_results.json,scraped_json_api,scraped_json_api,unknown,unknown,Big Hero 6,,
1116,Black Swan,scraped_json_api,scraped_json_api,unknown,,,0.1,10.0,10,10,1.6,17.6,Black Swan,No content available.,,https://www.scrapethissite.com/pages/ajax-javascript/?ajax=true&year=2010,ajax_movies_api_results.json,scraped_json_api,scraped_json_api,unknown,unknown,Black Swan,,
1122,Inside Job,scraped_json_api,scraped_json_api,unknown,,,0.1,10.0,10,10,1.6,17.6,Inside Job,No content available.,,https://www.scrapethissite.com/pages/ajax-javascript/?ajax=true&year=2010,ajax_movies_api_results.json,scraped_json_api,scraped_json_api,unknown,unknown,Inside Job,,
1123,The Artist,scraped_json_api,scraped_json_api,unknown,,,0.1,10.0,10,10,1.6,17.6,The Artist,No content available.,,https://www.scrapethissite.com/pages/ajax-javascript/?ajax=true&year=2011,ajax_movies_api_results.json,scraped_json_api,scraped_json_api,unknown,unknown,The Artist,,
1133,Undefeated,scraped_json_api,scraped_json_api,unknown,,,0.1,10.0,10,10,1.6,17.6,Undefeated,No content available.,,https://www.scrapethissite.com/pages/ajax-javascript/?ajax=true&year=2011,ajax_movies_api_results.json,scraped_json_api,scraped_json_api,unknown,unknown,Undefeated,,
1139,Life of Pi,scraped_json_api,scraped_json_api,unknown,,,0.1,10.0,10,10,1.6,17.6,Life of Pi,No content available.,,https://www.scrapethissite.com/pages/ajax-javascript/?ajax=true&year=2012,ajax_movies_api_results.json,scraped_json_api,scraped_json_api,unknown,unknown,Life of Pi,,
1176,Big Hero 6,scraped_json_api,scraped_json_api,unknown,,,0.1,10.0,10,10,1.6,17.6,Big Hero 6,No content available.,,https://www.scrapethissite.com/pages/ajax-javascript/?ajax=true&year=2014,ajax_movies_api_results.json,scraped_json_api,scraped_json_api,unknown,unknown,Big Hero 6,,
1372,Black Swan,scraped_json_api,scraped_json_api,unknown,,,0.1,10.0,10,10,1.6,17.6,Black Swan,No content available.,,https://www.scrapethissite.com/pages/ajax-javascript/?ajax=true&year=2010,ajax_movies_api_results.json,scraped_json_api,scraped_json_api,unknown,unknown,Black Swan,,
1378,Inside Job,scraped_json_api,scraped_json_api,unknown,,,0.1,10.0,10,10,1.6,17.6,Inside Job,No content available.,,https://www.scrapethissite.com/pages/ajax-javascript/?ajax=true&year=2010,ajax_movies_api_results.json,scraped_json_api,scraped_json_api,unknown,unknown,Inside Job,,
1379,The Artist,scraped_json_api,scraped_json_api,unknown,,,0.1,10.0,10,10,1.6,17.6,The Artist,No content available.,,https://www.scrapethissite.com/pages/ajax-javascript/?ajax=true&year=2011,ajax_movies_api_results.json,scraped_json_api,scraped_json_api,unknown,unknown,The Artist,,
1389,Undefeated,scraped_json_api,scraped_json_api,unknown,,,0.1,10.0,10,10,1.6,17.6,Undefeated,No content available.,,https://www.scrapethissite.com/pages/ajax-javascript/?ajax=true&year=2011,ajax_movies_api_results.json,scraped_json_api,scraped_json_api,unknown,unknown,Undefeated,,
1395,Life of Pi,scraped_json_api,scraped_json_api,unknown,,,0.1,10.0,10,10,1.6,17.6,Life of Pi,No content available.,,https://www.scrapethissite.com/pages/ajax-javascript/?ajax=true&year=2012,ajax_movies_api_results.json,scraped_json_api,scraped_json_api,unknown,unknown,Life of Pi,,
1432,Big Hero 6,scraped_json_api,scraped_json_api,unknown,,,0.1,10.0,10,10,1.6,17.6,Big Hero 6,No content available.,,https://www.scrapethissite.com/pages/ajax-javascript/?ajax=true&year=2014,ajax_movies_api_results.json,scraped_json_api,scraped_json_api,unknown,unknown,Big Hero 6,,
343,Inception,scraped_json_api,scraped_json_api,unknown,,,0.09,9.0,9,9,1.44,14.4,Inception,No content available.,,https://www.scrapethissite.com/pages/ajax-javascript/?ajax=true&year=2010,ajax_movies_api_results.json,scraped_json_api,scraped_json_api,unknown,unknown,Inception,,
364,The Shore,scraped_json_api,scraped_json_api,unknown,,,0.09,9.0,9,9,1.44,14.4,The Shore,No content available.,,https://www.scrapethissite.com/pages/ajax-javascript/?ajax=true&year=2011,ajax_movies_api_results.json,scraped_json_api,scraped_json_api,unknown,unknown,The Shore,,
368,Beginners,scraped_json_api,scraped_json_api,unknown,,,0.09,9.0,9,9,1.44,14.4,Beginners,No content available.,,https://www.scrapethissite.com/pages/ajax-javascript/?ajax=true&year=2011,ajax_movies_api_results.json,scraped_json_api,scraped_json_api,unknown,unknown,Beginners,,
392,Mr Hublot,scraped_json_api,scraped_json_api,unknown,,,0.09,9.0,9,9,1.44,14.4,Mr Hublot,No content available.,,https://www.scrapethissite.com/pages/ajax-javascript/?ajax=true&year=2013,ajax_movies_api_results.json,scraped_json_api,scraped_json_api,unknown,unknown,Mr Hublot,,
599,Inception,scraped_json_api,scraped_json_api,unknown,,,0.09,9.0,9,9,1.44,14.4,Inception,No content available.,,https://www.scrapethissite.com/pages/ajax-javascript/?ajax=true&year=2010,ajax_movies_api_results.json,scraped_json_api,scraped_json_api,unknown,unknown,Inception,,
620,The Shore,scraped_json_api,scraped_json_api,unknown,,,0.09,9.0,9,9,1.44,14.4,The Shore,No content available.,,https://www.scrapethissite.com/pages/ajax-javascript/?ajax=true&year=2011,ajax_movies_api_results.json,scraped_json_api,scraped_json_api,unknown,unknown,The Shore,,
624,Beginners,scraped_json_api,scraped_json_api,unknown,,,0.09,9.0,9,9,1.44,14.4,Beginners,No content available.,,https://www.scrapethissite.com/pages/ajax-javascript/?ajax=true&year=2011,ajax_movies_api_results.json,scraped_json_api,scraped_json_api,unknown,unknown,Beginners,,
648,Mr Hublot,scraped_json_api,scraped_json_api,unknown,,,0.09,9.0,9,9,1.44,14.4,Mr Hublot,No content available.,,https://www.scrapethissite.com/pages/ajax-javascript/?ajax=true&year=2013,ajax_movies_api_results.json,scraped_json_api,scraped_json_api,unknown,unknown,Mr Hublot,,
855,Inception,scraped_json_api,scraped_json_api,unknown,,,0.09,9.0,9,9,1.44,14.4,Inception,No content available.,,https://www.scrapethissite.com/pages/ajax-javascript/?ajax=true&year=2010,ajax_movies_api_results.json,scraped_json_api,scraped_json_api,unknown,unknown,Inception,,
876,The Shore,scraped_json_api,scraped_json_api,unknown,,,0.09,9.0,9,9,1.44,14.4,The Shore,No content available.,,https://www.scrapethissite.com/pages/ajax-javascript/?ajax=true&year=2011,ajax_movies_api_results.json,scraped_json_api,scraped_json_api,unknown,unknown,The Shore,,
880,Beginners,scraped_json_api,scraped_json_api,unknown,,,0.09,9.0,9,9,1.44,14.4,Beginners,No content available.,,https://www.scrapethissite.com/pages/ajax-javascript/?ajax=true&year=2011,ajax_movies_api_results.json,scraped_json_api,scraped_json_api,unknown,unknown,Beginners,,
904,Mr Hublot,scraped_json_api,scraped_json_api,unknown,,,0.09,9.0,9,9,1.44,14.4,Mr Hublot,No content available.,,https://www.scrapethissite.com/pages/ajax-javascript/?ajax=true&year=2013,ajax_movies_api_results.json,scraped_json_api,scraped_json_api,unknown,unknown,Mr Hublot,,
1111,Inception,scraped_json_api,scraped_json_api,unknown,,,0.09,9.0,9,9,1.44,14.4,Inception,No content available.,,https://www.scrapethissite.com/pages/ajax-javascript/?ajax=true&year=2010,ajax_movies_api_results.json,scraped_json_api,scraped_json_api,unknown,unknown,Inception,,
1132,The Shore,scraped_json_api,scraped_json_api,unknown,,,0.09,9.0,9,9,1.44,14.4,The Shore,No content available.,,https://www.scrapethissite.com/pages/ajax-javascript/?ajax=true&year=2011,ajax_movies_api_results.json,scraped_json_api,scraped_json_api,unknown,unknown,The Shore,,
1136,Beginners,scraped_json_api,scraped_json_api,unknown,,,0.09,9.0,9,9,1.44,14.4,Beginners,No content available.,,https://www.scrapethissite.com/pages/ajax-javascript/?ajax=true&year=2011,ajax_movies_api_results.json,scraped_json_api,scraped_json_api,unknown,unknown,Beginners,,
1160,Mr Hublot,scraped_json_api,scraped_json_api,unknown,,,0.09,9.0,9,9,1.44,14.4,Mr Hublot,No content available.,,https://www.scrapethissite.com/pages/ajax-javascript/?ajax=true&year=2013,ajax_movies_api_results.json,scraped_json_api,scraped_json_api,unknown,unknown,Mr Hublot,,
1367,Inception,scraped_json_api,scraped_json_api,unknown,,,0.09,9.0,9,9,1.44,14.4,Inception,No content available.,,https://www.scrapethissite.com/pages/ajax-javascript/?ajax=true&year=2010,ajax_movies_api_results.json,scraped_json_api,scraped_json_api,unknown,unknown,Inception,,
1388,The Shore,scraped_json_api,scraped_json_api,unknown,,,0.09,9.0,9,9,1.44,14.4,The Shore,No content available.,,https://www.scrapethissite.com/pages/ajax-javascript/?ajax=true&year=2011,ajax_movies_api_results.json,scraped_json_api,scraped_json_api,unknown,unknown,The Shore,,
1392,Beginners,scraped_json_api,scraped_json_api,unknown,,,0.09,9.0,9,9,1.44,14.4,Beginners,No content available.,,https://www.scrapethissite.com/pages/ajax-javascript/?ajax=true&year=2011,ajax_movies_api_results.json,scraped_json_api,scraped_json_api,unknown,unknown,Beginners,,
1416,Mr Hublot,scraped_json_api,scraped_json_api,unknown,,,0.09,9.0,9,9,1.44,14.4,Mr Hublot,No content available.,,https://www.scrapethissite.com/pages/ajax-javascript/?ajax=true&year=2013,ajax_movies_api_results.json,scraped_json_api,scraped_json_api,unknown,unknown,Mr Hublot,,
361,The Help,scraped_json_api,scraped_json_api,unknown,,,0.08,8.0,8,8,1.28,11.52,The Help,No content available.,,https://www.scrapethissite.com/pages/ajax-javascript/?ajax=true&year=2011,ajax_movies_api_results.json,scraped_json_api,scraped_json_api,unknown,unknown,The Help,,
380,Paperman,scraped_json_api,scraped_json_api,unknown,,,0.08,8.0,8,8,1.28,11.52,Paperman,No content available.,,https://www.scrapethissite.com/pages/ajax-javascript/?ajax=true&year=2012,ajax_movies_api_results.json,scraped_json_api,scraped_json_api,unknown,unknown,Paperman,,
383,Inocente,scraped_json_api,scraped_json_api,unknown,,,0.08,8.0,8,8,1.28,11.52,Inocente,No content available.,,https://www.scrapethissite.com/pages/ajax-javascript/?ajax=true&year=2012,ajax_movies_api_results.json,scraped_json_api,scraped_json_api,unknown,unknown,Inocente,,
399,Whiplash,scraped_json_api,scraped_json_api,unknown,,,0.08,8.0,8,8,1.28,11.52,Whiplash,No content available.,,https://www.scrapethissite.com/pages/ajax-javascript/?ajax=true&year=2014,ajax_movies_api_results.json,scraped_json_api,scraped_json_api,unknown,unknown,Whiplash,,
617,The Help,scraped_json_api,scraped_json_api,unknown,,,0.08,8.0,8,8,1.28,11.52,The Help,No content available.,,https://www.scrapethissite.com/pages/ajax-javascript/?ajax=true&year=2011,ajax_movies_api_results.json,scraped_json_api,scraped_json_api,unknown,unknown,The Help,,
636,Paperman,scraped_json_api,scraped_json_api,unknown,,,0.08,8.0,8,8,1.28,11.52,Paperman,No content available.,,https://www.scrapethissite.com/pages/ajax-javascript/?ajax=true&year=2012,ajax_movies_api_results.json,scraped_json_api,scraped_json_api,unknown,unknown,Paperman,,
639,Inocente,scraped_json_api,scraped_json_api,unknown,,,0.08,8.0,8,8,1.28,11.52,Inocente,No content available.,,https://www.scrapethissite.com/pages/ajax-javascript/?ajax=true&year=2012,ajax_movies_api_results.json,scraped_json_api,scraped_json_api,unknown,unknown,Inocente,,
655,Whiplash,scraped_json_api,scraped_json_api,unknown,,,0.08,8.0,8,8,1.28,11.52,Whiplash,No content available.,,https://www.scrapethissite.com/pages/ajax-javascript/?ajax=true&year=2014,ajax_movies_api_results.json,scraped_json_api,scraped_json_api,unknown,unknown,Whiplash,,
873,The Help,scraped_json_api,scraped_json_api,unknown,,,0.08,8.0,8,8,1.28,11.52,The Help,No content available.,,https://www.scrapethissite.com/pages/ajax-javascript/?ajax=true&year=2011,ajax_movies_api_results.json,scraped_json_api,scraped_json_api,unknown,unknown,The Help,,
892,Paperman,scraped_json_api,scraped_json_api,unknown,,,0.08,8.0,8,8,1.28,11.52,Paperman,No content available.,,https://www.scrapethissite.com/pages/ajax-javascript/?ajax=true&year=2012,ajax_movies_api_results.json,scraped_json_api,scraped_json_api,unknown,unknown,Paperman,,
895,Inocente,scraped_json_api,scraped_json_api,unknown,,,0.08,8.0,8,8,1.28,11.52,Inocente,No content available.,,https://www.scrapethissite.com/pages/ajax-javascript/?ajax=true&year=2012,ajax_movies_api_results.json,scraped_json_api,scraped_json_api,unknown,unknown,Inocente,,
911,Whiplash,scraped_json_api,scraped_json_api,unknown,,,0.08,8.0,8,8,1.28,11.52,Whiplash,No content available.,,https://www.scrapethissite.com/pages/ajax-javascript/?ajax=true&year=2014,ajax_movies_api_results.json,scraped_json_api,scraped_json_api,unknown,unknown,Whiplash,,
1129,The Help,scraped_json_api,scraped_json_api,unknown,,,0.08,8.0,8,8,1.28,11.52,The Help,No content available.,,https://www.scrapethissite.com/pages/ajax-javascript/?ajax=true&year=2011,ajax_movies_api_results.json,scraped_json_api,scraped_json_api,unknown,unknown,The Help,,
1148,Paperman,scraped_json_api,scraped_json_api,unknown,,,0.08,8.0,8,8,1.28,11.52,Paperman,No content available.,,https://www.scrapethissite.com/pages/ajax-javascript/?ajax=true&year=2012,ajax_movies_api_results.json,scraped_json_api,scraped_json_api,unknown,unknown,Paperman,,
1151,Inocente,scraped_json_api,scraped_json_api,unknown,,,0.08,8.0,8,8,1.28,11.52,Inocente,No content available.,,https://www.scrapethissite.com/pages/ajax-javascript/?ajax=true&year=2012,ajax_movies_api_results.json,scraped_json_api,scraped_json_api,unknown,unknown,Inocente,,
1167,Whiplash,scraped_json_api,scraped_json_api,unknown,,,0.08,8.0,8,8,1.28,11.52,Whiplash,No content available.,,https://www.scrapethissite.com/pages/ajax-javascript/?ajax=true&year=2014,ajax_movies_api_results.json,scraped_json_api,scraped_json_api,unknown,unknown,Whiplash,,
1385,The Help,scraped_json_api,scraped_json_api,unknown,,,0.08,8.0,8,8,1.28,11.52,The Help,No content available.,,https://www.scrapethissite.com/pages/ajax-javascript/?ajax=true&year=2011,ajax_movies_api_results.json,scraped_json_api,scraped_json_api,unknown,unknown,The Help,,
1404,Paperman,scraped_json_api,scraped_json_api,unknown,,,0.08,8.0,8,8,1.28,11.52,Paperman,No content available.,,https://www.scrapethissite.com/pages/ajax-javascript/?ajax=true&year=2012,ajax_movies_api_results.json,scraped_json_api,scraped_json_api,unknown,unknown,Paperman,,
1407,Inocente,scraped_json_api,scraped_json_api,unknown,,,0.08,8.0,8,8,1.28,11.52,Inocente,No content available.,,https://www.scrapethissite.com/pages/ajax-javascript/?ajax=true&year=2012,ajax_movies_api_results.json,scraped_json_api,scraped_json_api,unknown,unknown,Inocente,,
1423,Whiplash,scraped_json_api,scraped_json_api,unknown,,,0.08,8.0,8,8,1.28,11.52,Whiplash,No content available.,,https://www.scrapethissite.com/pages/ajax-javascript/?ajax=true&year=2014,ajax_movies_api_results.json,scraped_json_api,scraped_json_api,unknown,unknown,Whiplash,,
373,Lincoln,scraped_json_api,scraped_json_api,unknown,,,0.07,7.0,7,7,1.12,8.96,Lincoln,No content available.,,https://www.scrapethissite.com/pages/ajax-javascript/?ajax=true&year=2012,ajax_movies_api_results.json,scraped_json_api,scraped_json_api,unknown,unknown,Lincoln,,
375,Skyfall,scraped_json_api,scraped_json_api,unknown,,,0.07,7.0,7,7,1.12,8.96,Skyfall,No content available.,,https://www.scrapethissite.com/pages/ajax-javascript/?ajax=true&year=2012,ajax_movies_api_results.json,scraped_json_api,scraped_json_api,unknown,unknown,Skyfall,,
386,Gravity,scraped_json_api,scraped_json_api,unknown,,,0.07,7.0,7,7,1.12,8.96,Gravity,No content available.,,https://www.scrapethissite.com/pages/ajax-javascript/?ajax=true&year=2013,ajax_movies_api_results.json,scraped_json_api,scraped_json_api,unknown,unknown,Gravity,,
397,Birdman,scraped_json_api,scraped_json_api,unknown,,,0.07,7.0,7,7,1.12,8.96,Birdman,No content available.,,https://www.scrapethissite.com/pages/ajax-javascript/?ajax=true&year=2014,ajax_movies_api_results.json,scraped_json_api,scraped_json_api,unknown,unknown,Birdman,,
402,Boyhood,scraped_json_api,scraped_json_api,unknown,,,0.07,7.0,7,7,1.12,8.96,Boyhood,No content available.,,https://www.scrapethissite.com/pages/ajax-javascript/?ajax=true&year=2014,ajax_movies_api_results.json,scraped_json_api,scraped_json_api,unknown,unknown,Boyhood,,
419,Room,scraped_json_api,scraped_json_api,unknown,,,0.07,7.0,7,7,1.12,8.96,Room,No content available.,,https://www.scrapethissite.com/pages/ajax-javascript/?ajax=true&year=2015,ajax_movies_api_results.json,scraped_json_api,scraped_json_api,unknown,unknown,Room,,
427,Spectre,scraped_json_api,scraped_json_api,unknown,,,0.07,7.0,7,7,1.12,8.96,Spectre,No content available.,,https://www.scrapethissite.com/pages/ajax-javascript/?ajax=true&year=2015,ajax_movies_api_results.json,scraped_json_api,scraped_json_api,unknown,unknown,Spectre,,
629,Lincoln,scraped_json_api,scraped_json_api,unknown,,,0.07,7.0,7,7,1.12,8.96,Lincoln,No content available.,,https://www.scrapethissite.com/pages/ajax-javascript/?ajax=true&year=2012,ajax_movies_api_results.json,scraped_json_api,scraped_json_api,unknown,unknown,Lincoln,,
631,Skyfall,scraped_json_api,scraped_json_api,unknown,,,0.07,7.0,7,7,1.12,8.96,Skyfall,No content available.,,https://www.scrapethissite.com/pages/ajax-javascript/?ajax=true&year=2012,ajax_movies_api_results.json,scraped_json_api,scraped_json_api,unknown,unknown,Skyfall,,
642,Gravity,scraped_json_api,scraped_json_api,unknown,,,0.07,7.0,7,7,1.12,8.96,Gravity,No content available.,,https://www.scrapethissite.com/pages/ajax-javascript/?ajax=true&year=2013,ajax_movies_api_results.json,scraped_json_api,scraped_json_api,unknown,unknown,Gravity,,
653,Birdman,scraped_json_api,scraped_json_api,unknown,,,0.07,7.0,7,7,1.12,8.96,Birdman,No content available.,,https://www.scrapethissite.com/pages/ajax-javascript/?ajax=true&year=2014,ajax_movies_api_results.json,scraped_json_api,scraped_json_api,unknown,unknown,Birdman,,
658,Boyhood,scraped_json_api,scraped_json_api,unknown,,,0.07,7.0,7,7,1.12,8.96,Boyhood,No content available.,,https://www.scrapethissite.com/pages/ajax-javascript/?ajax=true&year=2014,ajax_movies_api_results.json,scraped_json_api,scraped_json_api,unknown,unknown,Boyhood,,
675,Room,scraped_json_api,scraped_json_api,unknown,,,0.07,7.0,7,7,1.12,8.96,Room,No content available.,,https://www.scrapethissite.com/pages/ajax-javascript/?ajax=true&year=2015,ajax_movies_api_results.json,scraped_json_api,scraped_json_api,unknown,unknown,Room,,
683,Spectre,scraped_json_api,scraped_json_api,unknown,,,0.07,7.0,7,7,1.12,8.96,Spectre,No content available.,,https://www.scrapethissite.com/pages/ajax-javascript/?ajax=true&year=2015,ajax_movies_api_results.json,scraped_json_api,scraped_json_api,unknown,unknown,Spectre,,
885,Lincoln,scraped_json_api,scraped_json_api,unknown,,,0.07,7.0,7,7,1.12,8.96,Lincoln,No content available.,,https://www.scrapethissite.com/pages/ajax-javascript/?ajax=true&year=2012,ajax_movies_api_results.json,scraped_json_api,scraped_json_api,unknown,unknown,Lincoln,,
887,Skyfall,scraped_json_api,scraped_json_api,unknown,,,0.07,7.0,7,7,1.12,8.96,Skyfall,No content available.,,https://www.scrapethissite.com/pages/ajax-javascript/?ajax=true&year=2012,ajax_movies_api_results.json,scraped_json_api,scraped_json_api,unknown,unknown,Skyfall,,
898,Gravity,scraped_json_api,scraped_json_api,unknown,,,0.07,7.0,7,7,1.12,8.96,Gravity,No content available.,,https://www.scrapethissite.com/pages/ajax-javascript/?ajax=true&year=2013,ajax_movies_api_results.json,scraped_json_api,scraped_json_api,unknown,unknown,Gravity,,
909,Birdman,scraped_json_api,scraped_json_api,unknown,,,0.07,7.0,7,7,1.12,8.96,Birdman,No content available.,,https://www.scrapethissite.com/pages/ajax-javascript/?ajax=true&year=2014,ajax_movies_api_results.json,scraped_json_api,scraped_json_api,unknown,unknown,Birdman,,
914,Boyhood,scraped_json_api,scraped_json_api,unknown,,,0.07,7.0,7,7,1.12,8.96,Boyhood,No content available.,,https://www.scrapethissite.com/pages/ajax-javascript/?ajax=true&year=2014,ajax_movies_api_results.json,scraped_json_api,scraped_json_api,unknown,unknown,Boyhood,,
931,Room,scraped_json_api,scraped_json_api,unknown,,,0.07,7.0,7,7,1.12,8.96,Room,No content available.,,https://www.scrapethissite.com/pages/ajax-javascript/?ajax=true&year=2015,ajax_movies_api_results.json,scraped_json_api,scraped_json_api,unknown,unknown,Room,,
939,Spectre,scraped_json_api,scraped_json_api,unknown,,,0.07,7.0,7,7,1.12,8.96,Spectre,No content available.,,https://www.scrapethissite.com/pages/ajax-javascript/?ajax=true&year=2015,ajax_movies_api_results.json,scraped_json_api,scraped_json_api,unknown,unknown,Spectre,,
1141,Lincoln,scraped_json_api,scraped_json_api,unknown,,,0.07,7.0,7,7,1.12,8.96,Lincoln,No content available.,,https://www.scrapethissite.com/pages/ajax-javascript/?ajax=true&year=2012,ajax_movies_api_results.json,scraped_json_api,scraped_json_api,unknown,unknown,Lincoln,,
1143,Skyfall,scraped_json_api,scraped_json_api,unknown,,,0.07,7.0,7,7,1.12,8.96,Skyfall,No content available.,,https://www.scrapethissite.com/pages/ajax-javascript/?ajax=true&year=2012,ajax_movies_api_results.json,scraped_json_api,scraped_json_api,unknown,unknown,Skyfall,,
1154,Gravity,scraped_json_api,scraped_json_api,unknown,,,0.07,7.0,7,7,1.12,8.96,Gravity,No content available.,,https://www.scrapethissite.com/pages/ajax-javascript/?ajax=true&year=2013,ajax_movies_api_results.json,scraped_json_api,scraped_json_api,unknown,unknown,Gravity,,
1165,Birdman,scraped_json_api,scraped_json_api,unknown,,,0.07,7.0,7,7,1.12,8.96,Birdman,No content available.,,https://www.scrapethissite.com/pages/ajax-javascript/?ajax=true&year=2014,ajax_movies_api_results.json,scraped_json_api,scraped_json_api,unknown,unknown,Birdman,,
1170,Boyhood,scraped_json_api,scraped_json_api,unknown,,,0.07,7.0,7,7,1.12,8.96,Boyhood,No content available.,,https://www.scrapethissite.com/pages/ajax-javascript/?ajax=true&year=2014,ajax_movies_api_results.json,scraped_json_api,scraped_json_api,unknown,unknown,Boyhood,,
1187,Room,scraped_json_api,scraped_json_api,unknown,,,0.07,7.0,7,7,1.12,8.96,Room,No content available.,,https://www.scrapethissite.com/pages/ajax-javascript/?ajax=true&year=2015,ajax_movies_api_results.json,scraped_json_api,scraped_json_api,unknown,unknown,Room,,
1195,Spectre,scraped_json_api,scraped_json_api,unknown,,,0.07,7.0,7,7,1.12,8.96,Spectre,No content available.,,https://www.scrapethissite.com/pages/ajax-javascript/?ajax=true&year=2015,ajax_movies_api_results.json,scraped_json_api,scraped_json_api,unknown,unknown,Spectre,,
1397,Lincoln,scraped_json_api,scraped_json_api,unknown,,,0.07,7.0,7,7,1.12,8.96,Lincoln,No content available.,,https://www.scrapethissite.com/pages/ajax-javascript/?ajax=true&year=2012,ajax_movies_api_results.json,scraped_json_api,scraped_json_api,unknown,unknown,Lincoln,,
1399,Skyfall,scraped_json_api,scraped_json_api,unknown,,,0.07,7.0,7,7,1.12,8.96,Skyfall,No content available.,,https://www.scrapethissite.com/pages/ajax-javascript/?ajax=true&year=2012,ajax_movies_api_results.json,scraped_json_api,scraped_json_api,unknown,unknown,Skyfall,,
1410,Gravity,scraped_json_api,scraped_json_api,unknown,,,0.07,7.0,7,7,1.12,8.96,Gravity,No content available.,,https://www.scrapethissite.com/pages/ajax-javascript/?ajax=true&year=2013,ajax_movies_api_results.json,scraped_json_api,scraped_json_api,unknown,unknown,Gravity,,
1421,Birdman,scraped_json_api,scraped_json_api,unknown,,,0.07,7.0,7,7,1.12,8.96,Birdman,No content available.,,https://www.scrapethissite.com/pages/ajax-javascript/?ajax=true&year=2014,ajax_movies_api_results.json,scraped_json_api,scraped_json_api,unknown,unknown,Birdman,,
1426,Boyhood,scraped_json_api,scraped_json_api,unknown,,,0.07,7.0,7,7,1.12,8.96,Boyhood,No content available.,,https://www.scrapethissite.com/pages/ajax-javascript/?ajax=true&year=2014,ajax_movies_api_results.json,scraped_json_api,scraped_json_api,unknown,unknown,Boyhood,,
1443,Room,scraped_json_api,scraped_json_api,unknown,,,0.07,7.0,7,7,1.12,8.96,Room,No content available.,,https://www.scrapethissite.com/pages/ajax-javascript/?ajax=true&year=2015,ajax_movies_api_results.json,scraped_json_api,scraped_json_api,unknown,unknown,Room,,
1451,Spectre,scraped_json_api,scraped_json_api,unknown,,,0.07,7.0,7,7,1.12,8.96,Spectre,No content available.,,https://www.scrapethissite.com/pages/ajax-javascript/?ajax=true&year=2015,ajax_movies_api_results.json,scraped_json_api,scraped_json_api,unknown,unknown,Spectre,,
384,Curfew,scraped_json_api,scraped_json_api,unknown,,,0.06,6.0,6,6,0.96,6.72,Curfew,No content available.,,https://www.scrapethissite.com/pages/ajax-javascript/?ajax=true&year=2012,ajax_movies_api_results.json,scraped_json_api,scraped_json_api,unknown,unknown,Curfew,,
388,Frozen,scraped_json_api,scraped_json_api,unknown,,,0.06,6.0,6,6,0.96,6.72,Frozen,No content available.,,https://www.scrapethissite.com/pages/ajax-javascript/?ajax=true&year=2013,ajax_movies_api_results.json,scraped_json_api,scraped_json_api,unknown,unknown,Frozen,,
394,Helium,scraped_json_api,scraped_json_api,unknown,,,0.06,6.0,6,6,0.96,6.72,Helium,No content available.,,https://www.scrapethissite.com/pages/ajax-javascript/?ajax=true&year=2013,ajax_movies_api_results.json,scraped_json_api,scraped_json_api,unknown,unknown,Helium,,
640,Curfew,scraped_json_api,scraped_json_api,unknown,,,0.06,6.0,6,6,0.96,6.72,Curfew,No content available.,,https://www.scrapethissite.com/pages/ajax-javascript/?ajax=true&year=2012,ajax_movies_api_results.json,scraped_json_api,scraped_json_api,unknown,unknown,Curfew,,
644,Frozen,scraped_json_api,scraped_json_api,unknown,,,0.06,6.0,6,6,0.96,6.72,Frozen,No content available.,,https://www.scrapethissite.com/pages/ajax-javascript/?ajax=true&year=2013,ajax_movies_api_results.json,scraped_json_api,scraped_json_api,unknown,unknown,Frozen,,
650,Helium,scraped_json_api,scraped_json_api,unknown,,,0.06,6.0,6,6,0.96,6.72,Helium,No content available.,,https://www.scrapethissite.com/pages/ajax-javascript/?ajax=true&year=2013,ajax_movies_api_results.json,scraped_json_api,scraped_json_api,unknown,unknown,Helium,,
896,Curfew,scraped_json_api,scraped_json_api,unknown,,,0.06,6.0,6,6,0.96,6.72,Curfew,No content available.,,https://www.scrapethissite.com/pages/ajax-javascript/?ajax=true&year=2012,ajax_movies_api_results.json,scraped_json_api,scraped_json_api,unknown,unknown,Curfew,,
900,Frozen,scraped_json_api,scraped_json_api,unknown,,,0.06,6.0,6,6,0.96,6.72,Frozen,No content available.,,https://www.scrapethissite.com/pages/ajax-javascript/?ajax=true&year=2013,ajax_movies_api_results.json,scraped_json_api,scraped_json_api,unknown,unknown,Frozen,,
906,Helium,scraped_json_api,scraped_json_api,unknown,,,0.06,6.0,6,6,0.96,6.72,Helium,No content available.,,https://www.scrapethissite.com/pages/ajax-javascript/?ajax=true&year=2013,ajax_movies_api_results.json,scraped_json_api,scraped_json_api,unknown,unknown,Helium,,
1152,Curfew,scraped_json_api,scraped_json_api,unknown,,,0.06,6.0,6,6,0.96,6.72,Curfew,No content available.,,https://www.scrapethissite.com/pages/ajax-javascript/?ajax=true&year=2012,ajax_movies_api_results.json,scraped_json_api,scraped_json_api,unknown,unknown,Curfew,,
1156,Frozen,scraped_json_api,scraped_json_api,unknown,,,0.06,6.0,6,6,0.96,6.72,Frozen,No content available.,,https://www.scrapethissite.com/pages/ajax-javascript/?ajax=true&year=2013,ajax_movies_api_results.json,scraped_json_api,scraped_json_api,unknown,unknown,Frozen,,
1162,Helium,scraped_json_api,scraped_json_api,unknown,,,0.06,6.0,6,6,0.96,6.72,Helium,No content available.,,https://www.scrapethissite.com/pages/ajax-javascript/?ajax=true&year=2013,ajax_movies_api_results.json,scraped_json_api,scraped_json_api,unknown,unknown,Helium,,
1408,Curfew,scraped_json_api,scraped_json_api,unknown,,,0.06,6.0,6,6,0.96,6.72,Curfew,No content available.,,https://www.scrapethissite.com/pages/ajax-javascript/?ajax=true&year=2012,ajax_movies_api_results.json,scraped_json_api,scraped_json_api,unknown,unknown,Curfew,,
1412,Frozen,scraped_json_api,scraped_json_api,unknown,,,0.06,6.0,6,6,0.96,6.72,Frozen,No content available.,,https://www.scrapethissite.com/pages/ajax-javascript/?ajax=true&year=2013,ajax_movies_api_results.json,scraped_json_api,scraped_json_api,unknown,unknown,Frozen,,
1418,Helium,scraped_json_api,scraped_json_api,unknown,,,0.06,6.0,6,6,0.96,6.72,Helium,No content available.,,https://www.scrapethissite.com/pages/ajax-javascript/?ajax=true&year=2013,ajax_movies_api_results.json,scraped_json_api,scraped_json_api,unknown,unknown,Helium,,
369,Rango,scraped_json_api,scraped_json_api,unknown,,,0.05,5.0,5,5,0.8,4.8,Rango,No content available.,,https://www.scrapethissite.com/pages/ajax-javascript/?ajax=true&year=2011,ajax_movies_api_results.json,scraped_json_api,scraped_json_api,unknown,unknown,Rango,,
378,Amour,scraped_json_api,scraped_json_api,unknown,,,0.05,5.0,5,5,0.8,4.8,Amour,No content available.,,https://www.scrapethissite.com/pages/ajax-javascript/?ajax=true&year=2012,ajax_movies_api_results.json,scraped_json_api,scraped_json_api,unknown,unknown,Amour,,
381,Brave,scraped_json_api,scraped_json_api,unknown,,,0.05,5.0,5,5,0.8,4.8,Brave,No content available.,,https://www.scrapethissite.com/pages/ajax-javascript/?ajax=true&year=2012,ajax_movies_api_results.json,scraped_json_api,scraped_json_api,unknown,unknown,Brave,,
406,Selma,scraped_json_api,scraped_json_api,unknown,,,0.05,5.0,5,5,0.8,4.8,Selma,No content available.,,https://www.scrapethissite.com/pages/ajax-javascript/?ajax=true&year=2014,ajax_movies_api_results.json,scraped_json_api,scraped_json_api,unknown,unknown,Selma,,
412,Feast,scraped_json_api,scraped_json_api,unknown,,,0.05,5.0,5,5,0.8,4.8,Feast,No content available.,,https://www.scrapethissite.com/pages/ajax-javascript/?ajax=true&year=2014,ajax_movies_api_results.json,scraped_json_api,scraped_json_api,unknown,unknown,Feast,,
625,Rango,scraped_json_api,scraped_json_api,unknown,,,0.05,5.0,5,5,0.8,4.8,Rango,No content available.,,https://www.scrapethissite.com/pages/ajax-javascript/?ajax=true&year=2011,ajax_movies_api_results.json,scraped_json_api,scraped_json_api,unknown,unknown,Rango,,
634,Amour,scraped_json_api,scraped_json_api,unknown,,,0.05,5.0,5,5,0.8,4.8,Amour,No content available.,,https://www.scrapethissite.com/pages/ajax-javascript/?ajax=true&year=2012,ajax_movies_api_results.json,scraped_json_api,scraped_json_api,unknown,unknown,Amour,,
637,Brave,scraped_json_api,scraped_json_api,unknown,,,0.05,5.0,5,5,0.8,4.8,Brave,No content available.,,https://www.scrapethissite.com/pages/ajax-javascript/?ajax=true&year=2012,ajax_movies_api_results.json,scraped_json_api,scraped_json_api,unknown,unknown,Brave,,
662,Selma,scraped_json_api,scraped_json_api,unknown,,,0.05,5.0,5,5,0.8,4.8,Selma,No content available.,,https://www.scrapethissite.com/pages/ajax-javascript/?ajax=true&year=2014,ajax_movies_api_results.json,scraped_json_api,scraped_json_api,unknown,unknown,Selma,,
668,Feast,scraped_json_api,scraped_json_api,unknown,,,0.05,5.0,5,5,0.8,4.8,Feast,No content available.,,https://www.scrapethissite.com/pages/ajax-javascript/?ajax=true&year=2014,ajax_movies_api_results.json,scraped_json_api,scraped_json_api,unknown,unknown,Feast,,
881,Rango,scraped_json_api,scraped_json_api,unknown,,,0.05,5.0,5,5,0.8,4.8,Rango,No content available.,,https://www.scrapethissite.com/pages/ajax-javascript/?ajax=true&year=2011,ajax_movies_api_results.json,scraped_json_api,scraped_json_api,unknown,unknown,Rango,,
890,Amour,scraped_json_api,scraped_json_api,unknown,,,0.05,5.0,5,5,0.8,4.8,Amour,No content available.,,https://www.scrapethissite.com/pages/ajax-javascript/?ajax=true&year=2012,ajax_movies_api_results.json,scraped_json_api,scraped_json_api,unknown,unknown,Amour,,
893,Brave,scraped_json_api,scraped_json_api,unknown,,,0.05,5.0,5,5,0.8,4.8,Brave,No content available.,,https://www.scrapethissite.com/pages/ajax-javascript/?ajax=true&year=2012,ajax_movies_api_results.json,scraped_json_api,scraped_json_api,unknown,unknown,Brave,,
918,Selma,scraped_json_api,scraped_json_api,unknown,,,0.05,5.0,5,5,0.8,4.8,Selma,No content available.,,https://www.scrapethissite.com/pages/ajax-javascript/?ajax=true&year=2014,ajax_movies_api_results.json,scraped_json_api,scraped_json_api,unknown,unknown,Selma,,
924,Feast,scraped_json_api,scraped_json_api,unknown,,,0.05,5.0,5,5,0.8,4.8,Feast,No content available.,,https://www.scrapethissite.com/pages/ajax-javascript/?ajax=true&year=2014,ajax_movies_api_results.json,scraped_json_api,scraped_json_api,unknown,unknown,Feast,,
1137,Rango,scraped_json_api,scraped_json_api,unknown,,,0.05,5.0,5,5,0.8,4.8,Rango,No content available.,,https://www.scrapethissite.com/pages/ajax-javascript/?ajax=true&year=2011,ajax_movies_api_results.json,scraped_json_api,scraped_json_api,unknown,unknown,Rango,,
1146,Amour,scraped_json_api,scraped_json_api,unknown,,,0.05,5.0,5,5,0.8,4.8,Amour,No content available.,,https://www.scrapethissite.com/pages/ajax-javascript/?ajax=true&year=2012,ajax_movies_api_results.json,scraped_json_api,scraped_json_api,unknown,unknown,Amour,,
1149,Brave,scraped_json_api,scraped_json_api,unknown,,,0.05,5.0,5,5,0.8,4.8,Brave,No content available.,,https://www.scrapethissite.com/pages/ajax-javascript/?ajax=true&year=2012,ajax_movies_api_results.json,scraped_json_api,scraped_json_api,unknown,unknown,Brave,,
1174,Selma,scraped_json_api,scraped_json_api,unknown,,,0.05,5.0,5,5,0.8,4.8,Selma,No content available.,,https://www.scrapethissite.com/pages/ajax-javascript/?ajax=true&year=2014,ajax_movies_api_results.json,scraped_json_api,scraped_json_api,unknown,unknown,Selma,,
1180,Feast,scraped_json_api,scraped_json_api,unknown,,,0.05,5.0,5,5,0.8,4.8,Feast,No content available.,,https://www.scrapethissite.com/pages/ajax-javascript/?ajax=true&year=2014,ajax_movies_api_results.json,scraped_json_api,scraped_json_api,unknown,unknown,Feast,,
1393,Rango,scraped_json_api,scraped_json_api,unknown,,,0.05,5.0,5,5,0.8,4.8,Rango,No content available.,,https://www.scrapethissite.com/pages/ajax-javascript/?ajax=true&year=2011,ajax_movies_api_results.json,scraped_json_api,scraped_json_api,unknown,unknown,Rango,,
1402,Amour,scraped_json_api,scraped_json_api,unknown,,,0.05,5.0,5,5,0.8,4.8,Amour,No content available.,,https://www.scrapethissite.com/pages/ajax-javascript/?ajax=true&year=2012,ajax_movies_api_results.json,scraped_json_api,scraped_json_api,unknown,unknown,Amour,,
1405,Brave,scraped_json_api,scraped_json_api,unknown,,,0.05,5.0,5,5,0.8,4.8,Brave,No content available.,,https://www.scrapethissite.com/pages/ajax-javascript/?ajax=true&year=2012,ajax_movies_api_results.json,scraped_json_api,scraped_json_api,unknown,unknown,Brave,,
1430,Selma,scraped_json_api,scraped_json_api,unknown,,,0.05,5.0,5,5,0.8,4.8,Selma,No content available.,,https://www.scrapethissite.com/pages/ajax-javascript/?ajax=true&year=2014,ajax_movies_api_results.json,scraped_json_api,scraped_json_api,unknown,unknown,Selma,,
1436,Feast,scraped_json_api,scraped_json_api,unknown,,,0.05,5.0,5,5,0.8,4.8,Feast,No content available.,,https://www.scrapethissite.com/pages/ajax-javascript/?ajax=true&year=2014,ajax_movies_api_results.json,scraped_json_api,scraped_json_api,unknown,unknown,Feast,,
356,Hugo,scraped_json_api,scraped_json_api,unknown,,,0.04,4.0,4,4,0.64,3.2,Hugo,No content available.,,https://www.scrapethissite.com/pages/ajax-javascript/?ajax=true&year=2011,ajax_movies_api_results.json,scraped_json_api,scraped_json_api,unknown,unknown,Hugo,,
370,Argo,scraped_json_api,scraped_json_api,unknown,,,0.04,4.0,4,4,0.64,3.2,Argo,No content available.,,https://www.scrapethissite.com/pages/ajax-javascript/?ajax=true&year=2012,ajax_movies_api_results.json,scraped_json_api,scraped_json_api,unknown,unknown,Argo,,
612,Hugo,scraped_json_api,scraped_json_api,unknown,,,0.04,4.0,4,4,0.64,3.2,Hugo,No content available.,,https://www.scrapethissite.com/pages/ajax-javascript/?ajax=true&year=2011,ajax_movies_api_results.json,scraped_json_api,scraped_json_api,unknown,unknown,Hugo,,
626,Argo,scraped_json_api,scraped_json_api,unknown,,,0.04,4.0,4,4,0.64,3.2,Argo,No content available.,,https://www.scrapethissite.com/pages/ajax-javascript/?ajax=true&year=2012,ajax_movies_api_results.json,scraped_json_api,scraped_json_api,unknown,unknown,Argo,,
868,Hugo,scraped_json_api,scraped_json_api,unknown,,,0.04,4.0,4,4,0.64,3.2,Hugo,No content available.,,https://www.scrapethissite.com/pages/ajax-javascript/?ajax=true&year=2011,ajax_movies_api_results.json,scraped_json_api,scraped_json_api,unknown,unknown,Hugo,,
882,Argo,scraped_json_api,scraped_json_api,unknown,,,0.04,4.0,4,4,0.64,3.2,Argo,No content available.,,https://www.scrapethissite.com/pages/ajax-javascript/?ajax=true&year=2012,ajax_movies_api_results.json,scraped_json_api,scraped_json_api,unknown,unknown,Argo,,
1124,Hugo,scraped_json_api,scraped_json_api,unknown,,,0.04,4.0,4,4,0.64,3.2,Hugo,No content available.,,https://www.scrapethissite.com/pages/ajax-javascript/?ajax=true&year=2011,ajax_movies_api_results.json,scraped_json_api,scraped_json_api,unknown,unknown,Hugo,,
1138,Argo,scraped_json_api,scraped_json_api,unknown,,,0.04,4.0,4,4,0.64,3.2,Argo,No content available.,,https://www.scrapethissite.com/pages/ajax-javascript/?ajax=true&year=2012,ajax_movies_api_results.json,scraped_json_api,scraped_json_api,unknown,unknown,Argo,,
1380,Hugo,scraped_json_api,scraped_json_api,unknown,,,0.04,4.0,4,4,0.64,3.2,Hugo,No content available.,,https://www.scrapethissite.com/pages/ajax-javascript/?ajax=true&year=2011,ajax_movies_api_results.json,scraped_json_api,scraped_json_api,unknown,unknown,Hugo,,
1394,Argo,scraped_json_api,scraped_json_api,unknown,,,0.04,4.0,4,4,0.64,3.2,Argo,No content available.,,https://www.scrapethissite.com/pages/ajax-javascript/?ajax=true&year=2012,ajax_movies_api_results.json,scraped_json_api,scraped_json_api,unknown,unknown,Argo,,
390,Her,scraped_json_api,scraped_json_api,unknown,,,0.03,3.0,3,3,0.48,1.92,Her,No content available.,,https://www.scrapethissite.com/pages/ajax-javascript/?ajax=true&year=2013,ajax_movies_api_results.json,scraped_json_api,scraped_json_api,unknown,unknown,Her,,
405,Ida,scraped_json_api,scraped_json_api,unknown,,,0.03,3.0,3,3,0.48,1.92,Ida,No content available.,,https://www.scrapethissite.com/pages/ajax-javascript/?ajax=true&year=2014,ajax_movies_api_results.json,scraped_json_api,scraped_json_api,unknown,unknown,Ida,,
423,Amy,scraped_json_api,scraped_json_api,unknown,,,0.03,3.0,3,3,0.48,1.92,Amy,No content available.,,https://www.scrapethissite.com/pages/ajax-javascript/?ajax=true&year=2015,ajax_movies_api_results.json,scraped_json_api,scraped_json_api,unknown,unknown,Amy,,
646,Her,scraped_json_api,scraped_json_api,unknown,,,0.03,3.0,3,3,0.48,1.92,Her,No content available.,,https://www.scrapethissite.com/pages/ajax-javascript/?ajax=true&year=2013,ajax_movies_api_results.json,scraped_json_api,scraped_json_api,unknown,unknown,Her,,
661,Ida,scraped_json_api,scraped_json_api,unknown,,,0.03,3.0,3,3,0.48,1.92,Ida,No content available.,,https://www.scrapethissite.com/pages/ajax-javascript/?ajax=true&year=2014,ajax_movies_api_results.json,scraped_json_api,scraped_json_api,unknown,unknown,Ida,,
679,Amy,scraped_json_api,scraped_json_api,unknown,,,0.03,3.0,3,3,0.48,1.92,Amy,No content available.,,https://www.scrapethissite.com/pages/ajax-javascript/?ajax=true&year=2015,ajax_movies_api_results.json,scraped_json_api,scraped_json_api,unknown,unknown,Amy,,
902,Her,scraped_json_api,scraped_json_api,unknown,,,0.03,3.0,3,3,0.48,1.92,Her,No content available.,,https://www.scrapethissite.com/pages/ajax-javascript/?ajax=true&year=2013,ajax_movies_api_results.json,scraped_json_api,scraped_json_api,unknown,unknown,Her,,
917,Ida,scraped_json_api,scraped_json_api,unknown,,,0.03,3.0,3,3,0.48,1.92,Ida,No content available.,,https://www.scrapethissite.com/pages/ajax-javascript/?ajax=true&year=2014,ajax_movies_api_results.json,scraped_json_api,scraped_json_api,unknown,unknown,Ida,,
935,Amy,scraped_json_api,scraped_json_api,unknown,,,0.03,3.0,3,3,0.48,1.92,Amy,No content available.,,https://www.scrapethissite.com/pages/ajax-javascript/?ajax=true&year=2015,ajax_movies_api_results.json,scraped_json_api,scraped_json_api,unknown,unknown,Amy,,
1158,Her,scraped_json_api,scraped_json_api,unknown,,,0.03,3.0,3,3,0.48,1.92,Her,No content available.,,https://www.scrapethissite.com/pages/ajax-javascript/?ajax=true&year=2013,ajax_movies_api_results.json,scraped_json_api,scraped_json_api,unknown,unknown,Her,,
1173,Ida,scraped_json_api,scraped_json_api,unknown,,,0.03,3.0,3,3,0.48,1.92,Ida,No content available.,,https://www.scrapethissite.com/pages/ajax-javascript/?ajax=true&year=2014,ajax_movies_api_results.json,scraped_json_api,scraped_json_api,unknown,unknown,Ida,,
1191,Amy,scraped_json_api,scraped_json_api,unknown,,,0.03,3.0,3,3,0.48,1.92,Amy,No content available.,,https://www.scrapethissite.com/pages/ajax-javascript/?ajax=true&year=2015,ajax_movies_api_results.json,scraped_json_api,scraped_json_api,unknown,unknown,Amy,,
1414,Her,scraped_json_api,scraped_json_api,unknown,,,0.03,3.0,3,3,0.48,1.92,Her,No content available.,,https://www.scrapethissite.com/pages/ajax-javascript/?ajax=true&year=2013,ajax_movies_api_results.json,scraped_json_api,scraped_json_api,unknown,unknown,Her,,
1429,Ida,scraped_json_api,scraped_json_api,unknown,,,0.03,3.0,3,3,0.48,1.92,Ida,No content available.,,https://www.scrapethissite.com/pages/ajax-javascript/?ajax=true&year=2014,ajax_movies_api_results.json,scraped_json_api,scraped_json_api,unknown,unknown,Ida,,
1447,Amy,scraped_json_api,scraped_json_api,unknown,,,0.03,3.0,3,3,0.48,1.92,Amy,No content available.,,https://www.scrapethissite.com/pages/ajax-javascript/?ajax=true&year=2015,ajax_movies_api_results.json,scraped_json_api,scraped_json_api,unknown,unknown,Amy,,
