record_id,primary_category,analysis_year,document_type_mysql,metric,value
48,pdf_two_column,,pdf_two_column,popularity,2124.0
80,pdf_two_column,,pdf_two_column,popularity,2124.0
112,pdf_two_column,,pdf_two_column,popularity,2124.0
152,pdf_two_column,,pdf_two_column,popularity,2124.0
193,pdf_two_column,,pdf_two_column,popularity,2124.0
449,pdf_two_column,,pdf_two_column,popularity,2124.0
705,pdf_two_column,,pdf_two_column,popularity,2124.0
961,pdf_two_column,,pdf_two_column,popularity,2124.0
1217,pdf_two_column,,pdf_two_column,popularity,2124.0
51,word_two_column,,word_two_column,popularity,1877.0
83,word_two_column,,word_two_column,popularity,1877.0
115,word_two_column,,word_two_column,popularity,1877.0
155,word_two_column,,word_two_column,popularity,1877.0
196,word_two_column,,word_two_column,popularity,1877.0
452,word_two_column,,word_two_column,popularity,1877.0
708,word_two_column,,word_two_column,popularity,1877.0
964,word_two_column,,word_two_column,popularity,1877.0
1220,word_two_column,,word_two_column,popularity,1877.0
50,word,,word,popularity,1080.0
82,word,,word,popularity,1080.0
114,word,,word,popularity,1080.0
154,word,,word,popularity,1080.0
195,word,,word,popularity,1080.0
451,word,,word,popularity,1080.0
707,word,,word,popularity,1080.0
963,word,,word,popularity,1080.0
1219,word,,word,popularity,1080.0
430,ocr_pdf,,ocr_pdf,popularity,1024.0
686,ocr_pdf,,ocr_pdf,popularity,1024.0
942,ocr_pdf,,ocr_pdf,popularity,1024.0
1198,ocr_pdf,,ocr_pdf,popularity,1024.0
1454,ocr_pdf,,ocr_pdf,popularity,1024.0
46,pdf,,pdf,popularity,1019.0
78,pdf,,pdf,popularity,1019.0
110,pdf,,pdf,popularity,1019.0
150,pdf,,pdf,popularity,1019.0
191,pdf,,pdf,popularity,1019.0
447,pdf,,pdf,popularity,1019.0
703,pdf,,pdf,popularity,1019.0
959,pdf,,pdf,popularity,1019.0
1215,pdf,,pdf,popularity,1019.0
431,ocr_pdf,,ocr_pdf,popularity,881.0
687,ocr_pdf,,ocr_pdf,popularity,881.0
943,ocr_pdf,,ocr_pdf,popularity,881.0
1199,ocr_pdf,,ocr_pdf,popularity,881.0
1455,ocr_pdf,,ocr_pdf,popularity,881.0
429,ocr_image,,ocr_image,popularity,843.0
685,ocr_image,,ocr_image,popularity,843.0
941,ocr_image,,ocr_image,popularity,843.0
1197,ocr_image,,ocr_image,popularity,843.0
1453,ocr_image,,ocr_image,popularity,843.0
49,pdf_two_column,,pdf_two_column,popularity,360.0
81,pdf_two_column,,pdf_two_column,popularity,360.0
113,pdf_two_column,,pdf_two_column,popularity,360.0
153,pdf_two_column,,pdf_two_column,popularity,360.0
194,pdf_two_column,,pdf_two_column,popularity,360.0
450,pdf_two_column,,pdf_two_column,popularity,360.0
706,pdf_two_column,,pdf_two_column,popularity,360.0
962,pdf_two_column,,pdf_two_column,popularity,360.0
1218,pdf_two_column,,pdf_two_column,popularity,360.0
135,encoding_test,,encoding_test,popularity,300.0
175,encoding_test,,encoding_test,popularity,300.0
216,encoding_test,,encoding_test,popularity,300.0
472,encoding_test,,encoding_test,popularity,300.0
728,encoding_test,,encoding_test,popularity,300.0
984,encoding_test,,encoding_test,popularity,300.0
1240,encoding_test,,encoding_test,popularity,300.0
47,pdf,,pdf,popularity,283.0
79,pdf,,pdf,popularity,283.0
111,pdf,,pdf,popularity,283.0
151,pdf,,pdf,popularity,283.0
192,pdf,,pdf,popularity,283.0
448,pdf,,pdf,popularity,283.0
704,pdf,,pdf,popularity,283.0
960,pdf,,pdf,popularity,283.0
1216,pdf,,pdf,popularity,283.0
118,word_run,,word_run,popularity,274.0
158,word_run,,word_run,popularity,274.0
199,word_run,,word_run,popularity,274.0
455,word_run,,word_run,popularity,274.0
711,word_run,,word_run,popularity,274.0
967,word_run,,word_run,popularity,274.0
1223,word_run,,word_run,popularity,274.0
3,news_api,,news_api,popularity,260.0
4,news_api,,news_api,popularity,260.0
5,news_api,,news_api,popularity,260.0
6,news_api,,news_api,popularity,260.0
7,news_api,,news_api,popularity,260.0
10,news_api,,news_api,popularity,260.0
11,news_api,,news_api,popularity,260.0
12,news_api,,news_api,popularity,260.0
15,news_api,,news_api,popularity,260.0
16,news_api,,news_api,popularity,260.0
17,news_api,,news_api,popularity,260.0
18,news_api,,news_api,popularity,260.0
136,json,,json,popularity,260.0
137,json,,json,popularity,260.0
140,json,,json,popularity,260.0
144,json,,json,popularity,260.0
145,json,,json,popularity,260.0
146,json,,json,popularity,260.0
148,json,,json,popularity,260.0
177,json,,json,popularity,260.0
178,json,,json,popularity,260.0
179,json,,json,popularity,260.0
180,json,,json,popularity,260.0
182,json,,json,popularity,260.0
190,json,,json,popularity,260.0
433,json,,json,popularity,260.0
434,json,,json,popularity,260.0
438,json,,json,popularity,260.0
439,json,,json,popularity,260.0
440,json,,json,popularity,260.0
442,json,,json,popularity,260.0
446,json,,json,popularity,260.0
688,json,,json,popularity,260.0
689,json,,json,popularity,260.0
691,json,,json,popularity,260.0
692,json,,json,popularity,260.0
694,json,,json,popularity,260.0
695,json,,json,popularity,260.0
696,json,,json,popularity,260.0
698,json,,json,popularity,260.0
699,json,,json,popularity,260.0
701,json,,json,popularity,260.0
702,json,,json,popularity,260.0
947,json,,json,popularity,260.0
948,json,,json,popularity,260.0
949,json,,json,popularity,260.0
950,json,,json,popularity,260.0
951,json,,json,popularity,260.0
953,json,,json,popularity,260.0
1202,json,,json,popularity,260.0
1203,json,,json,popularity,260.0
1205,json,,json,popularity,260.0
1208,json,,json,popularity,260.0
1209,json,,json,popularity,260.0
1210,json,,json,popularity,260.0
1211,json,,json,popularity,260.0
1213,json,,json,popularity,260.0
119,word_run,,word_run,popularity,258.0
159,word_run,,word_run,popularity,258.0
200,word_run,,word_run,popularity,258.0
456,word_run,,word_run,popularity,258.0
712,word_run,,word_run,popularity,258.0
968,word_run,,word_run,popularity,258.0
1224,word_run,,word_run,popularity,258.0
956,json,,json,popularity,246.0
700,json,,json,popularity,244.0
955,json,,json,popularity,240.0
954,json,,json,popularity,235.0
9,news_api,,news_api,popularity,228.0
176,json,,json,popularity,228.0
2,news_api,,news_api,popularity,226.0
147,json,,json,popularity,210.0
142,json,,json,popularity,205.0
183,json,,json,popularity,199.0
187,json,,json,popularity,198.0
120,word_run,,word_run,popularity,194.0
160,word_run,,word_run,popularity,194.0
201,word_run,,word_run,popularity,194.0
457,word_run,,word_run,popularity,194.0
713,word_run,,word_run,popularity,194.0
969,word_run,,word_run,popularity,194.0
1225,word_run,,word_run,popularity,194.0
184,json,,json,popularity,193.0
946,json,,json,popularity,188.0
185,json,,json,popularity,186.0
432,json,,json,popularity,184.0
697,json,,json,popularity,184.0
143,json,,json,popularity,183.0
1,news_api,,news_api,popularity,181.0
693,json,,json,popularity,172.0
1201,json,,json,popularity,172.0
1204,json,,json,popularity,172.0
188,json,,json,popularity,171.0
441,json,,json,popularity,171.0
444,json,,json,popularity,157.0
1214,json,,json,popularity,155.0
138,json,,json,popularity,153.0
1200,json,,json,popularity,152.0
149,json,,json,popularity,147.0
944,json,,json,popularity,143.0
435,json,,json,popularity,142.0
690,json,,json,popularity,141.0
141,json,,json,popularity,135.0
443,json,,json,popularity,135.0
123,word_run,,word_run,popularity,128.0
163,word_run,,word_run,popularity,128.0
204,word_run,,word_run,popularity,128.0
460,word_run,,word_run,popularity,128.0
716,word_run,,word_run,popularity,128.0
972,word_run,,word_run,popularity,128.0
1228,word_run,,word_run,popularity,128.0
1212,json,,json,popularity,127.0
8,news_api,,news_api,popularity,125.0
436,json,,json,popularity,124.0
1207,json,,json,popularity,120.0
952,json,,json,popularity,110.0
186,json,,json,popularity,108.0
14,news_api,,news_api,popularity,107.0
57,technology,2026,excel,popularity,17.0
945,json,,json,popularity,101.0
958,json,,json,popularity,96.0
181,json,,json,popularity,92.0
60,sports,2026,excel,popularity,31.0
1206,json,,json,popularity,89.0
957,json,,json,popularity,88.0
56,culture,2026,excel,popularity,14.0
53,business,2026,excel,popularity,28.0
58,politics,2026,excel,popularity,21.0
59,business,2026,excel,popularity,26.0
13,news_api,,news_api,popularity,76.0
445,json,,json,popularity,76.0
54,sports,2026,excel,popularity,19.0
139,json,,json,popularity,73.0
117,word_run,,word_run,popularity,70.0
157,word_run,,word_run,popularity,70.0
198,word_run,,word_run,popularity,70.0
454,word_run,,word_run,popularity,70.0
710,word_run,,word_run,popularity,70.0
966,word_run,,word_run,popularity,70.0
1222,word_run,,word_run,popularity,70.0
437,json,,json,popularity,67.0
52,politics,2026,excel,popularity,34.0
55,politics,2026,excel,popularity,23.0
116,word_run,,word_run,popularity,50.0
156,word_run,,word_run,popularity,50.0
197,word_run,,word_run,popularity,50.0
453,word_run,,word_run,popularity,50.0
709,word_run,,word_run,popularity,50.0
965,word_run,,word_run,popularity,50.0
1221,word_run,,word_run,popularity,50.0
61,business,2026,excel,popularity,22.0
122,word_run,,word_run,popularity,49.0
162,word_run,,word_run,popularity,49.0
203,word_run,,word_run,popularity,49.0
363,scraped_json_api,,scraped_json_api,popularity,49.0
459,word_run,,word_run,popularity,49.0
619,scraped_json_api,,scraped_json_api,popularity,49.0
715,word_run,,word_run,popularity,49.0
875,scraped_json_api,,scraped_json_api,popularity,49.0
971,word_run,,word_run,popularity,49.0
1131,scraped_json_api,,scraped_json_api,popularity,49.0
1227,word_run,,word_run,popularity,49.0
1387,scraped_json_api,,scraped_json_api,popularity,49.0
425,scraped_json_api,,scraped_json_api,popularity,47.0
681,scraped_json_api,,scraped_json_api,popularity,47.0
937,scraped_json_api,,scraped_json_api,popularity,47.0
1193,scraped_json_api,,scraped_json_api,popularity,47.0
1449,scraped_json_api,,scraped_json_api,popularity,47.0
121,word_run,,word_run,popularity,43.0
161,word_run,,word_run,popularity,43.0
202,word_run,,word_run,popularity,43.0
458,word_run,,word_run,popularity,43.0
714,word_run,,word_run,popularity,43.0
970,word_run,,word_run,popularity,43.0
1226,word_run,,word_run,popularity,43.0
393,scraped_json_api,,scraped_json_api,popularity,41.0
649,scraped_json_api,,scraped_json_api,popularity,41.0
905,scraped_json_api,,scraped_json_api,popularity,41.0
1161,scraped_json_api,,scraped_json_api,popularity,41.0
1417,scraped_json_api,,scraped_json_api,popularity,41.0
189,json,,json,popularity,36.0
409,scraped_json_api,,scraped_json_api,popularity,32.0
665,scraped_json_api,,scraped_json_api,popularity,32.0
921,scraped_json_api,,scraped_json_api,popularity,32.0
1177,scraped_json_api,,scraped_json_api,popularity,32.0
1433,scraped_json_api,,scraped_json_api,popularity,32.0
359,scraped_json_api,,scraped_json_api,popularity,31.0
615,scraped_json_api,,scraped_json_api,popularity,31.0
871,scraped_json_api,,scraped_json_api,popularity,31.0
1127,scraped_json_api,,scraped_json_api,popularity,31.0
1383,scraped_json_api,,scraped_json_api,popularity,31.0
398,scraped_json_api,,scraped_json_api,popularity,24.0
404,scraped_json_api,,scraped_json_api,popularity,24.0
654,scraped_json_api,,scraped_json_api,popularity,24.0
660,scraped_json_api,,scraped_json_api,popularity,24.0
910,scraped_json_api,,scraped_json_api,popularity,24.0
916,scraped_json_api,,scraped_json_api,popularity,24.0
1166,scraped_json_api,,scraped_json_api,popularity,24.0
1172,scraped_json_api,,scraped_json_api,popularity,24.0
1422,scraped_json_api,,scraped_json_api,popularity,24.0
1428,scraped_json_api,,scraped_json_api,popularity,24.0
376,scraped_json_api,,scraped_json_api,popularity,23.0
382,scraped_json_api,,scraped_json_api,popularity,23.0
632,scraped_json_api,,scraped_json_api,popularity,23.0
638,scraped_json_api,,scraped_json_api,popularity,23.0
888,scraped_json_api,,scraped_json_api,popularity,23.0
894,scraped_json_api,,scraped_json_api,popularity,23.0
1144,scraped_json_api,,scraped_json_api,popularity,23.0
1150,scraped_json_api,,scraped_json_api,popularity,23.0
1400,scraped_json_api,,scraped_json_api,popularity,23.0
1406,scraped_json_api,,scraped_json_api,popularity,23.0
396,scraped_json_api,,scraped_json_api,popularity,20.0
652,scraped_json_api,,scraped_json_api,popularity,20.0
908,scraped_json_api,,scraped_json_api,popularity,20.0
1164,scraped_json_api,,scraped_json_api,popularity,20.0
1420,scraped_json_api,,scraped_json_api,popularity,20.0
347,scraped_json_api,,scraped_json_api,popularity,19.0
414,scraped_json_api,,scraped_json_api,popularity,19.0
421,scraped_json_api,,scraped_json_api,popularity,19.0
603,scraped_json_api,,scraped_json_api,popularity,19.0
670,scraped_json_api,,scraped_json_api,popularity,19.0
677,scraped_json_api,,scraped_json_api,popularity,19.0
859,scraped_json_api,,scraped_json_api,popularity,19.0
926,scraped_json_api,,scraped_json_api,popularity,19.0
933,scraped_json_api,,scraped_json_api,popularity,19.0
1115,scraped_json_api,,scraped_json_api,popularity,19.0
1182,scraped_json_api,,scraped_json_api,popularity,19.0
1189,scraped_json_api,,scraped_json_api,popularity,19.0
1371,scraped_json_api,,scraped_json_api,popularity,19.0
1438,scraped_json_api,,scraped_json_api,popularity,19.0
1445,scraped_json_api,,scraped_json_api,popularity,19.0
344,scraped_json_api,,scraped_json_api,popularity,18.0
387,scraped_json_api,,scraped_json_api,popularity,18.0
400,scraped_json_api,,scraped_json_api,popularity,18.0
600,scraped_json_api,,scraped_json_api,popularity,18.0
643,scraped_json_api,,scraped_json_api,popularity,18.0
656,scraped_json_api,,scraped_json_api,popularity,18.0
856,scraped_json_api,,scraped_json_api,popularity,18.0
899,scraped_json_api,,scraped_json_api,popularity,18.0
912,scraped_json_api,,scraped_json_api,popularity,18.0
1112,scraped_json_api,,scraped_json_api,popularity,18.0
1155,scraped_json_api,,scraped_json_api,popularity,18.0
1168,scraped_json_api,,scraped_json_api,popularity,18.0
1368,scraped_json_api,,scraped_json_api,popularity,18.0
1411,scraped_json_api,,scraped_json_api,popularity,18.0
1424,scraped_json_api,,scraped_json_api,popularity,18.0
342,scraped_json_api,,scraped_json_api,popularity,17.0
349,scraped_json_api,,scraped_json_api,popularity,17.0
353,scraped_json_api,,scraped_json_api,popularity,17.0
360,scraped_json_api,,scraped_json_api,popularity,17.0
598,scraped_json_api,,scraped_json_api,popularity,17.0
605,scraped_json_api,,scraped_json_api,popularity,17.0
609,scraped_json_api,,scraped_json_api,popularity,17.0
616,scraped_json_api,,scraped_json_api,popularity,17.0
854,scraped_json_api,,scraped_json_api,popularity,17.0
861,scraped_json_api,,scraped_json_api,popularity,17.0
865,scraped_json_api,,scraped_json_api,popularity,17.0
872,scraped_json_api,,scraped_json_api,popularity,17.0
1110,scraped_json_api,,scraped_json_api,popularity,17.0
1117,scraped_json_api,,scraped_json_api,popularity,17.0
1121,scraped_json_api,,scraped_json_api,popularity,17.0
1128,scraped_json_api,,scraped_json_api,popularity,17.0
1366,scraped_json_api,,scraped_json_api,popularity,17.0
1373,scraped_json_api,,scraped_json_api,popularity,17.0
1377,scraped_json_api,,scraped_json_api,popularity,17.0
1384,scraped_json_api,,scraped_json_api,popularity,17.0
374,scraped_json_api,,scraped_json_api,popularity,16.0
377,scraped_json_api,,scraped_json_api,popularity,16.0
385,scraped_json_api,,scraped_json_api,popularity,16.0
389,scraped_json_api,,scraped_json_api,popularity,16.0
395,scraped_json_api,,scraped_json_api,popularity,16.0
630,scraped_json_api,,scraped_json_api,popularity,16.0
633,scraped_json_api,,scraped_json_api,popularity,16.0
641,scraped_json_api,,scraped_json_api,popularity,16.0
645,scraped_json_api,,scraped_json_api,popularity,16.0
651,scraped_json_api,,scraped_json_api,popularity,16.0
886,scraped_json_api,,scraped_json_api,popularity,16.0
889,scraped_json_api,,scraped_json_api,popularity,16.0
897,scraped_json_api,,scraped_json_api,popularity,16.0
901,scraped_json_api,,scraped_json_api,popularity,16.0
907,scraped_json_api,,scraped_json_api,popularity,16.0
1142,scraped_json_api,,scraped_json_api,popularity,16.0
1145,scraped_json_api,,scraped_json_api,popularity,16.0
1153,scraped_json_api,,scraped_json_api,popularity,16.0
1157,scraped_json_api,,scraped_json_api,popularity,16.0
1163,scraped_json_api,,scraped_json_api,popularity,16.0
1398,scraped_json_api,,scraped_json_api,popularity,16.0
1401,scraped_json_api,,scraped_json_api,popularity,16.0
1409,scraped_json_api,,scraped_json_api,popularity,16.0
1413,scraped_json_api,,scraped_json_api,popularity,16.0
1419,scraped_json_api,,scraped_json_api,popularity,16.0
62,excel_summary,,excel_summary,popularity,15.0
94,excel_summary,,excel_summary,popularity,15.0
134,excel_summary,,excel_summary,popularity,15.0
174,excel_summary,,excel_summary,popularity,15.0
215,excel_summary,,excel_summary,popularity,15.0
217,scraped_html,,scraped_html,popularity,15.0
218,scraped_html,,scraped_html,popularity,15.0
219,scraped_html,,scraped_html,popularity,15.0
220,scraped_html,,scraped_html,popularity,15.0
221,scraped_html,,scraped_html,popularity,15.0
222,scraped_html,,scraped_html,popularity,15.0
223,scraped_html,,scraped_html,popularity,15.0
224,scraped_html,,scraped_html,popularity,15.0
225,scraped_html,,scraped_html,popularity,15.0
226,scraped_html,,scraped_html,popularity,15.0
227,scraped_html,,scraped_html,popularity,15.0
228,scraped_html,,scraped_html,popularity,15.0
229,scraped_html,,scraped_html,popularity,15.0
230,scraped_html,,scraped_html,popularity,15.0
231,scraped_html,,scraped_html,popularity,15.0
232,scraped_html,,scraped_html,popularity,15.0
233,scraped_html,,scraped_html,popularity,15.0
234,scraped_html,,scraped_html,popularity,15.0
235,scraped_html,,scraped_html,popularity,15.0
236,scraped_html,,scraped_html,popularity,15.0
237,scraped_html,,scraped_html,popularity,15.0
238,scraped_html,,scraped_html,popularity,15.0
239,scraped_html,,scraped_html,popularity,15.0
240,scraped_html,,scraped_html,popularity,15.0
241,scraped_html,,scraped_html,popularity,15.0
242,scraped_html_paginated,,scraped_html_paginated,popularity,15.0
243,scraped_html_paginated,,scraped_html_paginated,popularity,15.0
244,scraped_html_paginated,,scraped_html_paginated,popularity,15.0
245,scraped_html_paginated,,scraped_html_paginated,popularity,15.0
246,scraped_html_paginated,,scraped_html_paginated,popularity,15.0
247,scraped_html_paginated,,scraped_html_paginated,popularity,15.0
248,scraped_html_paginated,,scraped_html_paginated,popularity,15.0
249,scraped_html_paginated,,scraped_html_paginated,popularity,15.0
250,scraped_html_paginated,,scraped_html_paginated,popularity,15.0
251,scraped_html_paginated,,scraped_html_paginated,popularity,15.0
252,scraped_html_paginated,,scraped_html_paginated,popularity,15.0
253,scraped_html_paginated,,scraped_html_paginated,popularity,15.0
254,scraped_html_paginated,,scraped_html_paginated,popularity,15.0
255,scraped_html_paginated,,scraped_html_paginated,popularity,15.0
256,scraped_html_paginated,,scraped_html_paginated,popularity,15.0
257,scraped_html_paginated,,scraped_html_paginated,popularity,15.0
258,scraped_html_paginated,,scraped_html_paginated,popularity,15.0
259,scraped_html_paginated,,scraped_html_paginated,popularity,15.0
260,scraped_html_paginated,,scraped_html_paginated,popularity,15.0
261,scraped_html_paginated,,scraped_html_paginated,popularity,15.0
262,scraped_html_paginated,,scraped_html_paginated,popularity,15.0
263,scraped_html_paginated,,scraped_html_paginated,popularity,15.0
264,scraped_html_paginated,,scraped_html_paginated,popularity,15.0
265,scraped_html_paginated,,scraped_html_paginated,popularity,15.0
266,scraped_html_paginated,,scraped_html_paginated,popularity,15.0
267,scraped_html_paginated,,scraped_html_paginated,popularity,15.0
268,scraped_html_paginated,,scraped_html_paginated,popularity,15.0
269,scraped_html_paginated,,scraped_html_paginated,popularity,15.0
270,scraped_html_paginated,,scraped_html_paginated,popularity,15.0
271,scraped_html_paginated,,scraped_html_paginated,popularity,15.0
272,scraped_html_paginated,,scraped_html_paginated,popularity,15.0
273,scraped_html_paginated,,scraped_html_paginated,popularity,15.0
274,scraped_html_paginated,,scraped_html_paginated,popularity,15.0
275,scraped_html_paginated,,scraped_html_paginated,popularity,15.0
276,scraped_html_paginated,,scraped_html_paginated,popularity,15.0
277,scraped_html_paginated,,scraped_html_paginated,popularity,15.0
278,scraped_html_paginated,,scraped_html_paginated,popularity,15.0
279,scraped_html_paginated,,scraped_html_paginated,popularity,15.0
280,scraped_html_paginated,,scraped_html_paginated,popularity,15.0
281,scraped_html_paginated,,scraped_html_paginated,popularity,15.0
282,scraped_html_paginated,,scraped_html_paginated,popularity,15.0
283,scraped_html_paginated,,scraped_html_paginated,popularity,15.0
284,scraped_html_paginated,,scraped_html_paginated,popularity,15.0
285,scraped_html_paginated,,scraped_html_paginated,popularity,15.0
286,scraped_html_paginated,,scraped_html_paginated,popularity,15.0
287,scraped_html_paginated,,scraped_html_paginated,popularity,15.0
288,scraped_html_paginated,,scraped_html_paginated,popularity,15.0
289,scraped_html_paginated,,scraped_html_paginated,popularity,15.0
290,scraped_html_paginated,,scraped_html_paginated,popularity,15.0
291,scraped_html_paginated,,scraped_html_paginated,popularity,15.0
292,scraped_html_paginated,,scraped_html_paginated,popularity,15.0
293,scraped_html_paginated,,scraped_html_paginated,popularity,15.0
294,scraped_html_paginated,,scraped_html_paginated,popularity,15.0
295,scraped_html_paginated,,scraped_html_paginated,popularity,15.0
296,scraped_html_paginated,,scraped_html_paginated,popularity,15.0
297,scraped_html_paginated,,scraped_html_paginated,popularity,15.0
298,scraped_html_paginated,,scraped_html_paginated,popularity,15.0
299,scraped_html_paginated,,scraped_html_paginated,popularity,15.0
300,scraped_html_paginated,,scraped_html_paginated,popularity,15.0
301,scraped_html_paginated,,scraped_html_paginated,popularity,15.0
302,scraped_html_paginated,,scraped_html_paginated,popularity,15.0
303,scraped_html_paginated,,scraped_html_paginated,popularity,15.0
304,scraped_html_paginated,,scraped_html_paginated,popularity,15.0
305,scraped_html_paginated,,scraped_html_paginated,popularity,15.0
306,scraped_html_paginated,,scraped_html_paginated,popularity,15.0
307,scraped_html_paginated,,scraped_html_paginated,popularity,15.0
308,scraped_html_paginated,,scraped_html_paginated,popularity,15.0
309,scraped_html_paginated,,scraped_html_paginated,popularity,15.0
310,scraped_html_paginated,,scraped_html_paginated,popularity,15.0
311,scraped_html_paginated,,scraped_html_paginated,popularity,15.0
312,scraped_html_paginated,,scraped_html_paginated,popularity,15.0
313,scraped_html_paginated,,scraped_html_paginated,popularity,15.0
314,scraped_html_paginated,,scraped_html_paginated,popularity,15.0
315,scraped_html_paginated,,scraped_html_paginated,popularity,15.0
316,scraped_html_paginated,,scraped_html_paginated,popularity,15.0
317,scraped_html_paginated,,scraped_html_paginated,popularity,15.0
318,scraped_html_paginated,,scraped_html_paginated,popularity,15.0
319,scraped_html_paginated,,scraped_html_paginated,popularity,15.0
320,scraped_html_paginated,,scraped_html_paginated,popularity,15.0
321,scraped_html_paginated,,scraped_html_paginated,popularity,15.0
322,scraped_html_paginated,,scraped_html_paginated,popularity,15.0
323,scraped_html_paginated,,scraped_html_paginated,popularity,15.0
324,scraped_html_paginated,,scraped_html_paginated,popularity,15.0
325,scraped_html_paginated,,scraped_html_paginated,popularity,15.0
326,scraped_html_paginated,,scraped_html_paginated,popularity,15.0
327,scraped_html_paginated,,scraped_html_paginated,popularity,15.0
328,scraped_html_paginated,,scraped_html_paginated,popularity,15.0
329,scraped_html_paginated,,scraped_html_paginated,popularity,15.0
330,scraped_html_paginated,,scraped_html_paginated,popularity,15.0
331,scraped_html_paginated,,scraped_html_paginated,popularity,15.0
332,scraped_html_paginated,,scraped_html_paginated,popularity,15.0
333,scraped_html_paginated,,scraped_html_paginated,popularity,15.0
334,scraped_html_paginated,,scraped_html_paginated,popularity,15.0
335,scraped_html_paginated,,scraped_html_paginated,popularity,15.0
336,scraped_html_paginated,,scraped_html_paginated,popularity,15.0
337,scraped_html_paginated,,scraped_html_paginated,popularity,15.0
338,scraped_html_paginated,,scraped_html_paginated,popularity,15.0
339,scraped_html_paginated,,scraped_html_paginated,popularity,15.0
340,scraped_html_paginated,,scraped_html_paginated,popularity,15.0
341,scraped_html_paginated,,scraped_html_paginated,popularity,15.0
358,scraped_json_api,,scraped_json_api,popularity,15.0
401,scraped_json_api,,scraped_json_api,popularity,15.0
415,scraped_json_api,,scraped_json_api,popularity,15.0
416,scraped_json_api,,scraped_json_api,popularity,15.0
417,scraped_json_api,,scraped_json_api,popularity,15.0
418,scraped_json_api,,scraped_json_api,popularity,15.0
471,excel_summary,,excel_summary,popularity,15.0
473,scraped_html,,scraped_html,popularity,15.0
474,scraped_html,,scraped_html,popularity,15.0
475,scraped_html,,scraped_html,popularity,15.0
476,scraped_html,,scraped_html,popularity,15.0
477,scraped_html,,scraped_html,popularity,15.0
478,scraped_html,,scraped_html,popularity,15.0
479,scraped_html,,scraped_html,popularity,15.0
480,scraped_html,,scraped_html,popularity,15.0
481,scraped_html,,scraped_html,popularity,15.0
482,scraped_html,,scraped_html,popularity,15.0
483,scraped_html,,scraped_html,popularity,15.0
484,scraped_html,,scraped_html,popularity,15.0
485,scraped_html,,scraped_html,popularity,15.0
486,scraped_html,,scraped_html,popularity,15.0
487,scraped_html,,scraped_html,popularity,15.0
488,scraped_html,,scraped_html,popularity,15.0
489,scraped_html,,scraped_html,popularity,15.0
490,scraped_html,,scraped_html,popularity,15.0
491,scraped_html,,scraped_html,popularity,15.0
492,scraped_html,,scraped_html,popularity,15.0
493,scraped_html,,scraped_html,popularity,15.0
494,scraped_html,,scraped_html,popularity,15.0
495,scraped_html,,scraped_html,popularity,15.0
496,scraped_html,,scraped_html,popularity,15.0
497,scraped_html,,scraped_html,popularity,15.0
498,scraped_html_paginated,,scraped_html_paginated,popularity,15.0
499,scraped_html_paginated,,scraped_html_paginated,popularity,15.0
500,scraped_html_paginated,,scraped_html_paginated,popularity,15.0
501,scraped_html_paginated,,scraped_html_paginated,popularity,15.0
502,scraped_html_paginated,,scraped_html_paginated,popularity,15.0
503,scraped_html_paginated,,scraped_html_paginated,popularity,15.0
504,scraped_html_paginated,,scraped_html_paginated,popularity,15.0
505,scraped_html_paginated,,scraped_html_paginated,popularity,15.0
506,scraped_html_paginated,,scraped_html_paginated,popularity,15.0
507,scraped_html_paginated,,scraped_html_paginated,popularity,15.0
508,scraped_html_paginated,,scraped_html_paginated,popularity,15.0
509,scraped_html_paginated,,scraped_html_paginated,popularity,15.0
510,scraped_html_paginated,,scraped_html_paginated,popularity,15.0
511,scraped_html_paginated,,scraped_html_paginated,popularity,15.0
512,scraped_html_paginated,,scraped_html_paginated,popularity,15.0
513,scraped_html_paginated,,scraped_html_paginated,popularity,15.0
514,scraped_html_paginated,,scraped_html_paginated,popularity,15.0
515,scraped_html_paginated,,scraped_html_paginated,popularity,15.0
516,scraped_html_paginated,,scraped_html_paginated,popularity,15.0
517,scraped_html_paginated,,scraped_html_paginated,popularity,15.0
518,scraped_html_paginated,,scraped_html_paginated,popularity,15.0
519,scraped_html_paginated,,scraped_html_paginated,popularity,15.0
520,scraped_html_paginated,,scraped_html_paginated,popularity,15.0
521,scraped_html_paginated,,scraped_html_paginated,popularity,15.0
522,scraped_html_paginated,,scraped_html_paginated,popularity,15.0
523,scraped_html_paginated,,scraped_html_paginated,popularity,15.0
524,scraped_html_paginated,,scraped_html_paginated,popularity,15.0
525,scraped_html_paginated,,scraped_html_paginated,popularity,15.0
526,scraped_html_paginated,,scraped_html_paginated,popularity,15.0
527,scraped_html_paginated,,scraped_html_paginated,popularity,15.0
528,scraped_html_paginated,,scraped_html_paginated,popularity,15.0
529,scraped_html_paginated,,scraped_html_paginated,popularity,15.0
530,scraped_html_paginated,,scraped_html_paginated,popularity,15.0
531,scraped_html_paginated,,scraped_html_paginated,popularity,15.0
532,scraped_html_paginated,,scraped_html_paginated,popularity,15.0
533,scraped_html_paginated,,scraped_html_paginated,popularity,15.0
534,scraped_html_paginated,,scraped_html_paginated,popularity,15.0
535,scraped_html_paginated,,scraped_html_paginated,popularity,15.0
536,scraped_html_paginated,,scraped_html_paginated,popularity,15.0
537,scraped_html_paginated,,scraped_html_paginated,popularity,15.0
538,scraped_html_paginated,,scraped_html_paginated,popularity,15.0
539,scraped_html_paginated,,scraped_html_paginated,popularity,15.0
540,scraped_html_paginated,,scraped_html_paginated,popularity,15.0
541,scraped_html_paginated,,scraped_html_paginated,popularity,15.0
542,scraped_html_paginated,,scraped_html_paginated,popularity,15.0
543,scraped_html_paginated,,scraped_html_paginated,popularity,15.0
544,scraped_html_paginated,,scraped_html_paginated,popularity,15.0
545,scraped_html_paginated,,scraped_html_paginated,popularity,15.0
546,scraped_html_paginated,,scraped_html_paginated,popularity,15.0
547,scraped_html_paginated,,scraped_html_paginated,popularity,15.0
548,scraped_html_paginated,,scraped_html_paginated,popularity,15.0
549,scraped_html_paginated,,scraped_html_paginated,popularity,15.0
550,scraped_html_paginated,,scraped_html_paginated,popularity,15.0
551,scraped_html_paginated,,scraped_html_paginated,popularity,15.0
552,scraped_html_paginated,,scraped_html_paginated,popularity,15.0
553,scraped_html_paginated,,scraped_html_paginated,popularity,15.0
554,scraped_html_paginated,,scraped_html_paginated,popularity,15.0
555,scraped_html_paginated,,scraped_html_paginated,popularity,15.0
556,scraped_html_paginated,,scraped_html_paginated,popularity,15.0
557,scraped_html_paginated,,scraped_html_paginated,popularity,15.0
558,scraped_html_paginated,,scraped_html_paginated,popularity,15.0
559,scraped_html_paginated,,scraped_html_paginated,popularity,15.0
560,scraped_html_paginated,,scraped_html_paginated,popularity,15.0
561,scraped_html_paginated,,scraped_html_paginated,popularity,15.0
562,scraped_html_paginated,,scraped_html_paginated,popularity,15.0
563,scraped_html_paginated,,scraped_html_paginated,popularity,15.0
564,scraped_html_paginated,,scraped_html_paginated,popularity,15.0
565,scraped_html_paginated,,scraped_html_paginated,popularity,15.0
566,scraped_html_paginated,,scraped_html_paginated,popularity,15.0
567,scraped_html_paginated,,scraped_html_paginated,popularity,15.0
568,scraped_html_paginated,,scraped_html_paginated,popularity,15.0
569,scraped_html_paginated,,scraped_html_paginated,popularity,15.0
570,scraped_html_paginated,,scraped_html_paginated,popularity,15.0
571,scraped_html_paginated,,scraped_html_paginated,popularity,15.0
572,scraped_html_paginated,,scraped_html_paginated,popularity,15.0
573,scraped_html_paginated,,scraped_html_paginated,popularity,15.0
574,scraped_html_paginated,,scraped_html_paginated,popularity,15.0
575,scraped_html_paginated,,scraped_html_paginated,popularity,15.0
576,scraped_html_paginated,,scraped_html_paginated,popularity,15.0
577,scraped_html_paginated,,scraped_html_paginated,popularity,15.0
578,scraped_html_paginated,,scraped_html_paginated,popularity,15.0
579,scraped_html_paginated,,scraped_html_paginated,popularity,15.0
580,scraped_html_paginated,,scraped_html_paginated,popularity,15.0
581,scraped_html_paginated,,scraped_html_paginated,popularity,15.0
582,scraped_html_paginated,,scraped_html_paginated,popularity,15.0
583,scraped_html_paginated,,scraped_html_paginated,popularity,15.0
584,scraped_html_paginated,,scraped_html_paginated,popularity,15.0
585,scraped_html_paginated,,scraped_html_paginated,popularity,15.0
586,scraped_html_paginated,,scraped_html_paginated,popularity,15.0
587,scraped_html_paginated,,scraped_html_paginated,popularity,15.0
588,scraped_html_paginated,,scraped_html_paginated,popularity,15.0
589,scraped_html_paginated,,scraped_html_paginated,popularity,15.0
590,scraped_html_paginated,,scraped_html_paginated,popularity,15.0
591,scraped_html_paginated,,scraped_html_paginated,popularity,15.0
592,scraped_html_paginated,,scraped_html_paginated,popularity,15.0
593,scraped_html_paginated,,scraped_html_paginated,popularity,15.0
594,scraped_html_paginated,,scraped_html_paginated,popularity,15.0
595,scraped_html_paginated,,scraped_html_paginated,popularity,15.0
596,scraped_html_paginated,,scraped_html_paginated,popularity,15.0
597,scraped_html_paginated,,scraped_html_paginated,popularity,15.0
614,scraped_json_api,,scraped_json_api,popularity,15.0
657,scraped_json_api,,scraped_json_api,popularity,15.0
671,scraped_json_api,,scraped_json_api,popularity,15.0
672,scraped_json_api,,scraped_json_api,popularity,15.0
673,scraped_json_api,,scraped_json_api,popularity,15.0
674,scraped_json_api,,scraped_json_api,popularity,15.0
727,excel_summary,,excel_summary,popularity,15.0
729,scraped_html,,scraped_html,popularity,15.0
730,scraped_html,,scraped_html,popularity,15.0
731,scraped_html,,scraped_html,popularity,15.0
732,scraped_html,,scraped_html,popularity,15.0
733,scraped_html,,scraped_html,popularity,15.0
734,scraped_html,,scraped_html,popularity,15.0
735,scraped_html,,scraped_html,popularity,15.0
736,scraped_html,,scraped_html,popularity,15.0
737,scraped_html,,scraped_html,popularity,15.0
738,scraped_html,,scraped_html,popularity,15.0
739,scraped_html,,scraped_html,popularity,15.0
740,scraped_html,,scraped_html,popularity,15.0
741,scraped_html,,scraped_html,popularity,15.0
742,scraped_html,,scraped_html,popularity,15.0
743,scraped_html,,scraped_html,popularity,15.0
744,scraped_html,,scraped_html,popularity,15.0
745,scraped_html,,scraped_html,popularity,15.0
746,scraped_html,,scraped_html,popularity,15.0
747,scraped_html,,scraped_html,popularity,15.0
748,scraped_html,,scraped_html,popularity,15.0
749,scraped_html,,scraped_html,popularity,15.0
750,scraped_html,,scraped_html,popularity,15.0
751,scraped_html,,scraped_html,popularity,15.0
752,scraped_html,,scraped_html,popularity,15.0
753,scraped_html,,scraped_html,popularity,15.0
754,scraped_html_paginated,,scraped_html_paginated,popularity,15.0
755,scraped_html_paginated,,scraped_html_paginated,popularity,15.0
756,scraped_html_paginated,,scraped_html_paginated,popularity,15.0
757,scraped_html_paginated,,scraped_html_paginated,popularity,15.0
758,scraped_html_paginated,,scraped_html_paginated,popularity,15.0
759,scraped_html_paginated,,scraped_html_paginated,popularity,15.0
760,scraped_html_paginated,,scraped_html_paginated,popularity,15.0
761,scraped_html_paginated,,scraped_html_paginated,popularity,15.0
762,scraped_html_paginated,,scraped_html_paginated,popularity,15.0
763,scraped_html_paginated,,scraped_html_paginated,popularity,15.0
764,scraped_html_paginated,,scraped_html_paginated,popularity,15.0
765,scraped_html_paginated,,scraped_html_paginated,popularity,15.0
766,scraped_html_paginated,,scraped_html_paginated,popularity,15.0
767,scraped_html_paginated,,scraped_html_paginated,popularity,15.0
768,scraped_html_paginated,,scraped_html_paginated,popularity,15.0
769,scraped_html_paginated,,scraped_html_paginated,popularity,15.0
770,scraped_html_paginated,,scraped_html_paginated,popularity,15.0
771,scraped_html_paginated,,scraped_html_paginated,popularity,15.0
772,scraped_html_paginated,,scraped_html_paginated,popularity,15.0
773,scraped_html_paginated,,scraped_html_paginated,popularity,15.0
774,scraped_html_paginated,,scraped_html_paginated,popularity,15.0
775,scraped_html_paginated,,scraped_html_paginated,popularity,15.0
776,scraped_html_paginated,,scraped_html_paginated,popularity,15.0
777,scraped_html_paginated,,scraped_html_paginated,popularity,15.0
778,scraped_html_paginated,,scraped_html_paginated,popularity,15.0
779,scraped_html_paginated,,scraped_html_paginated,popularity,15.0
780,scraped_html_paginated,,scraped_html_paginated,popularity,15.0
781,scraped_html_paginated,,scraped_html_paginated,popularity,15.0
782,scraped_html_paginated,,scraped_html_paginated,popularity,15.0
783,scraped_html_paginated,,scraped_html_paginated,popularity,15.0
784,scraped_html_paginated,,scraped_html_paginated,popularity,15.0
785,scraped_html_paginated,,scraped_html_paginated,popularity,15.0
786,scraped_html_paginated,,scraped_html_paginated,popularity,15.0
787,scraped_html_paginated,,scraped_html_paginated,popularity,15.0
788,scraped_html_paginated,,scraped_html_paginated,popularity,15.0
789,scraped_html_paginated,,scraped_html_paginated,popularity,15.0
790,scraped_html_paginated,,scraped_html_paginated,popularity,15.0
791,scraped_html_paginated,,scraped_html_paginated,popularity,15.0
792,scraped_html_paginated,,scraped_html_paginated,popularity,15.0
793,scraped_html_paginated,,scraped_html_paginated,popularity,15.0
794,scraped_html_paginated,,scraped_html_paginated,popularity,15.0
795,scraped_html_paginated,,scraped_html_paginated,popularity,15.0
796,scraped_html_paginated,,scraped_html_paginated,popularity,15.0
797,scraped_html_paginated,,scraped_html_paginated,popularity,15.0
798,scraped_html_paginated,,scraped_html_paginated,popularity,15.0
799,scraped_html_paginated,,scraped_html_paginated,popularity,15.0
800,scraped_html_paginated,,scraped_html_paginated,popularity,15.0
801,scraped_html_paginated,,scraped_html_paginated,popularity,15.0
802,scraped_html_paginated,,scraped_html_paginated,popularity,15.0
803,scraped_html_paginated,,scraped_html_paginated,popularity,15.0
804,scraped_html_paginated,,scraped_html_paginated,popularity,15.0
805,scraped_html_paginated,,scraped_html_paginated,popularity,15.0
806,scraped_html_paginated,,scraped_html_paginated,popularity,15.0
807,scraped_html_paginated,,scraped_html_paginated,popularity,15.0
808,scraped_html_paginated,,scraped_html_paginated,popularity,15.0
809,scraped_html_paginated,,scraped_html_paginated,popularity,15.0
810,scraped_html_paginated,,scraped_html_paginated,popularity,15.0
811,scraped_html_paginated,,scraped_html_paginated,popularity,15.0
812,scraped_html_paginated,,scraped_html_paginated,popularity,15.0
813,scraped_html_paginated,,scraped_html_paginated,popularity,15.0
814,scraped_html_paginated,,scraped_html_paginated,popularity,15.0
815,scraped_html_paginated,,scraped_html_paginated,popularity,15.0
816,scraped_html_paginated,,scraped_html_paginated,popularity,15.0
817,scraped_html_paginated,,scraped_html_paginated,popularity,15.0
818,scraped_html_paginated,,scraped_html_paginated,popularity,15.0
819,scraped_html_paginated,,scraped_html_paginated,popularity,15.0
820,scraped_html_paginated,,scraped_html_paginated,popularity,15.0
821,scraped_html_paginated,,scraped_html_paginated,popularity,15.0
822,scraped_html_paginated,,scraped_html_paginated,popularity,15.0
823,scraped_html_paginated,,scraped_html_paginated,popularity,15.0
824,scraped_html_paginated,,scraped_html_paginated,popularity,15.0
825,scraped_html_paginated,,scraped_html_paginated,popularity,15.0
826,scraped_html_paginated,,scraped_html_paginated,popularity,15.0
827,scraped_html_paginated,,scraped_html_paginated,popularity,15.0
828,scraped_html_paginated,,scraped_html_paginated,popularity,15.0
829,scraped_html_paginated,,scraped_html_paginated,popularity,15.0
830,scraped_html_paginated,,scraped_html_paginated,popularity,15.0
831,scraped_html_paginated,,scraped_html_paginated,popularity,15.0
832,scraped_html_paginated,,scraped_html_paginated,popularity,15.0
833,scraped_html_paginated,,scraped_html_paginated,popularity,15.0
834,scraped_html_paginated,,scraped_html_paginated,popularity,15.0
835,scraped_html_paginated,,scraped_html_paginated,popularity,15.0
836,scraped_html_paginated,,scraped_html_paginated,popularity,15.0
837,scraped_html_paginated,,scraped_html_paginated,popularity,15.0
838,scraped_html_paginated,,scraped_html_paginated,popularity,15.0
839,scraped_html_paginated,,scraped_html_paginated,popularity,15.0
840,scraped_html_paginated,,scraped_html_paginated,popularity,15.0
841,scraped_html_paginated,,scraped_html_paginated,popularity,15.0
842,scraped_html_paginated,,scraped_html_paginated,popularity,15.0
843,scraped_html_paginated,,scraped_html_paginated,popularity,15.0
844,scraped_html_paginated,,scraped_html_paginated,popularity,15.0
845,scraped_html_paginated,,scraped_html_paginated,popularity,15.0
846,scraped_html_paginated,,scraped_html_paginated,popularity,15.0
847,scraped_html_paginated,,scraped_html_paginated,popularity,15.0
848,scraped_html_paginated,,scraped_html_paginated,popularity,15.0
849,scraped_html_paginated,,scraped_html_paginated,popularity,15.0
850,scraped_html_paginated,,scraped_html_paginated,popularity,15.0
851,scraped_html_paginated,,scraped_html_paginated,popularity,15.0
852,scraped_html_paginated,,scraped_html_paginated,popularity,15.0
853,scraped_html_paginated,,scraped_html_paginated,popularity,15.0
870,scraped_json_api,,scraped_json_api,popularity,15.0
913,scraped_json_api,,scraped_json_api,popularity,15.0
927,scraped_json_api,,scraped_json_api,popularity,15.0
928,scraped_json_api,,scraped_json_api,popularity,15.0
929,scraped_json_api,,scraped_json_api,popularity,15.0
930,scraped_json_api,,scraped_json_api,popularity,15.0
983,excel_summary,,excel_summary,popularity,15.0
985,scraped_html,,scraped_html,popularity,15.0
986,scraped_html,,scraped_html,popularity,15.0
987,scraped_html,,scraped_html,popularity,15.0
988,scraped_html,,scraped_html,popularity,15.0
989,scraped_html,,scraped_html,popularity,15.0
990,scraped_html,,scraped_html,popularity,15.0
991,scraped_html,,scraped_html,popularity,15.0
992,scraped_html,,scraped_html,popularity,15.0
993,scraped_html,,scraped_html,popularity,15.0
994,scraped_html,,scraped_html,popularity,15.0
995,scraped_html,,scraped_html,popularity,15.0
996,scraped_html,,scraped_html,popularity,15.0
997,scraped_html,,scraped_html,popularity,15.0
998,scraped_html,,scraped_html,popularity,15.0
999,scraped_html,,scraped_html,popularity,15.0
1000,scraped_html,,scraped_html,popularity,15.0
1001,scraped_html,,scraped_html,popularity,15.0
1002,scraped_html,,scraped_html,popularity,15.0
1003,scraped_html,,scraped_html,popularity,15.0
1004,scraped_html,,scraped_html,popularity,15.0
1005,scraped_html,,scraped_html,popularity,15.0
1006,scraped_html,,scraped_html,popularity,15.0
1007,scraped_html,,scraped_html,popularity,15.0
1008,scraped_html,,scraped_html,popularity,15.0
1009,scraped_html,,scraped_html,popularity,15.0
1010,scraped_html_paginated,,scraped_html_paginated,popularity,15.0
1011,scraped_html_paginated,,scraped_html_paginated,popularity,15.0
1012,scraped_html_paginated,,scraped_html_paginated,popularity,15.0
1013,scraped_html_paginated,,scraped_html_paginated,popularity,15.0
1014,scraped_html_paginated,,scraped_html_paginated,popularity,15.0
1015,scraped_html_paginated,,scraped_html_paginated,popularity,15.0
1016,scraped_html_paginated,,scraped_html_paginated,popularity,15.0
1017,scraped_html_paginated,,scraped_html_paginated,popularity,15.0
1018,scraped_html_paginated,,scraped_html_paginated,popularity,15.0
1019,scraped_html_paginated,,scraped_html_paginated,popularity,15.0
1020,scraped_html_paginated,,scraped_html_paginated,popularity,15.0
1021,scraped_html_paginated,,scraped_html_paginated,popularity,15.0
1022,scraped_html_paginated,,scraped_html_paginated,popularity,15.0
1023,scraped_html_paginated,,scraped_html_paginated,popularity,15.0
1024,scraped_html_paginated,,scraped_html_paginated,popularity,15.0
1025,scraped_html_paginated,,scraped_html_paginated,popularity,15.0
1026,scraped_html_paginated,,scraped_html_paginated,popularity,15.0
1027,scraped_html_paginated,,scraped_html_paginated,popularity,15.0
1028,scraped_html_paginated,,scraped_html_paginated,popularity,15.0
1029,scraped_html_paginated,,scraped_html_paginated,popularity,15.0
1030,scraped_html_paginated,,scraped_html_paginated,popularity,15.0
1031,scraped_html_paginated,,scraped_html_paginated,popularity,15.0
1032,scraped_html_paginated,,scraped_html_paginated,popularity,15.0
1033,scraped_html_paginated,,scraped_html_paginated,popularity,15.0
1034,scraped_html_paginated,,scraped_html_paginated,popularity,15.0
1035,scraped_html_paginated,,scraped_html_paginated,popularity,15.0
1036,scraped_html_paginated,,scraped_html_paginated,popularity,15.0
1037,scraped_html_paginated,,scraped_html_paginated,popularity,15.0
1038,scraped_html_paginated,,scraped_html_paginated,popularity,15.0
1039,scraped_html_paginated,,scraped_html_paginated,popularity,15.0
1040,scraped_html_paginated,,scraped_html_paginated,popularity,15.0
1041,scraped_html_paginated,,scraped_html_paginated,popularity,15.0
1042,scraped_html_paginated,,scraped_html_paginated,popularity,15.0
1043,scraped_html_paginated,,scraped_html_paginated,popularity,15.0
1044,scraped_html_paginated,,scraped_html_paginated,popularity,15.0
1045,scraped_html_paginated,,scraped_html_paginated,popularity,15.0
1046,scraped_html_paginated,,scraped_html_paginated,popularity,15.0
1047,scraped_html_paginated,,scraped_html_paginated,popularity,15.0
1048,scraped_html_paginated,,scraped_html_paginated,popularity,15.0
1049,scraped_html_paginated,,scraped_html_paginated,popularity,15.0
1050,scraped_html_paginated,,scraped_html_paginated,popularity,15.0
1051,scraped_html_paginated,,scraped_html_paginated,popularity,15.0
1052,scraped_html_paginated,,scraped_html_paginated,popularity,15.0
1053,scraped_html_paginated,,scraped_html_paginated,popularity,15.0
1054,scraped_html_paginated,,scraped_html_paginated,popularity,15.0
1055,scraped_html_paginated,,scraped_html_paginated,popularity,15.0
1056,scraped_html_paginated,,scraped_html_paginated,popularity,15.0
1057,scraped_html_paginated,,scraped_html_paginated,popularity,15.0
1058,scraped_html_paginated,,scraped_html_paginated,popularity,15.0
1059,scraped_html_paginated,,scraped_html_paginated,popularity,15.0
1060,scraped_html_paginated,,scraped_html_paginated,popularity,15.0
1061,scraped_html_paginated,,scraped_html_paginated,popularity,15.0
1062,scraped_html_paginated,,scraped_html_paginated,popularity,15.0
1063,scraped_html_paginated,,scraped_html_paginated,popularity,15.0
1064,scraped_html_paginated,,scraped_html_paginated,popularity,15.0
1065,scraped_html_paginated,,scraped_html_paginated,popularity,15.0
1066,scraped_html_paginated,,scraped_html_paginated,popularity,15.0
1067,scraped_html_paginated,,scraped_html_paginated,popularity,15.0
1068,scraped_html_paginated,,scraped_html_paginated,popularity,15.0
1069,scraped_html_paginated,,scraped_html_paginated,popularity,15.0
1070,scraped_html_paginated,,scraped_html_paginated,popularity,15.0
1071,scraped_html_paginated,,scraped_html_paginated,popularity,15.0
1072,scraped_html_paginated,,scraped_html_paginated,popularity,15.0
1073,scraped_html_paginated,,scraped_html_paginated,popularity,15.0
1074,scraped_html_paginated,,scraped_html_paginated,popularity,15.0
1075,scraped_html_paginated,,scraped_html_paginated,popularity,15.0
1076,scraped_html_paginated,,scraped_html_paginated,popularity,15.0
1077,scraped_html_paginated,,scraped_html_paginated,popularity,15.0
1078,scraped_html_paginated,,scraped_html_paginated,popularity,15.0
1079,scraped_html_paginated,,scraped_html_paginated,popularity,15.0
1080,scraped_html_paginated,,scraped_html_paginated,popularity,15.0
1081,scraped_html_paginated,,scraped_html_paginated,popularity,15.0
1082,scraped_html_paginated,,scraped_html_paginated,popularity,15.0
1083,scraped_html_paginated,,scraped_html_paginated,popularity,15.0
1084,scraped_html_paginated,,scraped_html_paginated,popularity,15.0
1085,scraped_html_paginated,,scraped_html_paginated,popularity,15.0
1086,scraped_html_paginated,,scraped_html_paginated,popularity,15.0
1087,scraped_html_paginated,,scraped_html_paginated,popularity,15.0
1088,scraped_html_paginated,,scraped_html_paginated,popularity,15.0
1089,scraped_html_paginated,,scraped_html_paginated,popularity,15.0
1090,scraped_html_paginated,,scraped_html_paginated,popularity,15.0
1091,scraped_html_paginated,,scraped_html_paginated,popularity,15.0
1092,scraped_html_paginated,,scraped_html_paginated,popularity,15.0
1093,scraped_html_paginated,,scraped_html_paginated,popularity,15.0
1094,scraped_html_paginated,,scraped_html_paginated,popularity,15.0
1095,scraped_html_paginated,,scraped_html_paginated,popularity,15.0
1096,scraped_html_paginated,,scraped_html_paginated,popularity,15.0
1097,scraped_html_paginated,,scraped_html_paginated,popularity,15.0
1098,scraped_html_paginated,,scraped_html_paginated,popularity,15.0
1099,scraped_html_paginated,,scraped_html_paginated,popularity,15.0
1100,scraped_html_paginated,,scraped_html_paginated,popularity,15.0
1101,scraped_html_paginated,,scraped_html_paginated,popularity,15.0
1102,scraped_html_paginated,,scraped_html_paginated,popularity,15.0
1103,scraped_html_paginated,,scraped_html_paginated,popularity,15.0
1104,scraped_html_paginated,,scraped_html_paginated,popularity,15.0
1105,scraped_html_paginated,,scraped_html_paginated,popularity,15.0
1106,scraped_html_paginated,,scraped_html_paginated,popularity,15.0
1107,scraped_html_paginated,,scraped_html_paginated,popularity,15.0
1108,scraped_html_paginated,,scraped_html_paginated,popularity,15.0
1109,scraped_html_paginated,,scraped_html_paginated,popularity,15.0
1126,scraped_json_api,,scraped_json_api,popularity,15.0
1169,scraped_json_api,,scraped_json_api,popularity,15.0
1183,scraped_json_api,,scraped_json_api,popularity,15.0
1184,scraped_json_api,,scraped_json_api,popularity,15.0
1185,scraped_json_api,,scraped_json_api,popularity,15.0
1186,scraped_json_api,,scraped_json_api,popularity,15.0
1239,excel_summary,,excel_summary,popularity,15.0
1241,scraped_html,,scraped_html,popularity,15.0
1242,scraped_html,,scraped_html,popularity,15.0
1243,scraped_html,,scraped_html,popularity,15.0
1244,scraped_html,,scraped_html,popularity,15.0
1245,scraped_html,,scraped_html,popularity,15.0
1246,scraped_html,,scraped_html,popularity,15.0
1247,scraped_html,,scraped_html,popularity,15.0
1248,scraped_html,,scraped_html,popularity,15.0
1249,scraped_html,,scraped_html,popularity,15.0
1250,scraped_html,,scraped_html,popularity,15.0
1251,scraped_html,,scraped_html,popularity,15.0
1252,scraped_html,,scraped_html,popularity,15.0
1253,scraped_html,,scraped_html,popularity,15.0
1254,scraped_html,,scraped_html,popularity,15.0
1255,scraped_html,,scraped_html,popularity,15.0
1256,scraped_html,,scraped_html,popularity,15.0
1257,scraped_html,,scraped_html,popularity,15.0
1258,scraped_html,,scraped_html,popularity,15.0
1259,scraped_html,,scraped_html,popularity,15.0
1260,scraped_html,,scraped_html,popularity,15.0
1261,scraped_html,,scraped_html,popularity,15.0
1262,scraped_html,,scraped_html,popularity,15.0
1263,scraped_html,,scraped_html,popularity,15.0
1264,scraped_html,,scraped_html,popularity,15.0
1265,scraped_html,,scraped_html,popularity,15.0
1266,scraped_html_paginated,,scraped_html_paginated,popularity,15.0
1267,scraped_html_paginated,,scraped_html_paginated,popularity,15.0
1268,scraped_html_paginated,,scraped_html_paginated,popularity,15.0
1269,scraped_html_paginated,,scraped_html_paginated,popularity,15.0
1270,scraped_html_paginated,,scraped_html_paginated,popularity,15.0
1271,scraped_html_paginated,,scraped_html_paginated,popularity,15.0
1272,scraped_html_paginated,,scraped_html_paginated,popularity,15.0
1273,scraped_html_paginated,,scraped_html_paginated,popularity,15.0
1274,scraped_html_paginated,,scraped_html_paginated,popularity,15.0
1275,scraped_html_paginated,,scraped_html_paginated,popularity,15.0
1276,scraped_html_paginated,,scraped_html_paginated,popularity,15.0
1277,scraped_html_paginated,,scraped_html_paginated,popularity,15.0
1278,scraped_html_paginated,,scraped_html_paginated,popularity,15.0
1279,scraped_html_paginated,,scraped_html_paginated,popularity,15.0
1280,scraped_html_paginated,,scraped_html_paginated,popularity,15.0
1281,scraped_html_paginated,,scraped_html_paginated,popularity,15.0
1282,scraped_html_paginated,,scraped_html_paginated,popularity,15.0
1283,scraped_html_paginated,,scraped_html_paginated,popularity,15.0
1284,scraped_html_paginated,,scraped_html_paginated,popularity,15.0
1285,scraped_html_paginated,,scraped_html_paginated,popularity,15.0
1286,scraped_html_paginated,,scraped_html_paginated,popularity,15.0
1287,scraped_html_paginated,,scraped_html_paginated,popularity,15.0
1288,scraped_html_paginated,,scraped_html_paginated,popularity,15.0
1289,scraped_html_paginated,,scraped_html_paginated,popularity,15.0
1290,scraped_html_paginated,,scraped_html_paginated,popularity,15.0
1291,scraped_html_paginated,,scraped_html_paginated,popularity,15.0
1292,scraped_html_paginated,,scraped_html_paginated,popularity,15.0
1293,scraped_html_paginated,,scraped_html_paginated,popularity,15.0
1294,scraped_html_paginated,,scraped_html_paginated,popularity,15.0
1295,scraped_html_paginated,,scraped_html_paginated,popularity,15.0
1296,scraped_html_paginated,,scraped_html_paginated,popularity,15.0
1297,scraped_html_paginated,,scraped_html_paginated,popularity,15.0
1298,scraped_html_paginated,,scraped_html_paginated,popularity,15.0
1299,scraped_html_paginated,,scraped_html_paginated,popularity,15.0
1300,scraped_html_paginated,,scraped_html_paginated,popularity,15.0
1301,scraped_html_paginated,,scraped_html_paginated,popularity,15.0
1302,scraped_html_paginated,,scraped_html_paginated,popularity,15.0
1303,scraped_html_paginated,,scraped_html_paginated,popularity,15.0
1304,scraped_html_paginated,,scraped_html_paginated,popularity,15.0
1305,scraped_html_paginated,,scraped_html_paginated,popularity,15.0
1306,scraped_html_paginated,,scraped_html_paginated,popularity,15.0
1307,scraped_html_paginated,,scraped_html_paginated,popularity,15.0
1308,scraped_html_paginated,,scraped_html_paginated,popularity,15.0
1309,scraped_html_paginated,,scraped_html_paginated,popularity,15.0
1310,scraped_html_paginated,,scraped_html_paginated,popularity,15.0
1311,scraped_html_paginated,,scraped_html_paginated,popularity,15.0
1312,scraped_html_paginated,,scraped_html_paginated,popularity,15.0
1313,scraped_html_paginated,,scraped_html_paginated,popularity,15.0
1314,scraped_html_paginated,,scraped_html_paginated,popularity,15.0
1315,scraped_html_paginated,,scraped_html_paginated,popularity,15.0
1316,scraped_html_paginated,,scraped_html_paginated,popularity,15.0
1317,scraped_html_paginated,,scraped_html_paginated,popularity,15.0
1318,scraped_html_paginated,,scraped_html_paginated,popularity,15.0
1319,scraped_html_paginated,,scraped_html_paginated,popularity,15.0
1320,scraped_html_paginated,,scraped_html_paginated,popularity,15.0
1321,scraped_html_paginated,,scraped_html_paginated,popularity,15.0
1322,scraped_html_paginated,,scraped_html_paginated,popularity,15.0
1323,scraped_html_paginated,,scraped_html_paginated,popularity,15.0
1324,scraped_html_paginated,,scraped_html_paginated,popularity,15.0
1325,scraped_html_paginated,,scraped_html_paginated,popularity,15.0
1326,scraped_html_paginated,,scraped_html_paginated,popularity,15.0
1327,scraped_html_paginated,,scraped_html_paginated,popularity,15.0
1328,scraped_html_paginated,,scraped_html_paginated,popularity,15.0
1329,scraped_html_paginated,,scraped_html_paginated,popularity,15.0
1330,scraped_html_paginated,,scraped_html_paginated,popularity,15.0
1331,scraped_html_paginated,,scraped_html_paginated,popularity,15.0
1332,scraped_html_paginated,,scraped_html_paginated,popularity,15.0
1333,scraped_html_paginated,,scraped_html_paginated,popularity,15.0
1334,scraped_html_paginated,,scraped_html_paginated,popularity,15.0
1335,scraped_html_paginated,,scraped_html_paginated,popularity,15.0
1336,scraped_html_paginated,,scraped_html_paginated,popularity,15.0
1337,scraped_html_paginated,,scraped_html_paginated,popularity,15.0
1338,scraped_html_paginated,,scraped_html_paginated,popularity,15.0
1339,scraped_html_paginated,,scraped_html_paginated,popularity,15.0
1340,scraped_html_paginated,,scraped_html_paginated,popularity,15.0
1341,scraped_html_paginated,,scraped_html_paginated,popularity,15.0
1342,scraped_html_paginated,,scraped_html_paginated,popularity,15.0
1343,scraped_html_paginated,,scraped_html_paginated,popularity,15.0
1344,scraped_html_paginated,,scraped_html_paginated,popularity,15.0
1345,scraped_html_paginated,,scraped_html_paginated,popularity,15.0
1346,scraped_html_paginated,,scraped_html_paginated,popularity,15.0
1347,scraped_html_paginated,,scraped_html_paginated,popularity,15.0
1348,scraped_html_paginated,,scraped_html_paginated,popularity,15.0
1349,scraped_html_paginated,,scraped_html_paginated,popularity,15.0
1350,scraped_html_paginated,,scraped_html_paginated,popularity,15.0
1351,scraped_html_paginated,,scraped_html_paginated,popularity,15.0
1352,scraped_html_paginated,,scraped_html_paginated,popularity,15.0
1353,scraped_html_paginated,,scraped_html_paginated,popularity,15.0
1354,scraped_html_paginated,,scraped_html_paginated,popularity,15.0
1355,scraped_html_paginated,,scraped_html_paginated,popularity,15.0
1356,scraped_html_paginated,,scraped_html_paginated,popularity,15.0
1357,scraped_html_paginated,,scraped_html_paginated,popularity,15.0
1358,scraped_html_paginated,,scraped_html_paginated,popularity,15.0
1359,scraped_html_paginated,,scraped_html_paginated,popularity,15.0
1360,scraped_html_paginated,,scraped_html_paginated,popularity,15.0
1361,scraped_html_paginated,,scraped_html_paginated,popularity,15.0
1362,scraped_html_paginated,,scraped_html_paginated,popularity,15.0
1363,scraped_html_paginated,,scraped_html_paginated,popularity,15.0
1364,scraped_html_paginated,,scraped_html_paginated,popularity,15.0
1365,scraped_html_paginated,,scraped_html_paginated,popularity,15.0
1382,scraped_json_api,,scraped_json_api,popularity,15.0
1425,scraped_json_api,,scraped_json_api,popularity,15.0
1439,scraped_json_api,,scraped_json_api,popularity,15.0
1440,scraped_json_api,,scraped_json_api,popularity,15.0
1441,scraped_json_api,,scraped_json_api,popularity,15.0
1442,scraped_json_api,,scraped_json_api,popularity,15.0
350,scraped_json_api,,scraped_json_api,popularity,14.0
372,scraped_json_api,,scraped_json_api,popularity,14.0
410,scraped_json_api,,scraped_json_api,popularity,14.0
606,scraped_json_api,,scraped_json_api,popularity,14.0
628,scraped_json_api,,scraped_json_api,popularity,14.0
666,scraped_json_api,,scraped_json_api,popularity,14.0
862,scraped_json_api,,scraped_json_api,popularity,14.0
884,scraped_json_api,,scraped_json_api,popularity,14.0
922,scraped_json_api,,scraped_json_api,popularity,14.0
1118,scraped_json_api,,scraped_json_api,popularity,14.0
1140,scraped_json_api,,scraped_json_api,popularity,14.0
1178,scraped_json_api,,scraped_json_api,popularity,14.0
1374,scraped_json_api,,scraped_json_api,popularity,14.0
1396,scraped_json_api,,scraped_json_api,popularity,14.0
1434,scraped_json_api,,scraped_json_api,popularity,14.0
357,scraped_json_api,,scraped_json_api,popularity,13.0
379,scraped_json_api,,scraped_json_api,popularity,13.0
613,scraped_json_api,,scraped_json_api,popularity,13.0
635,scraped_json_api,,scraped_json_api,popularity,13.0
869,scraped_json_api,,scraped_json_api,popularity,13.0
891,scraped_json_api,,scraped_json_api,popularity,13.0
1125,scraped_json_api,,scraped_json_api,popularity,13.0
1147,scraped_json_api,,scraped_json_api,popularity,13.0
1381,scraped_json_api,,scraped_json_api,popularity,13.0
1403,scraped_json_api,,scraped_json_api,popularity,13.0
362,scraped_json_api,,scraped_json_api,popularity,12.0
391,scraped_json_api,,scraped_json_api,popularity,12.0
403,scraped_json_api,,scraped_json_api,popularity,12.0
618,scraped_json_api,,scraped_json_api,popularity,12.0
647,scraped_json_api,,scraped_json_api,popularity,12.0
659,scraped_json_api,,scraped_json_api,popularity,12.0
874,scraped_json_api,,scraped_json_api,popularity,12.0
903,scraped_json_api,,scraped_json_api,popularity,12.0
915,scraped_json_api,,scraped_json_api,popularity,12.0
1130,scraped_json_api,,scraped_json_api,popularity,12.0
1159,scraped_json_api,,scraped_json_api,popularity,12.0
1171,scraped_json_api,,scraped_json_api,popularity,12.0
1386,scraped_json_api,,scraped_json_api,popularity,12.0
1415,scraped_json_api,,scraped_json_api,popularity,12.0
1427,scraped_json_api,,scraped_json_api,popularity,12.0
345,scraped_json_api,,scraped_json_api,popularity,11.0
346,scraped_json_api,,scraped_json_api,popularity,11.0
351,scraped_json_api,,scraped_json_api,popularity,11.0
352,scraped_json_api,,scraped_json_api,popularity,11.0
366,scraped_json_api,,scraped_json_api,popularity,11.0
367,scraped_json_api,,scraped_json_api,popularity,11.0
407,scraped_json_api,,scraped_json_api,popularity,11.0
411,scraped_json_api,,scraped_json_api,popularity,11.0
413,scraped_json_api,,scraped_json_api,popularity,11.0
420,scraped_json_api,,scraped_json_api,popularity,11.0
422,scraped_json_api,,scraped_json_api,popularity,11.0
424,scraped_json_api,,scraped_json_api,popularity,11.0
426,scraped_json_api,,scraped_json_api,popularity,11.0
428,scraped_json_api,,scraped_json_api,popularity,11.0
601,scraped_json_api,,scraped_json_api,popularity,11.0
602,scraped_json_api,,scraped_json_api,popularity,11.0
607,scraped_json_api,,scraped_json_api,popularity,11.0
608,scraped_json_api,,scraped_json_api,popularity,11.0
622,scraped_json_api,,scraped_json_api,popularity,11.0
623,scraped_json_api,,scraped_json_api,popularity,11.0
663,scraped_json_api,,scraped_json_api,popularity,11.0
667,scraped_json_api,,scraped_json_api,popularity,11.0
669,scraped_json_api,,scraped_json_api,popularity,11.0
676,scraped_json_api,,scraped_json_api,popularity,11.0
678,scraped_json_api,,scraped_json_api,popularity,11.0
680,scraped_json_api,,scraped_json_api,popularity,11.0
682,scraped_json_api,,scraped_json_api,popularity,11.0
684,scraped_json_api,,scraped_json_api,popularity,11.0
857,scraped_json_api,,scraped_json_api,popularity,11.0
858,scraped_json_api,,scraped_json_api,popularity,11.0
863,scraped_json_api,,scraped_json_api,popularity,11.0
864,scraped_json_api,,scraped_json_api,popularity,11.0
878,scraped_json_api,,scraped_json_api,popularity,11.0
879,scraped_json_api,,scraped_json_api,popularity,11.0
919,scraped_json_api,,scraped_json_api,popularity,11.0
923,scraped_json_api,,scraped_json_api,popularity,11.0
925,scraped_json_api,,scraped_json_api,popularity,11.0
932,scraped_json_api,,scraped_json_api,popularity,11.0
934,scraped_json_api,,scraped_json_api,popularity,11.0
936,scraped_json_api,,scraped_json_api,popularity,11.0
938,scraped_json_api,,scraped_json_api,popularity,11.0
940,scraped_json_api,,scraped_json_api,popularity,11.0
1113,scraped_json_api,,scraped_json_api,popularity,11.0
1114,scraped_json_api,,scraped_json_api,popularity,11.0
1119,scraped_json_api,,scraped_json_api,popularity,11.0
1120,scraped_json_api,,scraped_json_api,popularity,11.0
1134,scraped_json_api,,scraped_json_api,popularity,11.0
1135,scraped_json_api,,scraped_json_api,popularity,11.0
1175,scraped_json_api,,scraped_json_api,popularity,11.0
1179,scraped_json_api,,scraped_json_api,popularity,11.0
1181,scraped_json_api,,scraped_json_api,popularity,11.0
1188,scraped_json_api,,scraped_json_api,popularity,11.0
1190,scraped_json_api,,scraped_json_api,popularity,11.0
1192,scraped_json_api,,scraped_json_api,popularity,11.0
1194,scraped_json_api,,scraped_json_api,popularity,11.0
1196,scraped_json_api,,scraped_json_api,popularity,11.0
1369,scraped_json_api,,scraped_json_api,popularity,11.0
1370,scraped_json_api,,scraped_json_api,popularity,11.0
1375,scraped_json_api,,scraped_json_api,popularity,11.0
1376,scraped_json_api,,scraped_json_api,popularity,11.0
1390,scraped_json_api,,scraped_json_api,popularity,11.0
1391,scraped_json_api,,scraped_json_api,popularity,11.0
1431,scraped_json_api,,scraped_json_api,popularity,11.0
1435,scraped_json_api,,scraped_json_api,popularity,11.0
1437,scraped_json_api,,scraped_json_api,popularity,11.0
1444,scraped_json_api,,scraped_json_api,popularity,11.0
1446,scraped_json_api,,scraped_json_api,popularity,11.0
1448,scraped_json_api,,scraped_json_api,popularity,11.0
1450,scraped_json_api,,scraped_json_api,popularity,11.0
1452,scraped_json_api,,scraped_json_api,popularity,11.0
348,scraped_json_api,,scraped_json_api,popularity,10.0
354,scraped_json_api,,scraped_json_api,popularity,10.0
355,scraped_json_api,,scraped_json_api,popularity,10.0
365,scraped_json_api,,scraped_json_api,popularity,10.0
371,scraped_json_api,,scraped_json_api,popularity,10.0
408,scraped_json_api,,scraped_json_api,popularity,10.0
604,scraped_json_api,,scraped_json_api,popularity,10.0
610,scraped_json_api,,scraped_json_api,popularity,10.0
611,scraped_json_api,,scraped_json_api,popularity,10.0
621,scraped_json_api,,scraped_json_api,popularity,10.0
627,scraped_json_api,,scraped_json_api,popularity,10.0
664,scraped_json_api,,scraped_json_api,popularity,10.0
860,scraped_json_api,,scraped_json_api,popularity,10.0
866,scraped_json_api,,scraped_json_api,popularity,10.0
867,scraped_json_api,,scraped_json_api,popularity,10.0
877,scraped_json_api,,scraped_json_api,popularity,10.0
883,scraped_json_api,,scraped_json_api,popularity,10.0
920,scraped_json_api,,scraped_json_api,popularity,10.0
1116,scraped_json_api,,scraped_json_api,popularity,10.0
1122,scraped_json_api,,scraped_json_api,popularity,10.0
1123,scraped_json_api,,scraped_json_api,popularity,10.0
1133,scraped_json_api,,scraped_json_api,popularity,10.0
1139,scraped_json_api,,scraped_json_api,popularity,10.0
1176,scraped_json_api,,scraped_json_api,popularity,10.0
1372,scraped_json_api,,scraped_json_api,popularity,10.0
1378,scraped_json_api,,scraped_json_api,popularity,10.0
1379,scraped_json_api,,scraped_json_api,popularity,10.0
1389,scraped_json_api,,scraped_json_api,popularity,10.0
1395,scraped_json_api,,scraped_json_api,popularity,10.0
1432,scraped_json_api,,scraped_json_api,popularity,10.0
343,scraped_json_api,,scraped_json_api,popularity,9.0
364,scraped_json_api,,scraped_json_api,popularity,9.0
368,scraped_json_api,,scraped_json_api,popularity,9.0
392,scraped_json_api,,scraped_json_api,popularity,9.0
599,scraped_json_api,,scraped_json_api,popularity,9.0
620,scraped_json_api,,scraped_json_api,popularity,9.0
624,scraped_json_api,,scraped_json_api,popularity,9.0
648,scraped_json_api,,scraped_json_api,popularity,9.0
855,scraped_json_api,,scraped_json_api,popularity,9.0
876,scraped_json_api,,scraped_json_api,popularity,9.0
880,scraped_json_api,,scraped_json_api,popularity,9.0
904,scraped_json_api,,scraped_json_api,popularity,9.0
1111,scraped_json_api,,scraped_json_api,popularity,9.0
1132,scraped_json_api,,scraped_json_api,popularity,9.0
1136,scraped_json_api,,scraped_json_api,popularity,9.0
1160,scraped_json_api,,scraped_json_api,popularity,9.0
1367,scraped_json_api,,scraped_json_api,popularity,9.0
1388,scraped_json_api,,scraped_json_api,popularity,9.0
1392,scraped_json_api,,scraped_json_api,popularity,9.0
1416,scraped_json_api,,scraped_json_api,popularity,9.0
361,scraped_json_api,,scraped_json_api,popularity,8.0
380,scraped_json_api,,scraped_json_api,popularity,8.0
383,scraped_json_api,,scraped_json_api,popularity,8.0
399,scraped_json_api,,scraped_json_api,popularity,8.0
617,scraped_json_api,,scraped_json_api,popularity,8.0
636,scraped_json_api,,scraped_json_api,popularity,8.0
639,scraped_json_api,,scraped_json_api,popularity,8.0
655,scraped_json_api,,scraped_json_api,popularity,8.0
873,scraped_json_api,,scraped_json_api,popularity,8.0
892,scraped_json_api,,scraped_json_api,popularity,8.0
895,scraped_json_api,,scraped_json_api,popularity,8.0
911,scraped_json_api,,scraped_json_api,popularity,8.0
1129,scraped_json_api,,scraped_json_api,popularity,8.0
1148,scraped_json_api,,scraped_json_api,popularity,8.0
1151,scraped_json_api,,scraped_json_api,popularity,8.0
1167,scraped_json_api,,scraped_json_api,popularity,8.0
1385,scraped_json_api,,scraped_json_api,popularity,8.0
1404,scraped_json_api,,scraped_json_api,popularity,8.0
1407,scraped_json_api,,scraped_json_api,popularity,8.0
1423,scraped_json_api,,scraped_json_api,popularity,8.0
373,scraped_json_api,,scraped_json_api,popularity,7.0
375,scraped_json_api,,scraped_json_api,popularity,7.0
386,scraped_json_api,,scraped_json_api,popularity,7.0
397,scraped_json_api,,scraped_json_api,popularity,7.0
402,scraped_json_api,,scraped_json_api,popularity,7.0
419,scraped_json_api,,scraped_json_api,popularity,7.0
427,scraped_json_api,,scraped_json_api,popularity,7.0
629,scraped_json_api,,scraped_json_api,popularity,7.0
631,scraped_json_api,,scraped_json_api,popularity,7.0
642,scraped_json_api,,scraped_json_api,popularity,7.0
653,scraped_json_api,,scraped_json_api,popularity,7.0
658,scraped_json_api,,scraped_json_api,popularity,7.0
675,scraped_json_api,,scraped_json_api,popularity,7.0
683,scraped_json_api,,scraped_json_api,popularity,7.0
885,scraped_json_api,,scraped_json_api,popularity,7.0
887,scraped_json_api,,scraped_json_api,popularity,7.0
898,scraped_json_api,,scraped_json_api,popularity,7.0
909,scraped_json_api,,scraped_json_api,popularity,7.0
914,scraped_json_api,,scraped_json_api,popularity,7.0
931,scraped_json_api,,scraped_json_api,popularity,7.0
939,scraped_json_api,,scraped_json_api,popularity,7.0
1141,scraped_json_api,,scraped_json_api,popularity,7.0
1143,scraped_json_api,,scraped_json_api,popularity,7.0
1154,scraped_json_api,,scraped_json_api,popularity,7.0
1165,scraped_json_api,,scraped_json_api,popularity,7.0
1170,scraped_json_api,,scraped_json_api,popularity,7.0
1187,scraped_json_api,,scraped_json_api,popularity,7.0
1195,scraped_json_api,,scraped_json_api,popularity,7.0
1397,scraped_json_api,,scraped_json_api,popularity,7.0
1399,scraped_json_api,,scraped_json_api,popularity,7.0
1410,scraped_json_api,,scraped_json_api,popularity,7.0
1421,scraped_json_api,,scraped_json_api,popularity,7.0
1426,scraped_json_api,,scraped_json_api,popularity,7.0
1443,scraped_json_api,,scraped_json_api,popularity,7.0
1451,scraped_json_api,,scraped_json_api,popularity,7.0
384,scraped_json_api,,scraped_json_api,popularity,6.0
388,scraped_json_api,,scraped_json_api,popularity,6.0
394,scraped_json_api,,scraped_json_api,popularity,6.0
640,scraped_json_api,,scraped_json_api,popularity,6.0
644,scraped_json_api,,scraped_json_api,popularity,6.0
650,scraped_json_api,,scraped_json_api,popularity,6.0
896,scraped_json_api,,scraped_json_api,popularity,6.0
900,scraped_json_api,,scraped_json_api,popularity,6.0
906,scraped_json_api,,scraped_json_api,popularity,6.0
1152,scraped_json_api,,scraped_json_api,popularity,6.0
1156,scraped_json_api,,scraped_json_api,popularity,6.0
1162,scraped_json_api,,scraped_json_api,popularity,6.0
1408,scraped_json_api,,scraped_json_api,popularity,6.0
1412,scraped_json_api,,scraped_json_api,popularity,6.0
1418,scraped_json_api,,scraped_json_api,popularity,6.0
369,scraped_json_api,,scraped_json_api,popularity,5.0
378,scraped_json_api,,scraped_json_api,popularity,5.0
381,scraped_json_api,,scraped_json_api,popularity,5.0
406,scraped_json_api,,scraped_json_api,popularity,5.0
412,scraped_json_api,,scraped_json_api,popularity,5.0
625,scraped_json_api,,scraped_json_api,popularity,5.0
634,scraped_json_api,,scraped_json_api,popularity,5.0
637,scraped_json_api,,scraped_json_api,popularity,5.0
662,scraped_json_api,,scraped_json_api,popularity,5.0
668,scraped_json_api,,scraped_json_api,popularity,5.0
881,scraped_json_api,,scraped_json_api,popularity,5.0
890,scraped_json_api,,scraped_json_api,popularity,5.0
893,scraped_json_api,,scraped_json_api,popularity,5.0
918,scraped_json_api,,scraped_json_api,popularity,5.0
924,scraped_json_api,,scraped_json_api,popularity,5.0
1137,scraped_json_api,,scraped_json_api,popularity,5.0
1146,scraped_json_api,,scraped_json_api,popularity,5.0
1149,scraped_json_api,,scraped_json_api,popularity,5.0
1174,scraped_json_api,,scraped_json_api,popularity,5.0
1180,scraped_json_api,,scraped_json_api,popularity,5.0
1393,scraped_json_api,,scraped_json_api,popularity,5.0
1402,scraped_json_api,,scraped_json_api,popularity,5.0
1405,scraped_json_api,,scraped_json_api,popularity,5.0
1430,scraped_json_api,,scraped_json_api,popularity,5.0
1436,scraped_json_api,,scraped_json_api,popularity,5.0
356,scraped_json_api,,scraped_json_api,popularity,4.0
370,scraped_json_api,,scraped_json_api,popularity,4.0
612,scraped_json_api,,scraped_json_api,popularity,4.0
626,scraped_json_api,,scraped_json_api,popularity,4.0
868,scraped_json_api,,scraped_json_api,popularity,4.0
882,scraped_json_api,,scraped_json_api,popularity,4.0
1124,scraped_json_api,,scraped_json_api,popularity,4.0
1138,scraped_json_api,,scraped_json_api,popularity,4.0
1380,scraped_json_api,,scraped_json_api,popularity,4.0
1394,scraped_json_api,,scraped_json_api,popularity,4.0
390,scraped_json_api,,scraped_json_api,popularity,3.0
405,scraped_json_api,,scraped_json_api,popularity,3.0
423,scraped_json_api,,scraped_json_api,popularity,3.0
646,scraped_json_api,,scraped_json_api,popularity,3.0
661,scraped_json_api,,scraped_json_api,popularity,3.0
679,scraped_json_api,,scraped_json_api,popularity,3.0
902,scraped_json_api,,scraped_json_api,popularity,3.0
917,scraped_json_api,,scraped_json_api,popularity,3.0
935,scraped_json_api,,scraped_json_api,popularity,3.0
1158,scraped_json_api,,scraped_json_api,popularity,3.0
1173,scraped_json_api,,scraped_json_api,popularity,3.0
1191,scraped_json_api,,scraped_json_api,popularity,3.0
1414,scraped_json_api,,scraped_json_api,popularity,3.0
1429,scraped_json_api,,scraped_json_api,popularity,3.0
1447,scraped_json_api,,scraped_json_api,popularity,3.0
48,pdf_two_column,,pdf_two_column,engagement_score,227.44
80,pdf_two_column,,pdf_two_column,engagement_score,227.44
112,pdf_two_column,,pdf_two_column,engagement_score,227.44
152,pdf_two_column,,pdf_two_column,engagement_score,227.44
193,pdf_two_column,,pdf_two_column,engagement_score,227.44
449,pdf_two_column,,pdf_two_column,engagement_score,227.44
705,pdf_two_column,,pdf_two_column,engagement_score,227.44
961,pdf_two_column,,pdf_two_column,engagement_score,227.44
1217,pdf_two_column,,pdf_two_column,engagement_score,227.44
51,word_two_column,,word_two_column,engagement_score,212.62
83,word_two_column,,word_two_column,engagement_score,212.62
115,word_two_column,,word_two_column,engagement_score,212.62
155,word_two_column,,word_two_column,engagement_score,212.62
196,word_two_column,,word_two_column,engagement_score,212.62
452,word_two_column,,word_two_column,engagement_score,212.62
708,word_two_column,,word_two_column,engagement_score,212.62
964,word_two_column,,word_two_column,engagement_score,212.62
1220,word_two_column,,word_two_column,engagement_score,212.62
50,word,,word,engagement_score,164.8
82,word,,word,engagement_score,164.8
114,word,,word,engagement_score,164.8
154,word,,word,engagement_score,164.8
195,word,,word,engagement_score,164.8
451,word,,word,engagement_score,164.8
707,word,,word,engagement_score,164.8
963,word,,word,engagement_score,164.8
1219,word,,word,engagement_score,164.8
430,ocr_pdf,,ocr_pdf,engagement_score,161.44
686,ocr_pdf,,ocr_pdf,engagement_score,161.44
942,ocr_pdf,,ocr_pdf,engagement_score,161.44
1198,ocr_pdf,,ocr_pdf,engagement_score,161.44
1454,ocr_pdf,,ocr_pdf,engagement_score,161.44
46,pdf,,pdf,engagement_score,161.14
78,pdf,,pdf,engagement_score,161.14
110,pdf,,pdf,engagement_score,161.14
150,pdf,,pdf,engagement_score,161.14
191,pdf,,pdf,engagement_score,161.14
447,pdf,,pdf,engagement_score,161.14
703,pdf,,pdf,engagement_score,161.14
959,pdf,,pdf,engagement_score,161.14
1215,pdf,,pdf,engagement_score,161.14
431,ocr_pdf,,ocr_pdf,engagement_score,140.96
687,ocr_pdf,,ocr_pdf,engagement_score,140.96
943,ocr_pdf,,ocr_pdf,engagement_score,140.96
1199,ocr_pdf,,ocr_pdf,engagement_score,140.96
1455,ocr_pdf,,ocr_pdf,engagement_score,140.96
429,ocr_image,,ocr_image,engagement_score,134.88
685,ocr_image,,ocr_image,engagement_score,134.88
941,ocr_image,,ocr_image,engagement_score,134.88
1197,ocr_image,,ocr_image,engagement_score,134.88
1453,ocr_image,,ocr_image,engagement_score,134.88
49,pdf_two_column,,pdf_two_column,engagement_score,57.6
81,pdf_two_column,,pdf_two_column,engagement_score,57.6
113,pdf_two_column,,pdf_two_column,engagement_score,57.6
153,pdf_two_column,,pdf_two_column,engagement_score,57.6
194,pdf_two_column,,pdf_two_column,engagement_score,57.6
450,pdf_two_column,,pdf_two_column,engagement_score,57.6
706,pdf_two_column,,pdf_two_column,engagement_score,57.6
962,pdf_two_column,,pdf_two_column,engagement_score,57.6
1218,pdf_two_column,,pdf_two_column,engagement_score,57.6
135,encoding_test,,encoding_test,engagement_score,48.0
175,encoding_test,,encoding_test,engagement_score,48.0
216,encoding_test,,encoding_test,engagement_score,48.0
472,encoding_test,,encoding_test,engagement_score,48.0
728,encoding_test,,encoding_test,engagement_score,48.0
984,encoding_test,,encoding_test,engagement_score,48.0
1240,encoding_test,,encoding_test,engagement_score,48.0
47,pdf,,pdf,engagement_score,45.28
79,pdf,,pdf,engagement_score,45.28
111,pdf,,pdf,engagement_score,45.28
151,pdf,,pdf,engagement_score,45.28
192,pdf,,pdf,engagement_score,45.28
448,pdf,,pdf,engagement_score,45.28
704,pdf,,pdf,engagement_score,45.28
960,pdf,,pdf,engagement_score,45.28
1216,pdf,,pdf,engagement_score,45.28
118,word_run,,word_run,engagement_score,43.84
158,word_run,,word_run,engagement_score,43.84
199,word_run,,word_run,engagement_score,43.84
455,word_run,,word_run,engagement_score,43.84
711,word_run,,word_run,engagement_score,43.84
967,word_run,,word_run,engagement_score,43.84
1223,word_run,,word_run,engagement_score,43.84
3,news_api,,news_api,engagement_score,41.6
4,news_api,,news_api,engagement_score,41.6
5,news_api,,news_api,engagement_score,41.6
6,news_api,,news_api,engagement_score,41.6
7,news_api,,news_api,engagement_score,41.6
10,news_api,,news_api,engagement_score,41.6
11,news_api,,news_api,engagement_score,41.6
12,news_api,,news_api,engagement_score,41.6
15,news_api,,news_api,engagement_score,41.6
16,news_api,,news_api,engagement_score,41.6
17,news_api,,news_api,engagement_score,41.6
18,news_api,,news_api,engagement_score,41.6
136,json,,json,engagement_score,41.6
137,json,,json,engagement_score,41.6
140,json,,json,engagement_score,41.6
144,json,,json,engagement_score,41.6
145,json,,json,engagement_score,41.6
146,json,,json,engagement_score,41.6
148,json,,json,engagement_score,41.6
177,json,,json,engagement_score,41.6
178,json,,json,engagement_score,41.6
179,json,,json,engagement_score,41.6
180,json,,json,engagement_score,41.6
182,json,,json,engagement_score,41.6
190,json,,json,engagement_score,41.6
433,json,,json,engagement_score,41.6
434,json,,json,engagement_score,41.6
438,json,,json,engagement_score,41.6
439,json,,json,engagement_score,41.6
440,json,,json,engagement_score,41.6
442,json,,json,engagement_score,41.6
446,json,,json,engagement_score,41.6
688,json,,json,engagement_score,41.6
689,json,,json,engagement_score,41.6
691,json,,json,engagement_score,41.6
692,json,,json,engagement_score,41.6
694,json,,json,engagement_score,41.6
695,json,,json,engagement_score,41.6
696,json,,json,engagement_score,41.6
698,json,,json,engagement_score,41.6
699,json,,json,engagement_score,41.6
701,json,,json,engagement_score,41.6
702,json,,json,engagement_score,41.6
947,json,,json,engagement_score,41.6
948,json,,json,engagement_score,41.6
949,json,,json,engagement_score,41.6
950,json,,json,engagement_score,41.6
951,json,,json,engagement_score,41.6
953,json,,json,engagement_score,41.6
1202,json,,json,engagement_score,41.6
1203,json,,json,engagement_score,41.6
1205,json,,json,engagement_score,41.6
1208,json,,json,engagement_score,41.6
1209,json,,json,engagement_score,41.6
1210,json,,json,engagement_score,41.6
1211,json,,json,engagement_score,41.6
1213,json,,json,engagement_score,41.6
119,word_run,,word_run,engagement_score,41.28
159,word_run,,word_run,engagement_score,41.28
200,word_run,,word_run,engagement_score,41.28
456,word_run,,word_run,engagement_score,41.28
712,word_run,,word_run,engagement_score,41.28
968,word_run,,word_run,engagement_score,41.28
1224,word_run,,word_run,engagement_score,41.28
956,json,,json,engagement_score,39.36
700,json,,json,engagement_score,39.04
955,json,,json,engagement_score,38.4
954,json,,json,engagement_score,37.6
9,news_api,,news_api,engagement_score,36.48
176,json,,json,engagement_score,36.48
2,news_api,,news_api,engagement_score,36.16
147,json,,json,engagement_score,33.6
142,json,,json,engagement_score,32.8
183,json,,json,engagement_score,31.84
187,json,,json,engagement_score,31.68
120,word_run,,word_run,engagement_score,31.04
160,word_run,,word_run,engagement_score,31.04
201,word_run,,word_run,engagement_score,31.04
457,word_run,,word_run,engagement_score,31.04
713,word_run,,word_run,engagement_score,31.04
969,word_run,,word_run,engagement_score,31.04
1225,word_run,,word_run,engagement_score,31.04
184,json,,json,engagement_score,30.88
946,json,,json,engagement_score,30.08
185,json,,json,engagement_score,29.76
432,json,,json,engagement_score,29.44
697,json,,json,engagement_score,29.44
143,json,,json,engagement_score,29.28
1,news_api,,news_api,engagement_score,28.96
693,json,,json,engagement_score,27.52
1201,json,,json,engagement_score,27.52
1204,json,,json,engagement_score,27.52
188,json,,json,engagement_score,27.36
441,json,,json,engagement_score,27.36
444,json,,json,engagement_score,25.12
1214,json,,json,engagement_score,24.8
138,json,,json,engagement_score,24.48
1200,json,,json,engagement_score,24.32
149,json,,json,engagement_score,23.52
944,json,,json,engagement_score,22.88
435,json,,json,engagement_score,22.72
690,json,,json,engagement_score,22.56
141,json,,json,engagement_score,21.6
443,json,,json,engagement_score,21.6
123,word_run,,word_run,engagement_score,20.48
163,word_run,,word_run,engagement_score,20.48
204,word_run,,word_run,engagement_score,20.48
460,word_run,,word_run,engagement_score,20.48
716,word_run,,word_run,engagement_score,20.48
972,word_run,,word_run,engagement_score,20.48
1228,word_run,,word_run,engagement_score,20.48
1212,json,,json,engagement_score,20.32
8,news_api,,news_api,engagement_score,20.0
436,json,,json,engagement_score,19.84
1207,json,,json,engagement_score,19.2
952,json,,json,engagement_score,17.6
186,json,,json,engagement_score,17.28
14,news_api,,news_api,engagement_score,17.12
57,technology,2026,excel,engagement_score,81.06
945,json,,json,engagement_score,16.16
958,json,,json,engagement_score,15.36
181,json,,json,engagement_score,14.72
60,sports,2026,excel,engagement_score,71.73
1206,json,,json,engagement_score,14.24
957,json,,json,engagement_score,14.08
56,culture,2026,excel,engagement_score,60.89
53,business,2026,excel,engagement_score,71.56
58,politics,2026,excel,engagement_score,51.26
59,business,2026,excel,engagement_score,41.52
13,news_api,,news_api,engagement_score,12.16
445,json,,json,engagement_score,12.16
54,sports,2026,excel,engagement_score,51.12
139,json,,json,engagement_score,11.68
117,word_run,,word_run,engagement_score,11.2
157,word_run,,word_run,engagement_score,11.2
198,word_run,,word_run,engagement_score,11.2
454,word_run,,word_run,engagement_score,11.2
710,word_run,,word_run,engagement_score,11.2
966,word_run,,word_run,engagement_score,11.2
1222,word_run,,word_run,engagement_score,11.2
437,json,,json,engagement_score,10.72
52,politics,2026,excel,engagement_score,41.85
55,politics,2026,excel,engagement_score,31.35
116,word_run,,word_run,engagement_score,8.0
156,word_run,,word_run,engagement_score,8.0
197,word_run,,word_run,engagement_score,8.0
453,word_run,,word_run,engagement_score,8.0
709,word_run,,word_run,engagement_score,8.0
965,word_run,,word_run,engagement_score,8.0
1221,word_run,,word_run,engagement_score,8.0
61,business,2026,excel,engagement_score,21.28
122,word_run,,word_run,engagement_score,7.84
162,word_run,,word_run,engagement_score,7.84
203,word_run,,word_run,engagement_score,7.84
363,scraped_json_api,,scraped_json_api,engagement_score,7.84
459,word_run,,word_run,engagement_score,7.84
619,scraped_json_api,,scraped_json_api,engagement_score,7.84
715,word_run,,word_run,engagement_score,7.84
875,scraped_json_api,,scraped_json_api,engagement_score,7.84
971,word_run,,word_run,engagement_score,7.84
1131,scraped_json_api,,scraped_json_api,engagement_score,7.84
1227,word_run,,word_run,engagement_score,7.84
1387,scraped_json_api,,scraped_json_api,engagement_score,7.84
425,scraped_json_api,,scraped_json_api,engagement_score,7.52
681,scraped_json_api,,scraped_json_api,engagement_score,7.52
937,scraped_json_api,,scraped_json_api,engagement_score,7.52
1193,scraped_json_api,,scraped_json_api,engagement_score,7.52
1449,scraped_json_api,,scraped_json_api,engagement_score,7.52
121,word_run,,word_run,engagement_score,6.88
161,word_run,,word_run,engagement_score,6.88
202,word_run,,word_run,engagement_score,6.88
458,word_run,,word_run,engagement_score,6.88
714,word_run,,word_run,engagement_score,6.88
970,word_run,,word_run,engagement_score,6.88
1226,word_run,,word_run,engagement_score,6.88
393,scraped_json_api,,scraped_json_api,engagement_score,6.56
649,scraped_json_api,,scraped_json_api,engagement_score,6.56
905,scraped_json_api,,scraped_json_api,engagement_score,6.56
1161,scraped_json_api,,scraped_json_api,engagement_score,6.56
1417,scraped_json_api,,scraped_json_api,engagement_score,6.56
189,json,,json,engagement_score,5.76
409,scraped_json_api,,scraped_json_api,engagement_score,5.12
665,scraped_json_api,,scraped_json_api,engagement_score,5.12
921,scraped_json_api,,scraped_json_api,engagement_score,5.12
1177,scraped_json_api,,scraped_json_api,engagement_score,5.12
1433,scraped_json_api,,scraped_json_api,engagement_score,5.12
359,scraped_json_api,,scraped_json_api,engagement_score,4.96
615,scraped_json_api,,scraped_json_api,engagement_score,4.96
871,scraped_json_api,,scraped_json_api,engagement_score,4.96
1127,scraped_json_api,,scraped_json_api,engagement_score,4.96
1383,scraped_json_api,,scraped_json_api,engagement_score,4.96
398,scraped_json_api,,scraped_json_api,engagement_score,3.84
404,scraped_json_api,,scraped_json_api,engagement_score,3.84
654,scraped_json_api,,scraped_json_api,engagement_score,3.84
660,scraped_json_api,,scraped_json_api,engagement_score,3.84
910,scraped_json_api,,scraped_json_api,engagement_score,3.84
916,scraped_json_api,,scraped_json_api,engagement_score,3.84
1166,scraped_json_api,,scraped_json_api,engagement_score,3.84
1172,scraped_json_api,,scraped_json_api,engagement_score,3.84
1422,scraped_json_api,,scraped_json_api,engagement_score,3.84
1428,scraped_json_api,,scraped_json_api,engagement_score,3.84
376,scraped_json_api,,scraped_json_api,engagement_score,3.68
382,scraped_json_api,,scraped_json_api,engagement_score,3.68
632,scraped_json_api,,scraped_json_api,engagement_score,3.68
638,scraped_json_api,,scraped_json_api,engagement_score,3.68
888,scraped_json_api,,scraped_json_api,engagement_score,3.68
894,scraped_json_api,,scraped_json_api,engagement_score,3.68
1144,scraped_json_api,,scraped_json_api,engagement_score,3.68
1150,scraped_json_api,,scraped_json_api,engagement_score,3.68
1400,scraped_json_api,,scraped_json_api,engagement_score,3.68
1406,scraped_json_api,,scraped_json_api,engagement_score,3.68
396,scraped_json_api,,scraped_json_api,engagement_score,3.2
652,scraped_json_api,,scraped_json_api,engagement_score,3.2
908,scraped_json_api,,scraped_json_api,engagement_score,3.2
1164,scraped_json_api,,scraped_json_api,engagement_score,3.2
1420,scraped_json_api,,scraped_json_api,engagement_score,3.2
347,scraped_json_api,,scraped_json_api,engagement_score,3.04
414,scraped_json_api,,scraped_json_api,engagement_score,3.04
421,scraped_json_api,,scraped_json_api,engagement_score,3.04
603,scraped_json_api,,scraped_json_api,engagement_score,3.04
670,scraped_json_api,,scraped_json_api,engagement_score,3.04
677,scraped_json_api,,scraped_json_api,engagement_score,3.04
859,scraped_json_api,,scraped_json_api,engagement_score,3.04
926,scraped_json_api,,scraped_json_api,engagement_score,3.04
933,scraped_json_api,,scraped_json_api,engagement_score,3.04
1115,scraped_json_api,,scraped_json_api,engagement_score,3.04
1182,scraped_json_api,,scraped_json_api,engagement_score,3.04
1189,scraped_json_api,,scraped_json_api,engagement_score,3.04
1371,scraped_json_api,,scraped_json_api,engagement_score,3.04
1438,scraped_json_api,,scraped_json_api,engagement_score,3.04
1445,scraped_json_api,,scraped_json_api,engagement_score,3.04
344,scraped_json_api,,scraped_json_api,engagement_score,2.88
387,scraped_json_api,,scraped_json_api,engagement_score,2.88
400,scraped_json_api,,scraped_json_api,engagement_score,2.88
600,scraped_json_api,,scraped_json_api,engagement_score,2.88
643,scraped_json_api,,scraped_json_api,engagement_score,2.88
656,scraped_json_api,,scraped_json_api,engagement_score,2.88
856,scraped_json_api,,scraped_json_api,engagement_score,2.88
899,scraped_json_api,,scraped_json_api,engagement_score,2.88
912,scraped_json_api,,scraped_json_api,engagement_score,2.88
1112,scraped_json_api,,scraped_json_api,engagement_score,2.88
1155,scraped_json_api,,scraped_json_api,engagement_score,2.88
1168,scraped_json_api,,scraped_json_api,engagement_score,2.88
1368,scraped_json_api,,scraped_json_api,engagement_score,2.88
1411,scraped_json_api,,scraped_json_api,engagement_score,2.88
1424,scraped_json_api,,scraped_json_api,engagement_score,2.88
342,scraped_json_api,,scraped_json_api,engagement_score,2.72
349,scraped_json_api,,scraped_json_api,engagement_score,2.72
353,scraped_json_api,,scraped_json_api,engagement_score,2.72
360,scraped_json_api,,scraped_json_api,engagement_score,2.72
598,scraped_json_api,,scraped_json_api,engagement_score,2.72
605,scraped_json_api,,scraped_json_api,engagement_score,2.72
609,scraped_json_api,,scraped_json_api,engagement_score,2.72
616,scraped_json_api,,scraped_json_api,engagement_score,2.72
854,scraped_json_api,,scraped_json_api,engagement_score,2.72
861,scraped_json_api,,scraped_json_api,engagement_score,2.72
865,scraped_json_api,,scraped_json_api,engagement_score,2.72
872,scraped_json_api,,scraped_json_api,engagement_score,2.72
1110,scraped_json_api,,scraped_json_api,engagement_score,2.72
1117,scraped_json_api,,scraped_json_api,engagement_score,2.72
1121,scraped_json_api,,scraped_json_api,engagement_score,2.72
1128,scraped_json_api,,scraped_json_api,engagement_score,2.72
1366,scraped_json_api,,scraped_json_api,engagement_score,2.72
1373,scraped_json_api,,scraped_json_api,engagement_score,2.72
1377,scraped_json_api,,scraped_json_api,engagement_score,2.72
1384,scraped_json_api,,scraped_json_api,engagement_score,2.72
374,scraped_json_api,,scraped_json_api,engagement_score,2.56
377,scraped_json_api,,scraped_json_api,engagement_score,2.56
385,scraped_json_api,,scraped_json_api,engagement_score,2.56
389,scraped_json_api,,scraped_json_api,engagement_score,2.56
395,scraped_json_api,,scraped_json_api,engagement_score,2.56
630,scraped_json_api,,scraped_json_api,engagement_score,2.56
633,scraped_json_api,,scraped_json_api,engagement_score,2.56
641,scraped_json_api,,scraped_json_api,engagement_score,2.56
645,scraped_json_api,,scraped_json_api,engagement_score,2.56
651,scraped_json_api,,scraped_json_api,engagement_score,2.56
886,scraped_json_api,,scraped_json_api,engagement_score,2.56
889,scraped_json_api,,scraped_json_api,engagement_score,2.56
897,scraped_json_api,,scraped_json_api,engagement_score,2.56
901,scraped_json_api,,scraped_json_api,engagement_score,2.56
907,scraped_json_api,,scraped_json_api,engagement_score,2.56
1142,scraped_json_api,,scraped_json_api,engagement_score,2.56
1145,scraped_json_api,,scraped_json_api,engagement_score,2.56
1153,scraped_json_api,,scraped_json_api,engagement_score,2.56
1157,scraped_json_api,,scraped_json_api,engagement_score,2.56
1163,scraped_json_api,,scraped_json_api,engagement_score,2.56
1398,scraped_json_api,,scraped_json_api,engagement_score,2.56
1401,scraped_json_api,,scraped_json_api,engagement_score,2.56
1409,scraped_json_api,,scraped_json_api,engagement_score,2.56
1413,scraped_json_api,,scraped_json_api,engagement_score,2.56
1419,scraped_json_api,,scraped_json_api,engagement_score,2.56
62,excel_summary,,excel_summary,engagement_score,2.4
94,excel_summary,,excel_summary,engagement_score,2.4
134,excel_summary,,excel_summary,engagement_score,2.4
174,excel_summary,,excel_summary,engagement_score,2.4
215,excel_summary,,excel_summary,engagement_score,2.4
217,scraped_html,,scraped_html,engagement_score,2.4
218,scraped_html,,scraped_html,engagement_score,2.4
219,scraped_html,,scraped_html,engagement_score,2.4
220,scraped_html,,scraped_html,engagement_score,2.4
221,scraped_html,,scraped_html,engagement_score,2.4
222,scraped_html,,scraped_html,engagement_score,2.4
223,scraped_html,,scraped_html,engagement_score,2.4
224,scraped_html,,scraped_html,engagement_score,2.4
225,scraped_html,,scraped_html,engagement_score,2.4
226,scraped_html,,scraped_html,engagement_score,2.4
227,scraped_html,,scraped_html,engagement_score,2.4
228,scraped_html,,scraped_html,engagement_score,2.4
229,scraped_html,,scraped_html,engagement_score,2.4
230,scraped_html,,scraped_html,engagement_score,2.4
231,scraped_html,,scraped_html,engagement_score,2.4
232,scraped_html,,scraped_html,engagement_score,2.4
233,scraped_html,,scraped_html,engagement_score,2.4
234,scraped_html,,scraped_html,engagement_score,2.4
235,scraped_html,,scraped_html,engagement_score,2.4
236,scraped_html,,scraped_html,engagement_score,2.4
237,scraped_html,,scraped_html,engagement_score,2.4
238,scraped_html,,scraped_html,engagement_score,2.4
239,scraped_html,,scraped_html,engagement_score,2.4
240,scraped_html,,scraped_html,engagement_score,2.4
241,scraped_html,,scraped_html,engagement_score,2.4
242,scraped_html_paginated,,scraped_html_paginated,engagement_score,2.4
243,scraped_html_paginated,,scraped_html_paginated,engagement_score,2.4
244,scraped_html_paginated,,scraped_html_paginated,engagement_score,2.4
245,scraped_html_paginated,,scraped_html_paginated,engagement_score,2.4
246,scraped_html_paginated,,scraped_html_paginated,engagement_score,2.4
247,scraped_html_paginated,,scraped_html_paginated,engagement_score,2.4
248,scraped_html_paginated,,scraped_html_paginated,engagement_score,2.4
249,scraped_html_paginated,,scraped_html_paginated,engagement_score,2.4
250,scraped_html_paginated,,scraped_html_paginated,engagement_score,2.4
251,scraped_html_paginated,,scraped_html_paginated,engagement_score,2.4
252,scraped_html_paginated,,scraped_html_paginated,engagement_score,2.4
253,scraped_html_paginated,,scraped_html_paginated,engagement_score,2.4
254,scraped_html_paginated,,scraped_html_paginated,engagement_score,2.4
255,scraped_html_paginated,,scraped_html_paginated,engagement_score,2.4
256,scraped_html_paginated,,scraped_html_paginated,engagement_score,2.4
257,scraped_html_paginated,,scraped_html_paginated,engagement_score,2.4
258,scraped_html_paginated,,scraped_html_paginated,engagement_score,2.4
259,scraped_html_paginated,,scraped_html_paginated,engagement_score,2.4
260,scraped_html_paginated,,scraped_html_paginated,engagement_score,2.4
261,scraped_html_paginated,,scraped_html_paginated,engagement_score,2.4
262,scraped_html_paginated,,scraped_html_paginated,engagement_score,2.4
263,scraped_html_paginated,,scraped_html_paginated,engagement_score,2.4
264,scraped_html_paginated,,scraped_html_paginated,engagement_score,2.4
265,scraped_html_paginated,,scraped_html_paginated,engagement_score,2.4
266,scraped_html_paginated,,scraped_html_paginated,engagement_score,2.4
267,scraped_html_paginated,,scraped_html_paginated,engagement_score,2.4
268,scraped_html_paginated,,scraped_html_paginated,engagement_score,2.4
269,scraped_html_paginated,,scraped_html_paginated,engagement_score,2.4
270,scraped_html_paginated,,scraped_html_paginated,engagement_score,2.4
271,scraped_html_paginated,,scraped_html_paginated,engagement_score,2.4
272,scraped_html_paginated,,scraped_html_paginated,engagement_score,2.4
273,scraped_html_paginated,,scraped_html_paginated,engagement_score,2.4
274,scraped_html_paginated,,scraped_html_paginated,engagement_score,2.4
275,scraped_html_paginated,,scraped_html_paginated,engagement_score,2.4
276,scraped_html_paginated,,scraped_html_paginated,engagement_score,2.4
277,scraped_html_paginated,,scraped_html_paginated,engagement_score,2.4
278,scraped_html_paginated,,scraped_html_paginated,engagement_score,2.4
279,scraped_html_paginated,,scraped_html_paginated,engagement_score,2.4
280,scraped_html_paginated,,scraped_html_paginated,engagement_score,2.4
281,scraped_html_paginated,,scraped_html_paginated,engagement_score,2.4
282,scraped_html_paginated,,scraped_html_paginated,engagement_score,2.4
283,scraped_html_paginated,,scraped_html_paginated,engagement_score,2.4
284,scraped_html_paginated,,scraped_html_paginated,engagement_score,2.4
285,scraped_html_paginated,,scraped_html_paginated,engagement_score,2.4
286,scraped_html_paginated,,scraped_html_paginated,engagement_score,2.4
287,scraped_html_paginated,,scraped_html_paginated,engagement_score,2.4
288,scraped_html_paginated,,scraped_html_paginated,engagement_score,2.4
289,scraped_html_paginated,,scraped_html_paginated,engagement_score,2.4
290,scraped_html_paginated,,scraped_html_paginated,engagement_score,2.4
291,scraped_html_paginated,,scraped_html_paginated,engagement_score,2.4
292,scraped_html_paginated,,scraped_html_paginated,engagement_score,2.4
293,scraped_html_paginated,,scraped_html_paginated,engagement_score,2.4
294,scraped_html_paginated,,scraped_html_paginated,engagement_score,2.4
295,scraped_html_paginated,,scraped_html_paginated,engagement_score,2.4
296,scraped_html_paginated,,scraped_html_paginated,engagement_score,2.4
297,scraped_html_paginated,,scraped_html_paginated,engagement_score,2.4
298,scraped_html_paginated,,scraped_html_paginated,engagement_score,2.4
299,scraped_html_paginated,,scraped_html_paginated,engagement_score,2.4
300,scraped_html_paginated,,scraped_html_paginated,engagement_score,2.4
301,scraped_html_paginated,,scraped_html_paginated,engagement_score,2.4
302,scraped_html_paginated,,scraped_html_paginated,engagement_score,2.4
303,scraped_html_paginated,,scraped_html_paginated,engagement_score,2.4
304,scraped_html_paginated,,scraped_html_paginated,engagement_score,2.4
305,scraped_html_paginated,,scraped_html_paginated,engagement_score,2.4
306,scraped_html_paginated,,scraped_html_paginated,engagement_score,2.4
307,scraped_html_paginated,,scraped_html_paginated,engagement_score,2.4
308,scraped_html_paginated,,scraped_html_paginated,engagement_score,2.4
309,scraped_html_paginated,,scraped_html_paginated,engagement_score,2.4
310,scraped_html_paginated,,scraped_html_paginated,engagement_score,2.4
311,scraped_html_paginated,,scraped_html_paginated,engagement_score,2.4
312,scraped_html_paginated,,scraped_html_paginated,engagement_score,2.4
313,scraped_html_paginated,,scraped_html_paginated,engagement_score,2.4
314,scraped_html_paginated,,scraped_html_paginated,engagement_score,2.4
315,scraped_html_paginated,,scraped_html_paginated,engagement_score,2.4
316,scraped_html_paginated,,scraped_html_paginated,engagement_score,2.4
317,scraped_html_paginated,,scraped_html_paginated,engagement_score,2.4
318,scraped_html_paginated,,scraped_html_paginated,engagement_score,2.4
319,scraped_html_paginated,,scraped_html_paginated,engagement_score,2.4
320,scraped_html_paginated,,scraped_html_paginated,engagement_score,2.4
321,scraped_html_paginated,,scraped_html_paginated,engagement_score,2.4
322,scraped_html_paginated,,scraped_html_paginated,engagement_score,2.4
323,scraped_html_paginated,,scraped_html_paginated,engagement_score,2.4
324,scraped_html_paginated,,scraped_html_paginated,engagement_score,2.4
325,scraped_html_paginated,,scraped_html_paginated,engagement_score,2.4
326,scraped_html_paginated,,scraped_html_paginated,engagement_score,2.4
327,scraped_html_paginated,,scraped_html_paginated,engagement_score,2.4
328,scraped_html_paginated,,scraped_html_paginated,engagement_score,2.4
329,scraped_html_paginated,,scraped_html_paginated,engagement_score,2.4
330,scraped_html_paginated,,scraped_html_paginated,engagement_score,2.4
331,scraped_html_paginated,,scraped_html_paginated,engagement_score,2.4
332,scraped_html_paginated,,scraped_html_paginated,engagement_score,2.4
333,scraped_html_paginated,,scraped_html_paginated,engagement_score,2.4
334,scraped_html_paginated,,scraped_html_paginated,engagement_score,2.4
335,scraped_html_paginated,,scraped_html_paginated,engagement_score,2.4
336,scraped_html_paginated,,scraped_html_paginated,engagement_score,2.4
337,scraped_html_paginated,,scraped_html_paginated,engagement_score,2.4
338,scraped_html_paginated,,scraped_html_paginated,engagement_score,2.4
339,scraped_html_paginated,,scraped_html_paginated,engagement_score,2.4
340,scraped_html_paginated,,scraped_html_paginated,engagement_score,2.4
341,scraped_html_paginated,,scraped_html_paginated,engagement_score,2.4
358,scraped_json_api,,scraped_json_api,engagement_score,2.4
401,scraped_json_api,,scraped_json_api,engagement_score,2.4
415,scraped_json_api,,scraped_json_api,engagement_score,2.4
416,scraped_json_api,,scraped_json_api,engagement_score,2.4
417,scraped_json_api,,scraped_json_api,engagement_score,2.4
418,scraped_json_api,,scraped_json_api,engagement_score,2.4
471,excel_summary,,excel_summary,engagement_score,2.4
473,scraped_html,,scraped_html,engagement_score,2.4
474,scraped_html,,scraped_html,engagement_score,2.4
475,scraped_html,,scraped_html,engagement_score,2.4
476,scraped_html,,scraped_html,engagement_score,2.4
477,scraped_html,,scraped_html,engagement_score,2.4
478,scraped_html,,scraped_html,engagement_score,2.4
479,scraped_html,,scraped_html,engagement_score,2.4
480,scraped_html,,scraped_html,engagement_score,2.4
481,scraped_html,,scraped_html,engagement_score,2.4
482,scraped_html,,scraped_html,engagement_score,2.4
483,scraped_html,,scraped_html,engagement_score,2.4
484,scraped_html,,scraped_html,engagement_score,2.4
485,scraped_html,,scraped_html,engagement_score,2.4
486,scraped_html,,scraped_html,engagement_score,2.4
487,scraped_html,,scraped_html,engagement_score,2.4
488,scraped_html,,scraped_html,engagement_score,2.4
489,scraped_html,,scraped_html,engagement_score,2.4
490,scraped_html,,scraped_html,engagement_score,2.4
491,scraped_html,,scraped_html,engagement_score,2.4
492,scraped_html,,scraped_html,engagement_score,2.4
493,scraped_html,,scraped_html,engagement_score,2.4
494,scraped_html,,scraped_html,engagement_score,2.4
495,scraped_html,,scraped_html,engagement_score,2.4
496,scraped_html,,scraped_html,engagement_score,2.4
497,scraped_html,,scraped_html,engagement_score,2.4
498,scraped_html_paginated,,scraped_html_paginated,engagement_score,2.4
499,scraped_html_paginated,,scraped_html_paginated,engagement_score,2.4
500,scraped_html_paginated,,scraped_html_paginated,engagement_score,2.4
501,scraped_html_paginated,,scraped_html_paginated,engagement_score,2.4
502,scraped_html_paginated,,scraped_html_paginated,engagement_score,2.4
503,scraped_html_paginated,,scraped_html_paginated,engagement_score,2.4
504,scraped_html_paginated,,scraped_html_paginated,engagement_score,2.4
505,scraped_html_paginated,,scraped_html_paginated,engagement_score,2.4
506,scraped_html_paginated,,scraped_html_paginated,engagement_score,2.4
507,scraped_html_paginated,,scraped_html_paginated,engagement_score,2.4
508,scraped_html_paginated,,scraped_html_paginated,engagement_score,2.4
509,scraped_html_paginated,,scraped_html_paginated,engagement_score,2.4
510,scraped_html_paginated,,scraped_html_paginated,engagement_score,2.4
511,scraped_html_paginated,,scraped_html_paginated,engagement_score,2.4
512,scraped_html_paginated,,scraped_html_paginated,engagement_score,2.4
513,scraped_html_paginated,,scraped_html_paginated,engagement_score,2.4
514,scraped_html_paginated,,scraped_html_paginated,engagement_score,2.4
515,scraped_html_paginated,,scraped_html_paginated,engagement_score,2.4
516,scraped_html_paginated,,scraped_html_paginated,engagement_score,2.4
517,scraped_html_paginated,,scraped_html_paginated,engagement_score,2.4
518,scraped_html_paginated,,scraped_html_paginated,engagement_score,2.4
519,scraped_html_paginated,,scraped_html_paginated,engagement_score,2.4
520,scraped_html_paginated,,scraped_html_paginated,engagement_score,2.4
521,scraped_html_paginated,,scraped_html_paginated,engagement_score,2.4
522,scraped_html_paginated,,scraped_html_paginated,engagement_score,2.4
523,scraped_html_paginated,,scraped_html_paginated,engagement_score,2.4
524,scraped_html_paginated,,scraped_html_paginated,engagement_score,2.4
525,scraped_html_paginated,,scraped_html_paginated,engagement_score,2.4
526,scraped_html_paginated,,scraped_html_paginated,engagement_score,2.4
527,scraped_html_paginated,,scraped_html_paginated,engagement_score,2.4
528,scraped_html_paginated,,scraped_html_paginated,engagement_score,2.4
529,scraped_html_paginated,,scraped_html_paginated,engagement_score,2.4
530,scraped_html_paginated,,scraped_html_paginated,engagement_score,2.4
531,scraped_html_paginated,,scraped_html_paginated,engagement_score,2.4
532,scraped_html_paginated,,scraped_html_paginated,engagement_score,2.4
533,scraped_html_paginated,,scraped_html_paginated,engagement_score,2.4
534,scraped_html_paginated,,scraped_html_paginated,engagement_score,2.4
535,scraped_html_paginated,,scraped_html_paginated,engagement_score,2.4
536,scraped_html_paginated,,scraped_html_paginated,engagement_score,2.4
537,scraped_html_paginated,,scraped_html_paginated,engagement_score,2.4
538,scraped_html_paginated,,scraped_html_paginated,engagement_score,2.4
539,scraped_html_paginated,,scraped_html_paginated,engagement_score,2.4
540,scraped_html_paginated,,scraped_html_paginated,engagement_score,2.4
541,scraped_html_paginated,,scraped_html_paginated,engagement_score,2.4
542,scraped_html_paginated,,scraped_html_paginated,engagement_score,2.4
543,scraped_html_paginated,,scraped_html_paginated,engagement_score,2.4
544,scraped_html_paginated,,scraped_html_paginated,engagement_score,2.4
545,scraped_html_paginated,,scraped_html_paginated,engagement_score,2.4
546,scraped_html_paginated,,scraped_html_paginated,engagement_score,2.4
547,scraped_html_paginated,,scraped_html_paginated,engagement_score,2.4
548,scraped_html_paginated,,scraped_html_paginated,engagement_score,2.4
549,scraped_html_paginated,,scraped_html_paginated,engagement_score,2.4
550,scraped_html_paginated,,scraped_html_paginated,engagement_score,2.4
551,scraped_html_paginated,,scraped_html_paginated,engagement_score,2.4
552,scraped_html_paginated,,scraped_html_paginated,engagement_score,2.4
553,scraped_html_paginated,,scraped_html_paginated,engagement_score,2.4
554,scraped_html_paginated,,scraped_html_paginated,engagement_score,2.4
555,scraped_html_paginated,,scraped_html_paginated,engagement_score,2.4
556,scraped_html_paginated,,scraped_html_paginated,engagement_score,2.4
557,scraped_html_paginated,,scraped_html_paginated,engagement_score,2.4
558,scraped_html_paginated,,scraped_html_paginated,engagement_score,2.4
559,scraped_html_paginated,,scraped_html_paginated,engagement_score,2.4
560,scraped_html_paginated,,scraped_html_paginated,engagement_score,2.4
561,scraped_html_paginated,,scraped_html_paginated,engagement_score,2.4
562,scraped_html_paginated,,scraped_html_paginated,engagement_score,2.4
563,scraped_html_paginated,,scraped_html_paginated,engagement_score,2.4
564,scraped_html_paginated,,scraped_html_paginated,engagement_score,2.4
565,scraped_html_paginated,,scraped_html_paginated,engagement_score,2.4
566,scraped_html_paginated,,scraped_html_paginated,engagement_score,2.4
567,scraped_html_paginated,,scraped_html_paginated,engagement_score,2.4
568,scraped_html_paginated,,scraped_html_paginated,engagement_score,2.4
569,scraped_html_paginated,,scraped_html_paginated,engagement_score,2.4
570,scraped_html_paginated,,scraped_html_paginated,engagement_score,2.4
571,scraped_html_paginated,,scraped_html_paginated,engagement_score,2.4
572,scraped_html_paginated,,scraped_html_paginated,engagement_score,2.4
573,scraped_html_paginated,,scraped_html_paginated,engagement_score,2.4
574,scraped_html_paginated,,scraped_html_paginated,engagement_score,2.4
575,scraped_html_paginated,,scraped_html_paginated,engagement_score,2.4
576,scraped_html_paginated,,scraped_html_paginated,engagement_score,2.4
577,scraped_html_paginated,,scraped_html_paginated,engagement_score,2.4
578,scraped_html_paginated,,scraped_html_paginated,engagement_score,2.4
579,scraped_html_paginated,,scraped_html_paginated,engagement_score,2.4
580,scraped_html_paginated,,scraped_html_paginated,engagement_score,2.4
581,scraped_html_paginated,,scraped_html_paginated,engagement_score,2.4
582,scraped_html_paginated,,scraped_html_paginated,engagement_score,2.4
583,scraped_html_paginated,,scraped_html_paginated,engagement_score,2.4
584,scraped_html_paginated,,scraped_html_paginated,engagement_score,2.4
585,scraped_html_paginated,,scraped_html_paginated,engagement_score,2.4
586,scraped_html_paginated,,scraped_html_paginated,engagement_score,2.4
587,scraped_html_paginated,,scraped_html_paginated,engagement_score,2.4
588,scraped_html_paginated,,scraped_html_paginated,engagement_score,2.4
589,scraped_html_paginated,,scraped_html_paginated,engagement_score,2.4
590,scraped_html_paginated,,scraped_html_paginated,engagement_score,2.4
591,scraped_html_paginated,,scraped_html_paginated,engagement_score,2.4
592,scraped_html_paginated,,scraped_html_paginated,engagement_score,2.4
593,scraped_html_paginated,,scraped_html_paginated,engagement_score,2.4
594,scraped_html_paginated,,scraped_html_paginated,engagement_score,2.4
595,scraped_html_paginated,,scraped_html_paginated,engagement_score,2.4
596,scraped_html_paginated,,scraped_html_paginated,engagement_score,2.4
597,scraped_html_paginated,,scraped_html_paginated,engagement_score,2.4
614,scraped_json_api,,scraped_json_api,engagement_score,2.4
657,scraped_json_api,,scraped_json_api,engagement_score,2.4
671,scraped_json_api,,scraped_json_api,engagement_score,2.4
672,scraped_json_api,,scraped_json_api,engagement_score,2.4
673,scraped_json_api,,scraped_json_api,engagement_score,2.4
674,scraped_json_api,,scraped_json_api,engagement_score,2.4
727,excel_summary,,excel_summary,engagement_score,2.4
729,scraped_html,,scraped_html,engagement_score,2.4
730,scraped_html,,scraped_html,engagement_score,2.4
731,scraped_html,,scraped_html,engagement_score,2.4
732,scraped_html,,scraped_html,engagement_score,2.4
733,scraped_html,,scraped_html,engagement_score,2.4
734,scraped_html,,scraped_html,engagement_score,2.4
735,scraped_html,,scraped_html,engagement_score,2.4
736,scraped_html,,scraped_html,engagement_score,2.4
737,scraped_html,,scraped_html,engagement_score,2.4
738,scraped_html,,scraped_html,engagement_score,2.4
739,scraped_html,,scraped_html,engagement_score,2.4
740,scraped_html,,scraped_html,engagement_score,2.4
741,scraped_html,,scraped_html,engagement_score,2.4
742,scraped_html,,scraped_html,engagement_score,2.4
743,scraped_html,,scraped_html,engagement_score,2.4
744,scraped_html,,scraped_html,engagement_score,2.4
745,scraped_html,,scraped_html,engagement_score,2.4
746,scraped_html,,scraped_html,engagement_score,2.4
747,scraped_html,,scraped_html,engagement_score,2.4
748,scraped_html,,scraped_html,engagement_score,2.4
749,scraped_html,,scraped_html,engagement_score,2.4
750,scraped_html,,scraped_html,engagement_score,2.4
751,scraped_html,,scraped_html,engagement_score,2.4
752,scraped_html,,scraped_html,engagement_score,2.4
753,scraped_html,,scraped_html,engagement_score,2.4
754,scraped_html_paginated,,scraped_html_paginated,engagement_score,2.4
755,scraped_html_paginated,,scraped_html_paginated,engagement_score,2.4
756,scraped_html_paginated,,scraped_html_paginated,engagement_score,2.4
757,scraped_html_paginated,,scraped_html_paginated,engagement_score,2.4
758,scraped_html_paginated,,scraped_html_paginated,engagement_score,2.4
759,scraped_html_paginated,,scraped_html_paginated,engagement_score,2.4
760,scraped_html_paginated,,scraped_html_paginated,engagement_score,2.4
761,scraped_html_paginated,,scraped_html_paginated,engagement_score,2.4
762,scraped_html_paginated,,scraped_html_paginated,engagement_score,2.4
763,scraped_html_paginated,,scraped_html_paginated,engagement_score,2.4
764,scraped_html_paginated,,scraped_html_paginated,engagement_score,2.4
765,scraped_html_paginated,,scraped_html_paginated,engagement_score,2.4
766,scraped_html_paginated,,scraped_html_paginated,engagement_score,2.4
767,scraped_html_paginated,,scraped_html_paginated,engagement_score,2.4
768,scraped_html_paginated,,scraped_html_paginated,engagement_score,2.4
769,scraped_html_paginated,,scraped_html_paginated,engagement_score,2.4
770,scraped_html_paginated,,scraped_html_paginated,engagement_score,2.4
771,scraped_html_paginated,,scraped_html_paginated,engagement_score,2.4
772,scraped_html_paginated,,scraped_html_paginated,engagement_score,2.4
773,scraped_html_paginated,,scraped_html_paginated,engagement_score,2.4
774,scraped_html_paginated,,scraped_html_paginated,engagement_score,2.4
775,scraped_html_paginated,,scraped_html_paginated,engagement_score,2.4
776,scraped_html_paginated,,scraped_html_paginated,engagement_score,2.4
777,scraped_html_paginated,,scraped_html_paginated,engagement_score,2.4
778,scraped_html_paginated,,scraped_html_paginated,engagement_score,2.4
779,scraped_html_paginated,,scraped_html_paginated,engagement_score,2.4
780,scraped_html_paginated,,scraped_html_paginated,engagement_score,2.4
781,scraped_html_paginated,,scraped_html_paginated,engagement_score,2.4
782,scraped_html_paginated,,scraped_html_paginated,engagement_score,2.4
783,scraped_html_paginated,,scraped_html_paginated,engagement_score,2.4
784,scraped_html_paginated,,scraped_html_paginated,engagement_score,2.4
785,scraped_html_paginated,,scraped_html_paginated,engagement_score,2.4
786,scraped_html_paginated,,scraped_html_paginated,engagement_score,2.4
787,scraped_html_paginated,,scraped_html_paginated,engagement_score,2.4
788,scraped_html_paginated,,scraped_html_paginated,engagement_score,2.4
789,scraped_html_paginated,,scraped_html_paginated,engagement_score,2.4
790,scraped_html_paginated,,scraped_html_paginated,engagement_score,2.4
791,scraped_html_paginated,,scraped_html_paginated,engagement_score,2.4
792,scraped_html_paginated,,scraped_html_paginated,engagement_score,2.4
793,scraped_html_paginated,,scraped_html_paginated,engagement_score,2.4
794,scraped_html_paginated,,scraped_html_paginated,engagement_score,2.4
795,scraped_html_paginated,,scraped_html_paginated,engagement_score,2.4
796,scraped_html_paginated,,scraped_html_paginated,engagement_score,2.4
797,scraped_html_paginated,,scraped_html_paginated,engagement_score,2.4
798,scraped_html_paginated,,scraped_html_paginated,engagement_score,2.4
799,scraped_html_paginated,,scraped_html_paginated,engagement_score,2.4
800,scraped_html_paginated,,scraped_html_paginated,engagement_score,2.4
801,scraped_html_paginated,,scraped_html_paginated,engagement_score,2.4
802,scraped_html_paginated,,scraped_html_paginated,engagement_score,2.4
803,scraped_html_paginated,,scraped_html_paginated,engagement_score,2.4
804,scraped_html_paginated,,scraped_html_paginated,engagement_score,2.4
805,scraped_html_paginated,,scraped_html_paginated,engagement_score,2.4
806,scraped_html_paginated,,scraped_html_paginated,engagement_score,2.4
807,scraped_html_paginated,,scraped_html_paginated,engagement_score,2.4
808,scraped_html_paginated,,scraped_html_paginated,engagement_score,2.4
809,scraped_html_paginated,,scraped_html_paginated,engagement_score,2.4
810,scraped_html_paginated,,scraped_html_paginated,engagement_score,2.4
811,scraped_html_paginated,,scraped_html_paginated,engagement_score,2.4
812,scraped_html_paginated,,scraped_html_paginated,engagement_score,2.4
813,scraped_html_paginated,,scraped_html_paginated,engagement_score,2.4
814,scraped_html_paginated,,scraped_html_paginated,engagement_score,2.4
815,scraped_html_paginated,,scraped_html_paginated,engagement_score,2.4
816,scraped_html_paginated,,scraped_html_paginated,engagement_score,2.4
817,scraped_html_paginated,,scraped_html_paginated,engagement_score,2.4
818,scraped_html_paginated,,scraped_html_paginated,engagement_score,2.4
819,scraped_html_paginated,,scraped_html_paginated,engagement_score,2.4
820,scraped_html_paginated,,scraped_html_paginated,engagement_score,2.4
821,scraped_html_paginated,,scraped_html_paginated,engagement_score,2.4
822,scraped_html_paginated,,scraped_html_paginated,engagement_score,2.4
823,scraped_html_paginated,,scraped_html_paginated,engagement_score,2.4
824,scraped_html_paginated,,scraped_html_paginated,engagement_score,2.4
825,scraped_html_paginated,,scraped_html_paginated,engagement_score,2.4
826,scraped_html_paginated,,scraped_html_paginated,engagement_score,2.4
827,scraped_html_paginated,,scraped_html_paginated,engagement_score,2.4
828,scraped_html_paginated,,scraped_html_paginated,engagement_score,2.4
829,scraped_html_paginated,,scraped_html_paginated,engagement_score,2.4
830,scraped_html_paginated,,scraped_html_paginated,engagement_score,2.4
831,scraped_html_paginated,,scraped_html_paginated,engagement_score,2.4
832,scraped_html_paginated,,scraped_html_paginated,engagement_score,2.4
833,scraped_html_paginated,,scraped_html_paginated,engagement_score,2.4
834,scraped_html_paginated,,scraped_html_paginated,engagement_score,2.4
835,scraped_html_paginated,,scraped_html_paginated,engagement_score,2.4
836,scraped_html_paginated,,scraped_html_paginated,engagement_score,2.4
837,scraped_html_paginated,,scraped_html_paginated,engagement_score,2.4
838,scraped_html_paginated,,scraped_html_paginated,engagement_score,2.4
839,scraped_html_paginated,,scraped_html_paginated,engagement_score,2.4
840,scraped_html_paginated,,scraped_html_paginated,engagement_score,2.4
841,scraped_html_paginated,,scraped_html_paginated,engagement_score,2.4
842,scraped_html_paginated,,scraped_html_paginated,engagement_score,2.4
843,scraped_html_paginated,,scraped_html_paginated,engagement_score,2.4
844,scraped_html_paginated,,scraped_html_paginated,engagement_score,2.4
845,scraped_html_paginated,,scraped_html_paginated,engagement_score,2.4
846,scraped_html_paginated,,scraped_html_paginated,engagement_score,2.4
847,scraped_html_paginated,,scraped_html_paginated,engagement_score,2.4
848,scraped_html_paginated,,scraped_html_paginated,engagement_score,2.4
849,scraped_html_paginated,,scraped_html_paginated,engagement_score,2.4
850,scraped_html_paginated,,scraped_html_paginated,engagement_score,2.4
851,scraped_html_paginated,,scraped_html_paginated,engagement_score,2.4
852,scraped_html_paginated,,scraped_html_paginated,engagement_score,2.4
853,scraped_html_paginated,,scraped_html_paginated,engagement_score,2.4
870,scraped_json_api,,scraped_json_api,engagement_score,2.4
913,scraped_json_api,,scraped_json_api,engagement_score,2.4
927,scraped_json_api,,scraped_json_api,engagement_score,2.4
928,scraped_json_api,,scraped_json_api,engagement_score,2.4
929,scraped_json_api,,scraped_json_api,engagement_score,2.4
930,scraped_json_api,,scraped_json_api,engagement_score,2.4
983,excel_summary,,excel_summary,engagement_score,2.4
985,scraped_html,,scraped_html,engagement_score,2.4
986,scraped_html,,scraped_html,engagement_score,2.4
987,scraped_html,,scraped_html,engagement_score,2.4
988,scraped_html,,scraped_html,engagement_score,2.4
989,scraped_html,,scraped_html,engagement_score,2.4
990,scraped_html,,scraped_html,engagement_score,2.4
991,scraped_html,,scraped_html,engagement_score,2.4
992,scraped_html,,scraped_html,engagement_score,2.4
993,scraped_html,,scraped_html,engagement_score,2.4
994,scraped_html,,scraped_html,engagement_score,2.4
995,scraped_html,,scraped_html,engagement_score,2.4
996,scraped_html,,scraped_html,engagement_score,2.4
997,scraped_html,,scraped_html,engagement_score,2.4
998,scraped_html,,scraped_html,engagement_score,2.4
999,scraped_html,,scraped_html,engagement_score,2.4
1000,scraped_html,,scraped_html,engagement_score,2.4
1001,scraped_html,,scraped_html,engagement_score,2.4
1002,scraped_html,,scraped_html,engagement_score,2.4
1003,scraped_html,,scraped_html,engagement_score,2.4
1004,scraped_html,,scraped_html,engagement_score,2.4
1005,scraped_html,,scraped_html,engagement_score,2.4
1006,scraped_html,,scraped_html,engagement_score,2.4
1007,scraped_html,,scraped_html,engagement_score,2.4
1008,scraped_html,,scraped_html,engagement_score,2.4
1009,scraped_html,,scraped_html,engagement_score,2.4
1010,scraped_html_paginated,,scraped_html_paginated,engagement_score,2.4
1011,scraped_html_paginated,,scraped_html_paginated,engagement_score,2.4
1012,scraped_html_paginated,,scraped_html_paginated,engagement_score,2.4
1013,scraped_html_paginated,,scraped_html_paginated,engagement_score,2.4
1014,scraped_html_paginated,,scraped_html_paginated,engagement_score,2.4
1015,scraped_html_paginated,,scraped_html_paginated,engagement_score,2.4
1016,scraped_html_paginated,,scraped_html_paginated,engagement_score,2.4
1017,scraped_html_paginated,,scraped_html_paginated,engagement_score,2.4
1018,scraped_html_paginated,,scraped_html_paginated,engagement_score,2.4
1019,scraped_html_paginated,,scraped_html_paginated,engagement_score,2.4
1020,scraped_html_paginated,,scraped_html_paginated,engagement_score,2.4
1021,scraped_html_paginated,,scraped_html_paginated,engagement_score,2.4
1022,scraped_html_paginated,,scraped_html_paginated,engagement_score,2.4
1023,scraped_html_paginated,,scraped_html_paginated,engagement_score,2.4
1024,scraped_html_paginated,,scraped_html_paginated,engagement_score,2.4
1025,scraped_html_paginated,,scraped_html_paginated,engagement_score,2.4
1026,scraped_html_paginated,,scraped_html_paginated,engagement_score,2.4
1027,scraped_html_paginated,,scraped_html_paginated,engagement_score,2.4
1028,scraped_html_paginated,,scraped_html_paginated,engagement_score,2.4
1029,scraped_html_paginated,,scraped_html_paginated,engagement_score,2.4
1030,scraped_html_paginated,,scraped_html_paginated,engagement_score,2.4
1031,scraped_html_paginated,,scraped_html_paginated,engagement_score,2.4
1032,scraped_html_paginated,,scraped_html_paginated,engagement_score,2.4
1033,scraped_html_paginated,,scraped_html_paginated,engagement_score,2.4
1034,scraped_html_paginated,,scraped_html_paginated,engagement_score,2.4
1035,scraped_html_paginated,,scraped_html_paginated,engagement_score,2.4
1036,scraped_html_paginated,,scraped_html_paginated,engagement_score,2.4
1037,scraped_html_paginated,,scraped_html_paginated,engagement_score,2.4
1038,scraped_html_paginated,,scraped_html_paginated,engagement_score,2.4
1039,scraped_html_paginated,,scraped_html_paginated,engagement_score,2.4
1040,scraped_html_paginated,,scraped_html_paginated,engagement_score,2.4
1041,scraped_html_paginated,,scraped_html_paginated,engagement_score,2.4
1042,scraped_html_paginated,,scraped_html_paginated,engagement_score,2.4
1043,scraped_html_paginated,,scraped_html_paginated,engagement_score,2.4
1044,scraped_html_paginated,,scraped_html_paginated,engagement_score,2.4
1045,scraped_html_paginated,,scraped_html_paginated,engagement_score,2.4
1046,scraped_html_paginated,,scraped_html_paginated,engagement_score,2.4
1047,scraped_html_paginated,,scraped_html_paginated,engagement_score,2.4
1048,scraped_html_paginated,,scraped_html_paginated,engagement_score,2.4
1049,scraped_html_paginated,,scraped_html_paginated,engagement_score,2.4
1050,scraped_html_paginated,,scraped_html_paginated,engagement_score,2.4
1051,scraped_html_paginated,,scraped_html_paginated,engagement_score,2.4
1052,scraped_html_paginated,,scraped_html_paginated,engagement_score,2.4
1053,scraped_html_paginated,,scraped_html_paginated,engagement_score,2.4
1054,scraped_html_paginated,,scraped_html_paginated,engagement_score,2.4
1055,scraped_html_paginated,,scraped_html_paginated,engagement_score,2.4
1056,scraped_html_paginated,,scraped_html_paginated,engagement_score,2.4
1057,scraped_html_paginated,,scraped_html_paginated,engagement_score,2.4
1058,scraped_html_paginated,,scraped_html_paginated,engagement_score,2.4
1059,scraped_html_paginated,,scraped_html_paginated,engagement_score,2.4
1060,scraped_html_paginated,,scraped_html_paginated,engagement_score,2.4
1061,scraped_html_paginated,,scraped_html_paginated,engagement_score,2.4
1062,scraped_html_paginated,,scraped_html_paginated,engagement_score,2.4
1063,scraped_html_paginated,,scraped_html_paginated,engagement_score,2.4
1064,scraped_html_paginated,,scraped_html_paginated,engagement_score,2.4
1065,scraped_html_paginated,,scraped_html_paginated,engagement_score,2.4
1066,scraped_html_paginated,,scraped_html_paginated,engagement_score,2.4
1067,scraped_html_paginated,,scraped_html_paginated,engagement_score,2.4
1068,scraped_html_paginated,,scraped_html_paginated,engagement_score,2.4
1069,scraped_html_paginated,,scraped_html_paginated,engagement_score,2.4
1070,scraped_html_paginated,,scraped_html_paginated,engagement_score,2.4
1071,scraped_html_paginated,,scraped_html_paginated,engagement_score,2.4
1072,scraped_html_paginated,,scraped_html_paginated,engagement_score,2.4
1073,scraped_html_paginated,,scraped_html_paginated,engagement_score,2.4
1074,scraped_html_paginated,,scraped_html_paginated,engagement_score,2.4
1075,scraped_html_paginated,,scraped_html_paginated,engagement_score,2.4
1076,scraped_html_paginated,,scraped_html_paginated,engagement_score,2.4
1077,scraped_html_paginated,,scraped_html_paginated,engagement_score,2.4
1078,scraped_html_paginated,,scraped_html_paginated,engagement_score,2.4
1079,scraped_html_paginated,,scraped_html_paginated,engagement_score,2.4
1080,scraped_html_paginated,,scraped_html_paginated,engagement_score,2.4
1081,scraped_html_paginated,,scraped_html_paginated,engagement_score,2.4
1082,scraped_html_paginated,,scraped_html_paginated,engagement_score,2.4
1083,scraped_html_paginated,,scraped_html_paginated,engagement_score,2.4
1084,scraped_html_paginated,,scraped_html_paginated,engagement_score,2.4
1085,scraped_html_paginated,,scraped_html_paginated,engagement_score,2.4
1086,scraped_html_paginated,,scraped_html_paginated,engagement_score,2.4
1087,scraped_html_paginated,,scraped_html_paginated,engagement_score,2.4
1088,scraped_html_paginated,,scraped_html_paginated,engagement_score,2.4
1089,scraped_html_paginated,,scraped_html_paginated,engagement_score,2.4
1090,scraped_html_paginated,,scraped_html_paginated,engagement_score,2.4
1091,scraped_html_paginated,,scraped_html_paginated,engagement_score,2.4
1092,scraped_html_paginated,,scraped_html_paginated,engagement_score,2.4
1093,scraped_html_paginated,,scraped_html_paginated,engagement_score,2.4
1094,scraped_html_paginated,,scraped_html_paginated,engagement_score,2.4
1095,scraped_html_paginated,,scraped_html_paginated,engagement_score,2.4
1096,scraped_html_paginated,,scraped_html_paginated,engagement_score,2.4
1097,scraped_html_paginated,,scraped_html_paginated,engagement_score,2.4
1098,scraped_html_paginated,,scraped_html_paginated,engagement_score,2.4
1099,scraped_html_paginated,,scraped_html_paginated,engagement_score,2.4
1100,scraped_html_paginated,,scraped_html_paginated,engagement_score,2.4
1101,scraped_html_paginated,,scraped_html_paginated,engagement_score,2.4
1102,scraped_html_paginated,,scraped_html_paginated,engagement_score,2.4
1103,scraped_html_paginated,,scraped_html_paginated,engagement_score,2.4
1104,scraped_html_paginated,,scraped_html_paginated,engagement_score,2.4
1105,scraped_html_paginated,,scraped_html_paginated,engagement_score,2.4
1106,scraped_html_paginated,,scraped_html_paginated,engagement_score,2.4
1107,scraped_html_paginated,,scraped_html_paginated,engagement_score,2.4
1108,scraped_html_paginated,,scraped_html_paginated,engagement_score,2.4
1109,scraped_html_paginated,,scraped_html_paginated,engagement_score,2.4
1126,scraped_json_api,,scraped_json_api,engagement_score,2.4
1169,scraped_json_api,,scraped_json_api,engagement_score,2.4
1183,scraped_json_api,,scraped_json_api,engagement_score,2.4
1184,scraped_json_api,,scraped_json_api,engagement_score,2.4
1185,scraped_json_api,,scraped_json_api,engagement_score,2.4
1186,scraped_json_api,,scraped_json_api,engagement_score,2.4
1239,excel_summary,,excel_summary,engagement_score,2.4
1241,scraped_html,,scraped_html,engagement_score,2.4
1242,scraped_html,,scraped_html,engagement_score,2.4
1243,scraped_html,,scraped_html,engagement_score,2.4
1244,scraped_html,,scraped_html,engagement_score,2.4
1245,scraped_html,,scraped_html,engagement_score,2.4
1246,scraped_html,,scraped_html,engagement_score,2.4
1247,scraped_html,,scraped_html,engagement_score,2.4
1248,scraped_html,,scraped_html,engagement_score,2.4
1249,scraped_html,,scraped_html,engagement_score,2.4
1250,scraped_html,,scraped_html,engagement_score,2.4
1251,scraped_html,,scraped_html,engagement_score,2.4
1252,scraped_html,,scraped_html,engagement_score,2.4
1253,scraped_html,,scraped_html,engagement_score,2.4
1254,scraped_html,,scraped_html,engagement_score,2.4
1255,scraped_html,,scraped_html,engagement_score,2.4
1256,scraped_html,,scraped_html,engagement_score,2.4
1257,scraped_html,,scraped_html,engagement_score,2.4
1258,scraped_html,,scraped_html,engagement_score,2.4
1259,scraped_html,,scraped_html,engagement_score,2.4
1260,scraped_html,,scraped_html,engagement_score,2.4
1261,scraped_html,,scraped_html,engagement_score,2.4
1262,scraped_html,,scraped_html,engagement_score,2.4
1263,scraped_html,,scraped_html,engagement_score,2.4
1264,scraped_html,,scraped_html,engagement_score,2.4
1265,scraped_html,,scraped_html,engagement_score,2.4
1266,scraped_html_paginated,,scraped_html_paginated,engagement_score,2.4
1267,scraped_html_paginated,,scraped_html_paginated,engagement_score,2.4
1268,scraped_html_paginated,,scraped_html_paginated,engagement_score,2.4
1269,scraped_html_paginated,,scraped_html_paginated,engagement_score,2.4
1270,scraped_html_paginated,,scraped_html_paginated,engagement_score,2.4
1271,scraped_html_paginated,,scraped_html_paginated,engagement_score,2.4
1272,scraped_html_paginated,,scraped_html_paginated,engagement_score,2.4
1273,scraped_html_paginated,,scraped_html_paginated,engagement_score,2.4
1274,scraped_html_paginated,,scraped_html_paginated,engagement_score,2.4
1275,scraped_html_paginated,,scraped_html_paginated,engagement_score,2.4
1276,scraped_html_paginated,,scraped_html_paginated,engagement_score,2.4
1277,scraped_html_paginated,,scraped_html_paginated,engagement_score,2.4
1278,scraped_html_paginated,,scraped_html_paginated,engagement_score,2.4
1279,scraped_html_paginated,,scraped_html_paginated,engagement_score,2.4
1280,scraped_html_paginated,,scraped_html_paginated,engagement_score,2.4
1281,scraped_html_paginated,,scraped_html_paginated,engagement_score,2.4
1282,scraped_html_paginated,,scraped_html_paginated,engagement_score,2.4
1283,scraped_html_paginated,,scraped_html_paginated,engagement_score,2.4
1284,scraped_html_paginated,,scraped_html_paginated,engagement_score,2.4
1285,scraped_html_paginated,,scraped_html_paginated,engagement_score,2.4
1286,scraped_html_paginated,,scraped_html_paginated,engagement_score,2.4
1287,scraped_html_paginated,,scraped_html_paginated,engagement_score,2.4
1288,scraped_html_paginated,,scraped_html_paginated,engagement_score,2.4
1289,scraped_html_paginated,,scraped_html_paginated,engagement_score,2.4
1290,scraped_html_paginated,,scraped_html_paginated,engagement_score,2.4
1291,scraped_html_paginated,,scraped_html_paginated,engagement_score,2.4
1292,scraped_html_paginated,,scraped_html_paginated,engagement_score,2.4
1293,scraped_html_paginated,,scraped_html_paginated,engagement_score,2.4
1294,scraped_html_paginated,,scraped_html_paginated,engagement_score,2.4
1295,scraped_html_paginated,,scraped_html_paginated,engagement_score,2.4
1296,scraped_html_paginated,,scraped_html_paginated,engagement_score,2.4
1297,scraped_html_paginated,,scraped_html_paginated,engagement_score,2.4
1298,scraped_html_paginated,,scraped_html_paginated,engagement_score,2.4
1299,scraped_html_paginated,,scraped_html_paginated,engagement_score,2.4
1300,scraped_html_paginated,,scraped_html_paginated,engagement_score,2.4
1301,scraped_html_paginated,,scraped_html_paginated,engagement_score,2.4
1302,scraped_html_paginated,,scraped_html_paginated,engagement_score,2.4
1303,scraped_html_paginated,,scraped_html_paginated,engagement_score,2.4
1304,scraped_html_paginated,,scraped_html_paginated,engagement_score,2.4
1305,scraped_html_paginated,,scraped_html_paginated,engagement_score,2.4
1306,scraped_html_paginated,,scraped_html_paginated,engagement_score,2.4
1307,scraped_html_paginated,,scraped_html_paginated,engagement_score,2.4
1308,scraped_html_paginated,,scraped_html_paginated,engagement_score,2.4
1309,scraped_html_paginated,,scraped_html_paginated,engagement_score,2.4
1310,scraped_html_paginated,,scraped_html_paginated,engagement_score,2.4
1311,scraped_html_paginated,,scraped_html_paginated,engagement_score,2.4
1312,scraped_html_paginated,,scraped_html_paginated,engagement_score,2.4
1313,scraped_html_paginated,,scraped_html_paginated,engagement_score,2.4
1314,scraped_html_paginated,,scraped_html_paginated,engagement_score,2.4
1315,scraped_html_paginated,,scraped_html_paginated,engagement_score,2.4
1316,scraped_html_paginated,,scraped_html_paginated,engagement_score,2.4
1317,scraped_html_paginated,,scraped_html_paginated,engagement_score,2.4
1318,scraped_html_paginated,,scraped_html_paginated,engagement_score,2.4
1319,scraped_html_paginated,,scraped_html_paginated,engagement_score,2.4
1320,scraped_html_paginated,,scraped_html_paginated,engagement_score,2.4
1321,scraped_html_paginated,,scraped_html_paginated,engagement_score,2.4
1322,scraped_html_paginated,,scraped_html_paginated,engagement_score,2.4
1323,scraped_html_paginated,,scraped_html_paginated,engagement_score,2.4
1324,scraped_html_paginated,,scraped_html_paginated,engagement_score,2.4
1325,scraped_html_paginated,,scraped_html_paginated,engagement_score,2.4
1326,scraped_html_paginated,,scraped_html_paginated,engagement_score,2.4
1327,scraped_html_paginated,,scraped_html_paginated,engagement_score,2.4
1328,scraped_html_paginated,,scraped_html_paginated,engagement_score,2.4
1329,scraped_html_paginated,,scraped_html_paginated,engagement_score,2.4
1330,scraped_html_paginated,,scraped_html_paginated,engagement_score,2.4
1331,scraped_html_paginated,,scraped_html_paginated,engagement_score,2.4
1332,scraped_html_paginated,,scraped_html_paginated,engagement_score,2.4
1333,scraped_html_paginated,,scraped_html_paginated,engagement_score,2.4
1334,scraped_html_paginated,,scraped_html_paginated,engagement_score,2.4
1335,scraped_html_paginated,,scraped_html_paginated,engagement_score,2.4
1336,scraped_html_paginated,,scraped_html_paginated,engagement_score,2.4
1337,scraped_html_paginated,,scraped_html_paginated,engagement_score,2.4
1338,scraped_html_paginated,,scraped_html_paginated,engagement_score,2.4
1339,scraped_html_paginated,,scraped_html_paginated,engagement_score,2.4
1340,scraped_html_paginated,,scraped_html_paginated,engagement_score,2.4
1341,scraped_html_paginated,,scraped_html_paginated,engagement_score,2.4
1342,scraped_html_paginated,,scraped_html_paginated,engagement_score,2.4
1343,scraped_html_paginated,,scraped_html_paginated,engagement_score,2.4
1344,scraped_html_paginated,,scraped_html_paginated,engagement_score,2.4
1345,scraped_html_paginated,,scraped_html_paginated,engagement_score,2.4
1346,scraped_html_paginated,,scraped_html_paginated,engagement_score,2.4
1347,scraped_html_paginated,,scraped_html_paginated,engagement_score,2.4
1348,scraped_html_paginated,,scraped_html_paginated,engagement_score,2.4
1349,scraped_html_paginated,,scraped_html_paginated,engagement_score,2.4
1350,scraped_html_paginated,,scraped_html_paginated,engagement_score,2.4
1351,scraped_html_paginated,,scraped_html_paginated,engagement_score,2.4
1352,scraped_html_paginated,,scraped_html_paginated,engagement_score,2.4
1353,scraped_html_paginated,,scraped_html_paginated,engagement_score,2.4
1354,scraped_html_paginated,,scraped_html_paginated,engagement_score,2.4
1355,scraped_html_paginated,,scraped_html_paginated,engagement_score,2.4
1356,scraped_html_paginated,,scraped_html_paginated,engagement_score,2.4
1357,scraped_html_paginated,,scraped_html_paginated,engagement_score,2.4
1358,scraped_html_paginated,,scraped_html_paginated,engagement_score,2.4
1359,scraped_html_paginated,,scraped_html_paginated,engagement_score,2.4
1360,scraped_html_paginated,,scraped_html_paginated,engagement_score,2.4
1361,scraped_html_paginated,,scraped_html_paginated,engagement_score,2.4
1362,scraped_html_paginated,,scraped_html_paginated,engagement_score,2.4
1363,scraped_html_paginated,,scraped_html_paginated,engagement_score,2.4
1364,scraped_html_paginated,,scraped_html_paginated,engagement_score,2.4
1365,scraped_html_paginated,,scraped_html_paginated,engagement_score,2.4
1382,scraped_json_api,,scraped_json_api,engagement_score,2.4
1425,scraped_json_api,,scraped_json_api,engagement_score,2.4
1439,scraped_json_api,,scraped_json_api,engagement_score,2.4
1440,scraped_json_api,,scraped_json_api,engagement_score,2.4
1441,scraped_json_api,,scraped_json_api,engagement_score,2.4
1442,scraped_json_api,,scraped_json_api,engagement_score,2.4
350,scraped_json_api,,scraped_json_api,engagement_score,2.24
372,scraped_json_api,,scraped_json_api,engagement_score,2.24
410,scraped_json_api,,scraped_json_api,engagement_score,2.24
606,scraped_json_api,,scraped_json_api,engagement_score,2.24
628,scraped_json_api,,scraped_json_api,engagement_score,2.24
666,scraped_json_api,,scraped_json_api,engagement_score,2.24
862,scraped_json_api,,scraped_json_api,engagement_score,2.24
884,scraped_json_api,,scraped_json_api,engagement_score,2.24
922,scraped_json_api,,scraped_json_api,engagement_score,2.24
1118,scraped_json_api,,scraped_json_api,engagement_score,2.24
1140,scraped_json_api,,scraped_json_api,engagement_score,2.24
1178,scraped_json_api,,scraped_json_api,engagement_score,2.24
1374,scraped_json_api,,scraped_json_api,engagement_score,2.24
1396,scraped_json_api,,scraped_json_api,engagement_score,2.24
1434,scraped_json_api,,scraped_json_api,engagement_score,2.24
357,scraped_json_api,,scraped_json_api,engagement_score,2.08
379,scraped_json_api,,scraped_json_api,engagement_score,2.08
613,scraped_json_api,,scraped_json_api,engagement_score,2.08
635,scraped_json_api,,scraped_json_api,engagement_score,2.08
869,scraped_json_api,,scraped_json_api,engagement_score,2.08
891,scraped_json_api,,scraped_json_api,engagement_score,2.08
1125,scraped_json_api,,scraped_json_api,engagement_score,2.08
1147,scraped_json_api,,scraped_json_api,engagement_score,2.08
1381,scraped_json_api,,scraped_json_api,engagement_score,2.08
1403,scraped_json_api,,scraped_json_api,engagement_score,2.08
362,scraped_json_api,,scraped_json_api,engagement_score,1.92
391,scraped_json_api,,scraped_json_api,engagement_score,1.92
403,scraped_json_api,,scraped_json_api,engagement_score,1.92
618,scraped_json_api,,scraped_json_api,engagement_score,1.92
647,scraped_json_api,,scraped_json_api,engagement_score,1.92
659,scraped_json_api,,scraped_json_api,engagement_score,1.92
874,scraped_json_api,,scraped_json_api,engagement_score,1.92
903,scraped_json_api,,scraped_json_api,engagement_score,1.92
915,scraped_json_api,,scraped_json_api,engagement_score,1.92
1130,scraped_json_api,,scraped_json_api,engagement_score,1.92
1159,scraped_json_api,,scraped_json_api,engagement_score,1.92
1171,scraped_json_api,,scraped_json_api,engagement_score,1.92
1386,scraped_json_api,,scraped_json_api,engagement_score,1.92
1415,scraped_json_api,,scraped_json_api,engagement_score,1.92
1427,scraped_json_api,,scraped_json_api,engagement_score,1.92
345,scraped_json_api,,scraped_json_api,engagement_score,1.76
346,scraped_json_api,,scraped_json_api,engagement_score,1.76
351,scraped_json_api,,scraped_json_api,engagement_score,1.76
352,scraped_json_api,,scraped_json_api,engagement_score,1.76
366,scraped_json_api,,scraped_json_api,engagement_score,1.76
367,scraped_json_api,,scraped_json_api,engagement_score,1.76
407,scraped_json_api,,scraped_json_api,engagement_score,1.76
411,scraped_json_api,,scraped_json_api,engagement_score,1.76
413,scraped_json_api,,scraped_json_api,engagement_score,1.76
420,scraped_json_api,,scraped_json_api,engagement_score,1.76
422,scraped_json_api,,scraped_json_api,engagement_score,1.76
424,scraped_json_api,,scraped_json_api,engagement_score,1.76
426,scraped_json_api,,scraped_json_api,engagement_score,1.76
428,scraped_json_api,,scraped_json_api,engagement_score,1.76
601,scraped_json_api,,scraped_json_api,engagement_score,1.76
602,scraped_json_api,,scraped_json_api,engagement_score,1.76
607,scraped_json_api,,scraped_json_api,engagement_score,1.76
608,scraped_json_api,,scraped_json_api,engagement_score,1.76
622,scraped_json_api,,scraped_json_api,engagement_score,1.76
623,scraped_json_api,,scraped_json_api,engagement_score,1.76
663,scraped_json_api,,scraped_json_api,engagement_score,1.76
667,scraped_json_api,,scraped_json_api,engagement_score,1.76
669,scraped_json_api,,scraped_json_api,engagement_score,1.76
676,scraped_json_api,,scraped_json_api,engagement_score,1.76
678,scraped_json_api,,scraped_json_api,engagement_score,1.76
680,scraped_json_api,,scraped_json_api,engagement_score,1.76
682,scraped_json_api,,scraped_json_api,engagement_score,1.76
684,scraped_json_api,,scraped_json_api,engagement_score,1.76
857,scraped_json_api,,scraped_json_api,engagement_score,1.76
858,scraped_json_api,,scraped_json_api,engagement_score,1.76
863,scraped_json_api,,scraped_json_api,engagement_score,1.76
864,scraped_json_api,,scraped_json_api,engagement_score,1.76
878,scraped_json_api,,scraped_json_api,engagement_score,1.76
879,scraped_json_api,,scraped_json_api,engagement_score,1.76
919,scraped_json_api,,scraped_json_api,engagement_score,1.76
923,scraped_json_api,,scraped_json_api,engagement_score,1.76
925,scraped_json_api,,scraped_json_api,engagement_score,1.76
932,scraped_json_api,,scraped_json_api,engagement_score,1.76
934,scraped_json_api,,scraped_json_api,engagement_score,1.76
936,scraped_json_api,,scraped_json_api,engagement_score,1.76
938,scraped_json_api,,scraped_json_api,engagement_score,1.76
940,scraped_json_api,,scraped_json_api,engagement_score,1.76
1113,scraped_json_api,,scraped_json_api,engagement_score,1.76
1114,scraped_json_api,,scraped_json_api,engagement_score,1.76
1119,scraped_json_api,,scraped_json_api,engagement_score,1.76
1120,scraped_json_api,,scraped_json_api,engagement_score,1.76
1134,scraped_json_api,,scraped_json_api,engagement_score,1.76
1135,scraped_json_api,,scraped_json_api,engagement_score,1.76
1175,scraped_json_api,,scraped_json_api,engagement_score,1.76
1179,scraped_json_api,,scraped_json_api,engagement_score,1.76
1181,scraped_json_api,,scraped_json_api,engagement_score,1.76
1188,scraped_json_api,,scraped_json_api,engagement_score,1.76
1190,scraped_json_api,,scraped_json_api,engagement_score,1.76
1192,scraped_json_api,,scraped_json_api,engagement_score,1.76
1194,scraped_json_api,,scraped_json_api,engagement_score,1.76
1196,scraped_json_api,,scraped_json_api,engagement_score,1.76
1369,scraped_json_api,,scraped_json_api,engagement_score,1.76
1370,scraped_json_api,,scraped_json_api,engagement_score,1.76
1375,scraped_json_api,,scraped_json_api,engagement_score,1.76
1376,scraped_json_api,,scraped_json_api,engagement_score,1.76
1390,scraped_json_api,,scraped_json_api,engagement_score,1.76
1391,scraped_json_api,,scraped_json_api,engagement_score,1.76
1431,scraped_json_api,,scraped_json_api,engagement_score,1.76
1435,scraped_json_api,,scraped_json_api,engagement_score,1.76
1437,scraped_json_api,,scraped_json_api,engagement_score,1.76
1444,scraped_json_api,,scraped_json_api,engagement_score,1.76
1446,scraped_json_api,,scraped_json_api,engagement_score,1.76
1448,scraped_json_api,,scraped_json_api,engagement_score,1.76
1450,scraped_json_api,,scraped_json_api,engagement_score,1.76
1452,scraped_json_api,,scraped_json_api,engagement_score,1.76
348,scraped_json_api,,scraped_json_api,engagement_score,1.6
354,scraped_json_api,,scraped_json_api,engagement_score,1.6
355,scraped_json_api,,scraped_json_api,engagement_score,1.6
365,scraped_json_api,,scraped_json_api,engagement_score,1.6
371,scraped_json_api,,scraped_json_api,engagement_score,1.6
408,scraped_json_api,,scraped_json_api,engagement_score,1.6
604,scraped_json_api,,scraped_json_api,engagement_score,1.6
610,scraped_json_api,,scraped_json_api,engagement_score,1.6
611,scraped_json_api,,scraped_json_api,engagement_score,1.6
621,scraped_json_api,,scraped_json_api,engagement_score,1.6
627,scraped_json_api,,scraped_json_api,engagement_score,1.6
664,scraped_json_api,,scraped_json_api,engagement_score,1.6
860,scraped_json_api,,scraped_json_api,engagement_score,1.6
866,scraped_json_api,,scraped_json_api,engagement_score,1.6
867,scraped_json_api,,scraped_json_api,engagement_score,1.6
877,scraped_json_api,,scraped_json_api,engagement_score,1.6
883,scraped_json_api,,scraped_json_api,engagement_score,1.6
920,scraped_json_api,,scraped_json_api,engagement_score,1.6
1116,scraped_json_api,,scraped_json_api,engagement_score,1.6
1122,scraped_json_api,,scraped_json_api,engagement_score,1.6
1123,scraped_json_api,,scraped_json_api,engagement_score,1.6
1133,scraped_json_api,,scraped_json_api,engagement_score,1.6
1139,scraped_json_api,,scraped_json_api,engagement_score,1.6
1176,scraped_json_api,,scraped_json_api,engagement_score,1.6
1372,scraped_json_api,,scraped_json_api,engagement_score,1.6
1378,scraped_json_api,,scraped_json_api,engagement_score,1.6
1379,scraped_json_api,,scraped_json_api,engagement_score,1.6
1389,scraped_json_api,,scraped_json_api,engagement_score,1.6
1395,scraped_json_api,,scraped_json_api,engagement_score,1.6
1432,scraped_json_api,,scraped_json_api,engagement_score,1.6
343,scraped_json_api,,scraped_json_api,engagement_score,1.44
364,scraped_json_api,,scraped_json_api,engagement_score,1.44
368,scraped_json_api,,scraped_json_api,engagement_score,1.44
392,scraped_json_api,,scraped_json_api,engagement_score,1.44
599,scraped_json_api,,scraped_json_api,engagement_score,1.44
620,scraped_json_api,,scraped_json_api,engagement_score,1.44
624,scraped_json_api,,scraped_json_api,engagement_score,1.44
648,scraped_json_api,,scraped_json_api,engagement_score,1.44
855,scraped_json_api,,scraped_json_api,engagement_score,1.44
876,scraped_json_api,,scraped_json_api,engagement_score,1.44
880,scraped_json_api,,scraped_json_api,engagement_score,1.44
904,scraped_json_api,,scraped_json_api,engagement_score,1.44
1111,scraped_json_api,,scraped_json_api,engagement_score,1.44
1132,scraped_json_api,,scraped_json_api,engagement_score,1.44
1136,scraped_json_api,,scraped_json_api,engagement_score,1.44
1160,scraped_json_api,,scraped_json_api,engagement_score,1.44
1367,scraped_json_api,,scraped_json_api,engagement_score,1.44
1388,scraped_json_api,,scraped_json_api,engagement_score,1.44
1392,scraped_json_api,,scraped_json_api,engagement_score,1.44
1416,scraped_json_api,,scraped_json_api,engagement_score,1.44
361,scraped_json_api,,scraped_json_api,engagement_score,1.28
380,scraped_json_api,,scraped_json_api,engagement_score,1.28
383,scraped_json_api,,scraped_json_api,engagement_score,1.28
399,scraped_json_api,,scraped_json_api,engagement_score,1.28
617,scraped_json_api,,scraped_json_api,engagement_score,1.28
636,scraped_json_api,,scraped_json_api,engagement_score,1.28
639,scraped_json_api,,scraped_json_api,engagement_score,1.28
655,scraped_json_api,,scraped_json_api,engagement_score,1.28
873,scraped_json_api,,scraped_json_api,engagement_score,1.28
892,scraped_json_api,,scraped_json_api,engagement_score,1.28
895,scraped_json_api,,scraped_json_api,engagement_score,1.28
911,scraped_json_api,,scraped_json_api,engagement_score,1.28
1129,scraped_json_api,,scraped_json_api,engagement_score,1.28
1148,scraped_json_api,,scraped_json_api,engagement_score,1.28
1151,scraped_json_api,,scraped_json_api,engagement_score,1.28
1167,scraped_json_api,,scraped_json_api,engagement_score,1.28
1385,scraped_json_api,,scraped_json_api,engagement_score,1.28
1404,scraped_json_api,,scraped_json_api,engagement_score,1.28
1407,scraped_json_api,,scraped_json_api,engagement_score,1.28
1423,scraped_json_api,,scraped_json_api,engagement_score,1.28
373,scraped_json_api,,scraped_json_api,engagement_score,1.12
375,scraped_json_api,,scraped_json_api,engagement_score,1.12
386,scraped_json_api,,scraped_json_api,engagement_score,1.12
397,scraped_json_api,,scraped_json_api,engagement_score,1.12
402,scraped_json_api,,scraped_json_api,engagement_score,1.12
419,scraped_json_api,,scraped_json_api,engagement_score,1.12
427,scraped_json_api,,scraped_json_api,engagement_score,1.12
629,scraped_json_api,,scraped_json_api,engagement_score,1.12
631,scraped_json_api,,scraped_json_api,engagement_score,1.12
642,scraped_json_api,,scraped_json_api,engagement_score,1.12
653,scraped_json_api,,scraped_json_api,engagement_score,1.12
658,scraped_json_api,,scraped_json_api,engagement_score,1.12
675,scraped_json_api,,scraped_json_api,engagement_score,1.12
683,scraped_json_api,,scraped_json_api,engagement_score,1.12
885,scraped_json_api,,scraped_json_api,engagement_score,1.12
887,scraped_json_api,,scraped_json_api,engagement_score,1.12
898,scraped_json_api,,scraped_json_api,engagement_score,1.12
909,scraped_json_api,,scraped_json_api,engagement_score,1.12
914,scraped_json_api,,scraped_json_api,engagement_score,1.12
931,scraped_json_api,,scraped_json_api,engagement_score,1.12
939,scraped_json_api,,scraped_json_api,engagement_score,1.12
1141,scraped_json_api,,scraped_json_api,engagement_score,1.12
1143,scraped_json_api,,scraped_json_api,engagement_score,1.12
1154,scraped_json_api,,scraped_json_api,engagement_score,1.12
1165,scraped_json_api,,scraped_json_api,engagement_score,1.12
1170,scraped_json_api,,scraped_json_api,engagement_score,1.12
1187,scraped_json_api,,scraped_json_api,engagement_score,1.12
1195,scraped_json_api,,scraped_json_api,engagement_score,1.12
1397,scraped_json_api,,scraped_json_api,engagement_score,1.12
1399,scraped_json_api,,scraped_json_api,engagement_score,1.12
1410,scraped_json_api,,scraped_json_api,engagement_score,1.12
1421,scraped_json_api,,scraped_json_api,engagement_score,1.12
1426,scraped_json_api,,scraped_json_api,engagement_score,1.12
1443,scraped_json_api,,scraped_json_api,engagement_score,1.12
1451,scraped_json_api,,scraped_json_api,engagement_score,1.12
384,scraped_json_api,,scraped_json_api,engagement_score,0.96
388,scraped_json_api,,scraped_json_api,engagement_score,0.96
394,scraped_json_api,,scraped_json_api,engagement_score,0.96
640,scraped_json_api,,scraped_json_api,engagement_score,0.96
644,scraped_json_api,,scraped_json_api,engagement_score,0.96
650,scraped_json_api,,scraped_json_api,engagement_score,0.96
896,scraped_json_api,,scraped_json_api,engagement_score,0.96
900,scraped_json_api,,scraped_json_api,engagement_score,0.96
906,scraped_json_api,,scraped_json_api,engagement_score,0.96
1152,scraped_json_api,,scraped_json_api,engagement_score,0.96
1156,scraped_json_api,,scraped_json_api,engagement_score,0.96
1162,scraped_json_api,,scraped_json_api,engagement_score,0.96
1408,scraped_json_api,,scraped_json_api,engagement_score,0.96
1412,scraped_json_api,,scraped_json_api,engagement_score,0.96
1418,scraped_json_api,,scraped_json_api,engagement_score,0.96
369,scraped_json_api,,scraped_json_api,engagement_score,0.8
378,scraped_json_api,,scraped_json_api,engagement_score,0.8
381,scraped_json_api,,scraped_json_api,engagement_score,0.8
406,scraped_json_api,,scraped_json_api,engagement_score,0.8
412,scraped_json_api,,scraped_json_api,engagement_score,0.8
625,scraped_json_api,,scraped_json_api,engagement_score,0.8
634,scraped_json_api,,scraped_json_api,engagement_score,0.8
637,scraped_json_api,,scraped_json_api,engagement_score,0.8
662,scraped_json_api,,scraped_json_api,engagement_score,0.8
668,scraped_json_api,,scraped_json_api,engagement_score,0.8
881,scraped_json_api,,scraped_json_api,engagement_score,0.8
890,scraped_json_api,,scraped_json_api,engagement_score,0.8
893,scraped_json_api,,scraped_json_api,engagement_score,0.8
918,scraped_json_api,,scraped_json_api,engagement_score,0.8
924,scraped_json_api,,scraped_json_api,engagement_score,0.8
1137,scraped_json_api,,scraped_json_api,engagement_score,0.8
1146,scraped_json_api,,scraped_json_api,engagement_score,0.8
1149,scraped_json_api,,scraped_json_api,engagement_score,0.8
1174,scraped_json_api,,scraped_json_api,engagement_score,0.8
1180,scraped_json_api,,scraped_json_api,engagement_score,0.8
1393,scraped_json_api,,scraped_json_api,engagement_score,0.8
1402,scraped_json_api,,scraped_json_api,engagement_score,0.8
1405,scraped_json_api,,scraped_json_api,engagement_score,0.8
1430,scraped_json_api,,scraped_json_api,engagement_score,0.8
1436,scraped_json_api,,scraped_json_api,engagement_score,0.8
356,scraped_json_api,,scraped_json_api,engagement_score,0.64
370,scraped_json_api,,scraped_json_api,engagement_score,0.64
612,scraped_json_api,,scraped_json_api,engagement_score,0.64
626,scraped_json_api,,scraped_json_api,engagement_score,0.64
868,scraped_json_api,,scraped_json_api,engagement_score,0.64
882,scraped_json_api,,scraped_json_api,engagement_score,0.64
1124,scraped_json_api,,scraped_json_api,engagement_score,0.64
1138,scraped_json_api,,scraped_json_api,engagement_score,0.64
1380,scraped_json_api,,scraped_json_api,engagement_score,0.64
1394,scraped_json_api,,scraped_json_api,engagement_score,0.64
390,scraped_json_api,,scraped_json_api,engagement_score,0.48
405,scraped_json_api,,scraped_json_api,engagement_score,0.48
423,scraped_json_api,,scraped_json_api,engagement_score,0.48
646,scraped_json_api,,scraped_json_api,engagement_score,0.48
661,scraped_json_api,,scraped_json_api,engagement_score,0.48
679,scraped_json_api,,scraped_json_api,engagement_score,0.48
902,scraped_json_api,,scraped_json_api,engagement_score,0.48
917,scraped_json_api,,scraped_json_api,engagement_score,0.48
935,scraped_json_api,,scraped_json_api,engagement_score,0.48
1158,scraped_json_api,,scraped_json_api,engagement_score,0.48
1173,scraped_json_api,,scraped_json_api,engagement_score,0.48
1191,scraped_json_api,,scraped_json_api,engagement_score,0.48
1414,scraped_json_api,,scraped_json_api,engagement_score,0.48
1429,scraped_json_api,,scraped_json_api,engagement_score,0.48
1447,scraped_json_api,,scraped_json_api,engagement_score,0.48
48,pdf_two_column,,pdf_two_column,estimated_value,483310.0
80,pdf_two_column,,pdf_two_column,estimated_value,483310.0
112,pdf_two_column,,pdf_two_column,estimated_value,483310.0
152,pdf_two_column,,pdf_two_column,estimated_value,483310.0
193,pdf_two_column,,pdf_two_column,estimated_value,483310.0
449,pdf_two_column,,pdf_two_column,estimated_value,483310.0
705,pdf_two_column,,pdf_two_column,estimated_value,483310.0
961,pdf_two_column,,pdf_two_column,estimated_value,483310.0
1217,pdf_two_column,,pdf_two_column,estimated_value,483310.0
51,word_two_column,,word_two_column,estimated_value,399300.0
83,word_two_column,,word_two_column,estimated_value,399300.0
115,word_two_column,,word_two_column,estimated_value,399300.0
155,word_two_column,,word_two_column,estimated_value,399300.0
196,word_two_column,,word_two_column,estimated_value,399300.0
452,word_two_column,,word_two_column,estimated_value,399300.0
708,word_two_column,,word_two_column,estimated_value,399300.0
964,word_two_column,,word_two_column,estimated_value,399300.0
1220,word_two_column,,word_two_column,estimated_value,399300.0
50,word,,word,estimated_value,178149.0
82,word,,word,estimated_value,178149.0
114,word,,word,estimated_value,178149.0
154,word,,word,estimated_value,178149.0
195,word,,word,estimated_value,178149.0
451,word,,word,estimated_value,178149.0
707,word,,word,estimated_value,178149.0
963,word,,word,estimated_value,178149.0
1219,word,,word,estimated_value,178149.0
430,ocr_pdf,,ocr_pdf,estimated_value,165476.0
686,ocr_pdf,,ocr_pdf,estimated_value,165476.0
942,ocr_pdf,,ocr_pdf,estimated_value,165476.0
1198,ocr_pdf,,ocr_pdf,estimated_value,165476.0
1454,ocr_pdf,,ocr_pdf,estimated_value,165476.0
46,pdf,,pdf,estimated_value,164363.0
78,pdf,,pdf,estimated_value,164363.0
110,pdf,,pdf,estimated_value,164363.0
150,pdf,,pdf,estimated_value,164363.0
191,pdf,,pdf,estimated_value,164363.0
447,pdf,,pdf,estimated_value,164363.0
703,pdf,,pdf,estimated_value,164363.0
959,pdf,,pdf,estimated_value,164363.0
1215,pdf,,pdf,estimated_value,164363.0
431,ocr_pdf,,ocr_pdf,estimated_value,124327.0
687,ocr_pdf,,ocr_pdf,estimated_value,124327.0
943,ocr_pdf,,ocr_pdf,estimated_value,124327.0
1199,ocr_pdf,,ocr_pdf,estimated_value,124327.0
1455,ocr_pdf,,ocr_pdf,estimated_value,124327.0
429,ocr_image,,ocr_image,estimated_value,113839.0
685,ocr_image,,ocr_image,estimated_value,113839.0
941,ocr_image,,ocr_image,estimated_value,113839.0
1197,ocr_image,,ocr_image,estimated_value,113839.0
1453,ocr_image,,ocr_image,estimated_value,113839.0
49,pdf_two_column,,pdf_two_column,estimated_value,20793.6
81,pdf_two_column,,pdf_two_column,estimated_value,20793.6
113,pdf_two_column,,pdf_two_column,estimated_value,20793.6
153,pdf_two_column,,pdf_two_column,estimated_value,20793.6
194,pdf_two_column,,pdf_two_column,estimated_value,20793.6
450,pdf_two_column,,pdf_two_column,estimated_value,20793.6
706,pdf_two_column,,pdf_two_column,estimated_value,20793.6
962,pdf_two_column,,pdf_two_column,estimated_value,20793.6
1218,pdf_two_column,,pdf_two_column,estimated_value,20793.6
135,encoding_test,,encoding_test,estimated_value,14448.0
175,encoding_test,,encoding_test,estimated_value,14448.0
216,encoding_test,,encoding_test,estimated_value,14448.0
472,encoding_test,,encoding_test,estimated_value,14448.0
728,encoding_test,,encoding_test,estimated_value,14448.0
984,encoding_test,,encoding_test,estimated_value,14448.0
1240,encoding_test,,encoding_test,estimated_value,14448.0
47,pdf,,pdf,estimated_value,12859.5
79,pdf,,pdf,estimated_value,12859.5
111,pdf,,pdf,estimated_value,12859.5
151,pdf,,pdf,estimated_value,12859.5
192,pdf,,pdf,estimated_value,12859.5
448,pdf,,pdf,estimated_value,12859.5
704,pdf,,pdf,estimated_value,12859.5
960,pdf,,pdf,estimated_value,12859.5
1216,pdf,,pdf,estimated_value,12859.5
118,word_run,,word_run,estimated_value,12056.0
158,word_run,,word_run,estimated_value,12056.0
199,word_run,,word_run,estimated_value,12056.0
455,word_run,,word_run,estimated_value,12056.0
711,word_run,,word_run,estimated_value,12056.0
967,word_run,,word_run,estimated_value,12056.0
1223,word_run,,word_run,estimated_value,12056.0
3,news_api,,news_api,estimated_value,10857.6
4,news_api,,news_api,estimated_value,10857.6
5,news_api,,news_api,estimated_value,10857.6
6,news_api,,news_api,estimated_value,10857.6
7,news_api,,news_api,estimated_value,10857.6
10,news_api,,news_api,estimated_value,10857.6
11,news_api,,news_api,estimated_value,10857.6
12,news_api,,news_api,estimated_value,10857.6
15,news_api,,news_api,estimated_value,10857.6
16,news_api,,news_api,estimated_value,10857.6
17,news_api,,news_api,estimated_value,10857.6
18,news_api,,news_api,estimated_value,10857.6
136,json,,json,estimated_value,10857.6
137,json,,json,estimated_value,10857.6
140,json,,json,estimated_value,10857.6
144,json,,json,estimated_value,10857.6
145,json,,json,estimated_value,10857.6
146,json,,json,estimated_value,10857.6
148,json,,json,estimated_value,10857.6
177,json,,json,estimated_value,10857.6
178,json,,json,estimated_value,10857.6
179,json,,json,estimated_value,10857.6
180,json,,json,estimated_value,10857.6
182,json,,json,estimated_value,10857.6
190,json,,json,estimated_value,10857.6
433,json,,json,estimated_value,10857.6
434,json,,json,estimated_value,10857.6
438,json,,json,estimated_value,10857.6
439,json,,json,estimated_value,10857.6
440,json,,json,estimated_value,10857.6
442,json,,json,estimated_value,10857.6
446,json,,json,estimated_value,10857.6
688,json,,json,estimated_value,10857.6
689,json,,json,estimated_value,10857.6
691,json,,json,estimated_value,10857.6
692,json,,json,estimated_value,10857.6
694,json,,json,estimated_value,10857.6
695,json,,json,estimated_value,10857.6
696,json,,json,estimated_value,10857.6
698,json,,json,estimated_value,10857.6
699,json,,json,estimated_value,10857.6
701,json,,json,estimated_value,10857.6
702,json,,json,estimated_value,10857.6
947,json,,json,estimated_value,10857.6
948,json,,json,estimated_value,10857.6
949,json,,json,estimated_value,10857.6
950,json,,json,estimated_value,10857.6
951,json,,json,estimated_value,10857.6
953,json,,json,estimated_value,10857.6
1202,json,,json,estimated_value,10857.6
1203,json,,json,estimated_value,10857.6
1205,json,,json,estimated_value,10857.6
1208,json,,json,estimated_value,10857.6
1209,json,,json,estimated_value,10857.6
1210,json,,json,estimated_value,10857.6
1211,json,,json,estimated_value,10857.6
1213,json,,json,estimated_value,10857.6
119,word_run,,word_run,estimated_value,10691.5
159,word_run,,word_run,estimated_value,10691.5
200,word_run,,word_run,estimated_value,10691.5
456,word_run,,word_run,estimated_value,10691.5
712,word_run,,word_run,estimated_value,10691.5
968,word_run,,word_run,estimated_value,10691.5
1224,word_run,,word_run,estimated_value,10691.5
956,json,,json,estimated_value,9721.92
700,json,,json,estimated_value,9564.8
955,json,,json,estimated_value,9254.4
954,json,,json,estimated_value,8873.6
9,news_api,,news_api,estimated_value,8353.92
176,json,,json,estimated_value,8353.92
2,news_api,,news_api,estimated_value,8208.32
147,json,,json,estimated_value,7089.6
142,json,,json,estimated_value,6756.8
183,json,,json,estimated_value,6368.0
187,json,,json,estimated_value,6304.32
120,word_run,,word_run,estimated_value,6052.8
160,word_run,,word_run,estimated_value,6052.8
201,word_run,,word_run,estimated_value,6052.8
457,word_run,,word_run,estimated_value,6052.8
713,word_run,,word_run,estimated_value,6052.8
969,word_run,,word_run,estimated_value,6052.8
1225,word_run,,word_run,estimated_value,6052.8
184,json,,json,estimated_value,5990.72
946,json,,json,estimated_value,5685.12
185,json,,json,estimated_value,5565.12
432,json,,json,estimated_value,5446.4
697,json,,json,estimated_value,5446.4
143,json,,json,estimated_value,5387.52
1,news_api,,news_api,estimated_value,5270.72
693,json,,json,estimated_value,4760.96
1201,json,,json,estimated_value,4760.96
1204,json,,json,estimated_value,4760.96
188,json,,json,estimated_value,4705.92
441,json,,json,estimated_value,4705.92
444,json,,json,estimated_value,3968.96
1214,json,,json,estimated_value,3868.8
138,json,,json,estimated_value,3769.92
1200,json,,json,estimated_value,3720.96
149,json,,json,estimated_value,3480.96
944,json,,json,estimated_value,3294.72
435,json,,json,estimated_value,3248.96
690,json,,json,estimated_value,3203.52
141,json,,json,estimated_value,2937.6
443,json,,json,estimated_value,2937.6
123,word_run,,word_run,estimated_value,2641.92
163,word_run,,word_run,estimated_value,2641.92
204,word_run,,word_run,estimated_value,2641.92
460,word_run,,word_run,estimated_value,2641.92
716,word_run,,word_run,estimated_value,2641.92
972,word_run,,word_run,estimated_value,2641.92
1228,word_run,,word_run,estimated_value,2641.92
1212,json,,json,estimated_value,2600.96
8,news_api,,news_api,estimated_value,2520.0
436,json,,json,estimated_value,2480.0
1207,json,,json,estimated_value,2323.2
952,json,,json,estimated_value,1953.6
186,json,,json,estimated_value,1883.52
14,news_api,,news_api,estimated_value,1848.96
57,technology,2026,excel,estimated_value,1783.32
945,json,,json,estimated_value,1648.32
958,json,,json,estimated_value,1489.92
181,json,,json,estimated_value,1368.96
60,sports,2026,excel,estimated_value,1362.87
1206,json,,json,estimated_value,1281.6
957,json,,json,estimated_value,1253.12
56,culture,2026,excel,estimated_value,1217.8
53,business,2026,excel,estimated_value,1216.52
58,politics,2026,excel,estimated_value,1127.72
59,business,2026,excel,estimated_value,954.96
13,news_api,,news_api,estimated_value,936.32
445,json,,json,estimated_value,936.32
54,sports,2026,excel,estimated_value,920.16
139,json,,json,estimated_value,864.32
117,word_run,,word_run,estimated_value,795.2
157,word_run,,word_run,estimated_value,795.2
198,word_run,,word_run,estimated_value,795.2
454,word_run,,word_run,estimated_value,795.2
710,word_run,,word_run,estimated_value,795.2
966,word_run,,word_run,estimated_value,795.2
1222,word_run,,word_run,estimated_value,795.2
437,json,,json,estimated_value,728.96
52,politics,2026,excel,estimated_value,669.6
55,politics,2026,excel,estimated_value,658.35
116,word_run,,word_run,estimated_value,408.0
156,word_run,,word_run,estimated_value,408.0
197,word_run,,word_run,estimated_value,408.0
453,word_run,,word_run,estimated_value,408.0
709,word_run,,word_run,estimated_value,408.0
965,word_run,,word_run,estimated_value,408.0
1221,word_run,,word_run,estimated_value,408.0
61,business,2026,excel,estimated_value,404.32
122,word_run,,word_run,estimated_value,392.0
162,word_run,,word_run,estimated_value,392.0
203,word_run,,word_run,estimated_value,392.0
363,scraped_json_api,,scraped_json_api,estimated_value,392.0
459,word_run,,word_run,estimated_value,392.0
619,scraped_json_api,,scraped_json_api,estimated_value,392.0
715,word_run,,word_run,estimated_value,392.0
875,scraped_json_api,,scraped_json_api,estimated_value,392.0
971,word_run,,word_run,estimated_value,392.0
1131,scraped_json_api,,scraped_json_api,estimated_value,392.0
1227,word_run,,word_run,estimated_value,392.0
1387,scraped_json_api,,scraped_json_api,estimated_value,392.0
425,scraped_json_api,,scraped_json_api,estimated_value,360.96
681,scraped_json_api,,scraped_json_api,estimated_value,360.96
937,scraped_json_api,,scraped_json_api,estimated_value,360.96
1193,scraped_json_api,,scraped_json_api,estimated_value,360.96
1449,scraped_json_api,,scraped_json_api,estimated_value,360.96
121,word_run,,word_run,estimated_value,302.72
161,word_run,,word_run,estimated_value,302.72
202,word_run,,word_run,estimated_value,302.72
458,word_run,,word_run,estimated_value,302.72
714,word_run,,word_run,estimated_value,302.72
970,word_run,,word_run,estimated_value,302.72
1226,word_run,,word_run,estimated_value,302.72
393,scraped_json_api,,scraped_json_api,estimated_value,275.52
649,scraped_json_api,,scraped_json_api,estimated_value,275.52
905,scraped_json_api,,scraped_json_api,estimated_value,275.52
1161,scraped_json_api,,scraped_json_api,estimated_value,275.52
1417,scraped_json_api,,scraped_json_api,estimated_value,275.52
189,json,,json,estimated_value,213.12
409,scraped_json_api,,scraped_json_api,estimated_value,168.96
665,scraped_json_api,,scraped_json_api,estimated_value,168.96
921,scraped_json_api,,scraped_json_api,estimated_value,168.96
1177,scraped_json_api,,scraped_json_api,estimated_value,168.96
1433,scraped_json_api,,scraped_json_api,estimated_value,168.96
359,scraped_json_api,,scraped_json_api,estimated_value,158.72
615,scraped_json_api,,scraped_json_api,estimated_value,158.72
871,scraped_json_api,,scraped_json_api,estimated_value,158.72
1127,scraped_json_api,,scraped_json_api,estimated_value,158.72
1383,scraped_json_api,,scraped_json_api,estimated_value,158.72
398,scraped_json_api,,scraped_json_api,estimated_value,96.0
404,scraped_json_api,,scraped_json_api,estimated_value,96.0
654,scraped_json_api,,scraped_json_api,estimated_value,96.0
660,scraped_json_api,,scraped_json_api,estimated_value,96.0
910,scraped_json_api,,scraped_json_api,estimated_value,96.0
916,scraped_json_api,,scraped_json_api,estimated_value,96.0
1166,scraped_json_api,,scraped_json_api,estimated_value,96.0
1172,scraped_json_api,,scraped_json_api,estimated_value,96.0
1422,scraped_json_api,,scraped_json_api,estimated_value,96.0
1428,scraped_json_api,,scraped_json_api,estimated_value,96.0
376,scraped_json_api,,scraped_json_api,estimated_value,88.32
382,scraped_json_api,,scraped_json_api,estimated_value,88.32
632,scraped_json_api,,scraped_json_api,estimated_value,88.32
638,scraped_json_api,,scraped_json_api,estimated_value,88.32
888,scraped_json_api,,scraped_json_api,estimated_value,88.32
894,scraped_json_api,,scraped_json_api,estimated_value,88.32
1144,scraped_json_api,,scraped_json_api,estimated_value,88.32
1150,scraped_json_api,,scraped_json_api,estimated_value,88.32
1400,scraped_json_api,,scraped_json_api,estimated_value,88.32
1406,scraped_json_api,,scraped_json_api,estimated_value,88.32
396,scraped_json_api,,scraped_json_api,estimated_value,67.2
652,scraped_json_api,,scraped_json_api,estimated_value,67.2
908,scraped_json_api,,scraped_json_api,estimated_value,67.2
1164,scraped_json_api,,scraped_json_api,estimated_value,67.2
1420,scraped_json_api,,scraped_json_api,estimated_value,67.2
347,scraped_json_api,,scraped_json_api,estimated_value,60.8
414,scraped_json_api,,scraped_json_api,estimated_value,60.8
421,scraped_json_api,,scraped_json_api,estimated_value,60.8
603,scraped_json_api,,scraped_json_api,estimated_value,60.8
670,scraped_json_api,,scraped_json_api,estimated_value,60.8
677,scraped_json_api,,scraped_json_api,estimated_value,60.8
859,scraped_json_api,,scraped_json_api,estimated_value,60.8
926,scraped_json_api,,scraped_json_api,estimated_value,60.8
933,scraped_json_api,,scraped_json_api,estimated_value,60.8
1115,scraped_json_api,,scraped_json_api,estimated_value,60.8
1182,scraped_json_api,,scraped_json_api,estimated_value,60.8
1189,scraped_json_api,,scraped_json_api,estimated_value,60.8
1371,scraped_json_api,,scraped_json_api,estimated_value,60.8
1438,scraped_json_api,,scraped_json_api,estimated_value,60.8
1445,scraped_json_api,,scraped_json_api,estimated_value,60.8
344,scraped_json_api,,scraped_json_api,estimated_value,54.72
387,scraped_json_api,,scraped_json_api,estimated_value,54.72
400,scraped_json_api,,scraped_json_api,estimated_value,54.72
600,scraped_json_api,,scraped_json_api,estimated_value,54.72
643,scraped_json_api,,scraped_json_api,estimated_value,54.72
656,scraped_json_api,,scraped_json_api,estimated_value,54.72
856,scraped_json_api,,scraped_json_api,estimated_value,54.72
899,scraped_json_api,,scraped_json_api,estimated_value,54.72
912,scraped_json_api,,scraped_json_api,estimated_value,54.72
1112,scraped_json_api,,scraped_json_api,estimated_value,54.72
1155,scraped_json_api,,scraped_json_api,estimated_value,54.72
1168,scraped_json_api,,scraped_json_api,estimated_value,54.72
1368,scraped_json_api,,scraped_json_api,estimated_value,54.72
1411,scraped_json_api,,scraped_json_api,estimated_value,54.72
1424,scraped_json_api,,scraped_json_api,estimated_value,54.72
342,scraped_json_api,,scraped_json_api,estimated_value,48.96
349,scraped_json_api,,scraped_json_api,estimated_value,48.96
353,scraped_json_api,,scraped_json_api,estimated_value,48.96
360,scraped_json_api,,scraped_json_api,estimated_value,48.96
598,scraped_json_api,,scraped_json_api,estimated_value,48.96
605,scraped_json_api,,scraped_json_api,estimated_value,48.96
609,scraped_json_api,,scraped_json_api,estimated_value,48.96
616,scraped_json_api,,scraped_json_api,estimated_value,48.96
854,scraped_json_api,,scraped_json_api,estimated_value,48.96
861,scraped_json_api,,scraped_json_api,estimated_value,48.96
865,scraped_json_api,,scraped_json_api,estimated_value,48.96
872,scraped_json_api,,scraped_json_api,estimated_value,48.96
1110,scraped_json_api,,scraped_json_api,estimated_value,48.96
1117,scraped_json_api,,scraped_json_api,estimated_value,48.96
1121,scraped_json_api,,scraped_json_api,estimated_value,48.96
1128,scraped_json_api,,scraped_json_api,estimated_value,48.96
1366,scraped_json_api,,scraped_json_api,estimated_value,48.96
1373,scraped_json_api,,scraped_json_api,estimated_value,48.96
1377,scraped_json_api,,scraped_json_api,estimated_value,48.96
1384,scraped_json_api,,scraped_json_api,estimated_value,48.96
374,scraped_json_api,,scraped_json_api,estimated_value,43.52
377,scraped_json_api,,scraped_json_api,estimated_value,43.52
385,scraped_json_api,,scraped_json_api,estimated_value,43.52
389,scraped_json_api,,scraped_json_api,estimated_value,43.52
395,scraped_json_api,,scraped_json_api,estimated_value,43.52
630,scraped_json_api,,scraped_json_api,estimated_value,43.52
633,scraped_json_api,,scraped_json_api,estimated_value,43.52
641,scraped_json_api,,scraped_json_api,estimated_value,43.52
645,scraped_json_api,,scraped_json_api,estimated_value,43.52
651,scraped_json_api,,scraped_json_api,estimated_value,43.52
886,scraped_json_api,,scraped_json_api,estimated_value,43.52
889,scraped_json_api,,scraped_json_api,estimated_value,43.52
897,scraped_json_api,,scraped_json_api,estimated_value,43.52
901,scraped_json_api,,scraped_json_api,estimated_value,43.52
907,scraped_json_api,,scraped_json_api,estimated_value,43.52
1142,scraped_json_api,,scraped_json_api,estimated_value,43.52
1145,scraped_json_api,,scraped_json_api,estimated_value,43.52
1153,scraped_json_api,,scraped_json_api,estimated_value,43.52
1157,scraped_json_api,,scraped_json_api,estimated_value,43.52
1163,scraped_json_api,,scraped_json_api,estimated_value,43.52
1398,scraped_json_api,,scraped_json_api,estimated_value,43.52
1401,scraped_json_api,,scraped_json_api,estimated_value,43.52
1409,scraped_json_api,,scraped_json_api,estimated_value,43.52
1413,scraped_json_api,,scraped_json_api,estimated_value,43.52
1419,scraped_json_api,,scraped_json_api,estimated_value,43.52
62,excel_summary,,excel_summary,estimated_value,38.4
94,excel_summary,,excel_summary,estimated_value,38.4
134,excel_summary,,excel_summary,estimated_value,38.4
174,excel_summary,,excel_summary,estimated_value,38.4
215,excel_summary,,excel_summary,estimated_value,38.4
217,scraped_html,,scraped_html,estimated_value,38.4
218,scraped_html,,scraped_html,estimated_value,38.4
219,scraped_html,,scraped_html,estimated_value,38.4
220,scraped_html,,scraped_html,estimated_value,38.4
221,scraped_html,,scraped_html,estimated_value,38.4
222,scraped_html,,scraped_html,estimated_value,38.4
223,scraped_html,,scraped_html,estimated_value,38.4
224,scraped_html,,scraped_html,estimated_value,38.4
225,scraped_html,,scraped_html,estimated_value,38.4
226,scraped_html,,scraped_html,estimated_value,38.4
227,scraped_html,,scraped_html,estimated_value,38.4
228,scraped_html,,scraped_html,estimated_value,38.4
229,scraped_html,,scraped_html,estimated_value,38.4
230,scraped_html,,scraped_html,estimated_value,38.4
231,scraped_html,,scraped_html,estimated_value,38.4
232,scraped_html,,scraped_html,estimated_value,38.4
233,scraped_html,,scraped_html,estimated_value,38.4
234,scraped_html,,scraped_html,estimated_value,38.4
235,scraped_html,,scraped_html,estimated_value,38.4
236,scraped_html,,scraped_html,estimated_value,38.4
237,scraped_html,,scraped_html,estimated_value,38.4
238,scraped_html,,scraped_html,estimated_value,38.4
239,scraped_html,,scraped_html,estimated_value,38.4
240,scraped_html,,scraped_html,estimated_value,38.4
241,scraped_html,,scraped_html,estimated_value,38.4
242,scraped_html_paginated,,scraped_html_paginated,estimated_value,38.4
243,scraped_html_paginated,,scraped_html_paginated,estimated_value,38.4
244,scraped_html_paginated,,scraped_html_paginated,estimated_value,38.4
245,scraped_html_paginated,,scraped_html_paginated,estimated_value,38.4
246,scraped_html_paginated,,scraped_html_paginated,estimated_value,38.4
247,scraped_html_paginated,,scraped_html_paginated,estimated_value,38.4
248,scraped_html_paginated,,scraped_html_paginated,estimated_value,38.4
249,scraped_html_paginated,,scraped_html_paginated,estimated_value,38.4
250,scraped_html_paginated,,scraped_html_paginated,estimated_value,38.4
251,scraped_html_paginated,,scraped_html_paginated,estimated_value,38.4
252,scraped_html_paginated,,scraped_html_paginated,estimated_value,38.4
253,scraped_html_paginated,,scraped_html_paginated,estimated_value,38.4
254,scraped_html_paginated,,scraped_html_paginated,estimated_value,38.4
255,scraped_html_paginated,,scraped_html_paginated,estimated_value,38.4
256,scraped_html_paginated,,scraped_html_paginated,estimated_value,38.4
257,scraped_html_paginated,,scraped_html_paginated,estimated_value,38.4
258,scraped_html_paginated,,scraped_html_paginated,estimated_value,38.4
259,scraped_html_paginated,,scraped_html_paginated,estimated_value,38.4
260,scraped_html_paginated,,scraped_html_paginated,estimated_value,38.4
261,scraped_html_paginated,,scraped_html_paginated,estimated_value,38.4
262,scraped_html_paginated,,scraped_html_paginated,estimated_value,38.4
263,scraped_html_paginated,,scraped_html_paginated,estimated_value,38.4
264,scraped_html_paginated,,scraped_html_paginated,estimated_value,38.4
265,scraped_html_paginated,,scraped_html_paginated,estimated_value,38.4
266,scraped_html_paginated,,scraped_html_paginated,estimated_value,38.4
267,scraped_html_paginated,,scraped_html_paginated,estimated_value,38.4
268,scraped_html_paginated,,scraped_html_paginated,estimated_value,38.4
269,scraped_html_paginated,,scraped_html_paginated,estimated_value,38.4
270,scraped_html_paginated,,scraped_html_paginated,estimated_value,38.4
271,scraped_html_paginated,,scraped_html_paginated,estimated_value,38.4
272,scraped_html_paginated,,scraped_html_paginated,estimated_value,38.4
273,scraped_html_paginated,,scraped_html_paginated,estimated_value,38.4
274,scraped_html_paginated,,scraped_html_paginated,estimated_value,38.4
275,scraped_html_paginated,,scraped_html_paginated,estimated_value,38.4
276,scraped_html_paginated,,scraped_html_paginated,estimated_value,38.4
277,scraped_html_paginated,,scraped_html_paginated,estimated_value,38.4
278,scraped_html_paginated,,scraped_html_paginated,estimated_value,38.4
279,scraped_html_paginated,,scraped_html_paginated,estimated_value,38.4
280,scraped_html_paginated,,scraped_html_paginated,estimated_value,38.4
281,scraped_html_paginated,,scraped_html_paginated,estimated_value,38.4
282,scraped_html_paginated,,scraped_html_paginated,estimated_value,38.4
283,scraped_html_paginated,,scraped_html_paginated,estimated_value,38.4
284,scraped_html_paginated,,scraped_html_paginated,estimated_value,38.4
285,scraped_html_paginated,,scraped_html_paginated,estimated_value,38.4
286,scraped_html_paginated,,scraped_html_paginated,estimated_value,38.4
287,scraped_html_paginated,,scraped_html_paginated,estimated_value,38.4
288,scraped_html_paginated,,scraped_html_paginated,estimated_value,38.4
289,scraped_html_paginated,,scraped_html_paginated,estimated_value,38.4
290,scraped_html_paginated,,scraped_html_paginated,estimated_value,38.4
291,scraped_html_paginated,,scraped_html_paginated,estimated_value,38.4
292,scraped_html_paginated,,scraped_html_paginated,estimated_value,38.4
293,scraped_html_paginated,,scraped_html_paginated,estimated_value,38.4
294,scraped_html_paginated,,scraped_html_paginated,estimated_value,38.4
295,scraped_html_paginated,,scraped_html_paginated,estimated_value,38.4
296,scraped_html_paginated,,scraped_html_paginated,estimated_value,38.4
297,scraped_html_paginated,,scraped_html_paginated,estimated_value,38.4
298,scraped_html_paginated,,scraped_html_paginated,estimated_value,38.4
299,scraped_html_paginated,,scraped_html_paginated,estimated_value,38.4
300,scraped_html_paginated,,scraped_html_paginated,estimated_value,38.4
301,scraped_html_paginated,,scraped_html_paginated,estimated_value,38.4
302,scraped_html_paginated,,scraped_html_paginated,estimated_value,38.4
303,scraped_html_paginated,,scraped_html_paginated,estimated_value,38.4
304,scraped_html_paginated,,scraped_html_paginated,estimated_value,38.4
305,scraped_html_paginated,,scraped_html_paginated,estimated_value,38.4
306,scraped_html_paginated,,scraped_html_paginated,estimated_value,38.4
307,scraped_html_paginated,,scraped_html_paginated,estimated_value,38.4
308,scraped_html_paginated,,scraped_html_paginated,estimated_value,38.4
309,scraped_html_paginated,,scraped_html_paginated,estimated_value,38.4
310,scraped_html_paginated,,scraped_html_paginated,estimated_value,38.4
311,scraped_html_paginated,,scraped_html_paginated,estimated_value,38.4
312,scraped_html_paginated,,scraped_html_paginated,estimated_value,38.4
313,scraped_html_paginated,,scraped_html_paginated,estimated_value,38.4
314,scraped_html_paginated,,scraped_html_paginated,estimated_value,38.4
315,scraped_html_paginated,,scraped_html_paginated,estimated_value,38.4
316,scraped_html_paginated,,scraped_html_paginated,estimated_value,38.4
317,scraped_html_paginated,,scraped_html_paginated,estimated_value,38.4
318,scraped_html_paginated,,scraped_html_paginated,estimated_value,38.4
319,scraped_html_paginated,,scraped_html_paginated,estimated_value,38.4
320,scraped_html_paginated,,scraped_html_paginated,estimated_value,38.4
321,scraped_html_paginated,,scraped_html_paginated,estimated_value,38.4
322,scraped_html_paginated,,scraped_html_paginated,estimated_value,38.4
323,scraped_html_paginated,,scraped_html_paginated,estimated_value,38.4
324,scraped_html_paginated,,scraped_html_paginated,estimated_value,38.4
325,scraped_html_paginated,,scraped_html_paginated,estimated_value,38.4
326,scraped_html_paginated,,scraped_html_paginated,estimated_value,38.4
327,scraped_html_paginated,,scraped_html_paginated,estimated_value,38.4
328,scraped_html_paginated,,scraped_html_paginated,estimated_value,38.4
329,scraped_html_paginated,,scraped_html_paginated,estimated_value,38.4
330,scraped_html_paginated,,scraped_html_paginated,estimated_value,38.4
331,scraped_html_paginated,,scraped_html_paginated,estimated_value,38.4
332,scraped_html_paginated,,scraped_html_paginated,estimated_value,38.4
333,scraped_html_paginated,,scraped_html_paginated,estimated_value,38.4
334,scraped_html_paginated,,scraped_html_paginated,estimated_value,38.4
335,scraped_html_paginated,,scraped_html_paginated,estimated_value,38.4
336,scraped_html_paginated,,scraped_html_paginated,estimated_value,38.4
337,scraped_html_paginated,,scraped_html_paginated,estimated_value,38.4
338,scraped_html_paginated,,scraped_html_paginated,estimated_value,38.4
339,scraped_html_paginated,,scraped_html_paginated,estimated_value,38.4
340,scraped_html_paginated,,scraped_html_paginated,estimated_value,38.4
341,scraped_html_paginated,,scraped_html_paginated,estimated_value,38.4
358,scraped_json_api,,scraped_json_api,estimated_value,38.4
401,scraped_json_api,,scraped_json_api,estimated_value,38.4
415,scraped_json_api,,scraped_json_api,estimated_value,38.4
416,scraped_json_api,,scraped_json_api,estimated_value,38.4
417,scraped_json_api,,scraped_json_api,estimated_value,38.4
418,scraped_json_api,,scraped_json_api,estimated_value,38.4
471,excel_summary,,excel_summary,estimated_value,38.4
473,scraped_html,,scraped_html,estimated_value,38.4
474,scraped_html,,scraped_html,estimated_value,38.4
475,scraped_html,,scraped_html,estimated_value,38.4
476,scraped_html,,scraped_html,estimated_value,38.4
477,scraped_html,,scraped_html,estimated_value,38.4
478,scraped_html,,scraped_html,estimated_value,38.4
479,scraped_html,,scraped_html,estimated_value,38.4
480,scraped_html,,scraped_html,estimated_value,38.4
481,scraped_html,,scraped_html,estimated_value,38.4
482,scraped_html,,scraped_html,estimated_value,38.4
483,scraped_html,,scraped_html,estimated_value,38.4
484,scraped_html,,scraped_html,estimated_value,38.4
485,scraped_html,,scraped_html,estimated_value,38.4
486,scraped_html,,scraped_html,estimated_value,38.4
487,scraped_html,,scraped_html,estimated_value,38.4
488,scraped_html,,scraped_html,estimated_value,38.4
489,scraped_html,,scraped_html,estimated_value,38.4
490,scraped_html,,scraped_html,estimated_value,38.4
491,scraped_html,,scraped_html,estimated_value,38.4
492,scraped_html,,scraped_html,estimated_value,38.4
493,scraped_html,,scraped_html,estimated_value,38.4
494,scraped_html,,scraped_html,estimated_value,38.4
495,scraped_html,,scraped_html,estimated_value,38.4
496,scraped_html,,scraped_html,estimated_value,38.4
497,scraped_html,,scraped_html,estimated_value,38.4
498,scraped_html_paginated,,scraped_html_paginated,estimated_value,38.4
499,scraped_html_paginated,,scraped_html_paginated,estimated_value,38.4
500,scraped_html_paginated,,scraped_html_paginated,estimated_value,38.4
501,scraped_html_paginated,,scraped_html_paginated,estimated_value,38.4
502,scraped_html_paginated,,scraped_html_paginated,estimated_value,38.4
503,scraped_html_paginated,,scraped_html_paginated,estimated_value,38.4
504,scraped_html_paginated,,scraped_html_paginated,estimated_value,38.4
505,scraped_html_paginated,,scraped_html_paginated,estimated_value,38.4
506,scraped_html_paginated,,scraped_html_paginated,estimated_value,38.4
507,scraped_html_paginated,,scraped_html_paginated,estimated_value,38.4
508,scraped_html_paginated,,scraped_html_paginated,estimated_value,38.4
509,scraped_html_paginated,,scraped_html_paginated,estimated_value,38.4
510,scraped_html_paginated,,scraped_html_paginated,estimated_value,38.4
511,scraped_html_paginated,,scraped_html_paginated,estimated_value,38.4
512,scraped_html_paginated,,scraped_html_paginated,estimated_value,38.4
513,scraped_html_paginated,,scraped_html_paginated,estimated_value,38.4
514,scraped_html_paginated,,scraped_html_paginated,estimated_value,38.4
515,scraped_html_paginated,,scraped_html_paginated,estimated_value,38.4
516,scraped_html_paginated,,scraped_html_paginated,estimated_value,38.4
517,scraped_html_paginated,,scraped_html_paginated,estimated_value,38.4
518,scraped_html_paginated,,scraped_html_paginated,estimated_value,38.4
519,scraped_html_paginated,,scraped_html_paginated,estimated_value,38.4
520,scraped_html_paginated,,scraped_html_paginated,estimated_value,38.4
521,scraped_html_paginated,,scraped_html_paginated,estimated_value,38.4
522,scraped_html_paginated,,scraped_html_paginated,estimated_value,38.4
523,scraped_html_paginated,,scraped_html_paginated,estimated_value,38.4
524,scraped_html_paginated,,scraped_html_paginated,estimated_value,38.4
525,scraped_html_paginated,,scraped_html_paginated,estimated_value,38.4
526,scraped_html_paginated,,scraped_html_paginated,estimated_value,38.4
527,scraped_html_paginated,,scraped_html_paginated,estimated_value,38.4
528,scraped_html_paginated,,scraped_html_paginated,estimated_value,38.4
529,scraped_html_paginated,,scraped_html_paginated,estimated_value,38.4
530,scraped_html_paginated,,scraped_html_paginated,estimated_value,38.4
531,scraped_html_paginated,,scraped_html_paginated,estimated_value,38.4
532,scraped_html_paginated,,scraped_html_paginated,estimated_value,38.4
533,scraped_html_paginated,,scraped_html_paginated,estimated_value,38.4
534,scraped_html_paginated,,scraped_html_paginated,estimated_value,38.4
535,scraped_html_paginated,,scraped_html_paginated,estimated_value,38.4
536,scraped_html_paginated,,scraped_html_paginated,estimated_value,38.4
537,scraped_html_paginated,,scraped_html_paginated,estimated_value,38.4
538,scraped_html_paginated,,scraped_html_paginated,estimated_value,38.4
539,scraped_html_paginated,,scraped_html_paginated,estimated_value,38.4
540,scraped_html_paginated,,scraped_html_paginated,estimated_value,38.4
541,scraped_html_paginated,,scraped_html_paginated,estimated_value,38.4
542,scraped_html_paginated,,scraped_html_paginated,estimated_value,38.4
543,scraped_html_paginated,,scraped_html_paginated,estimated_value,38.4
544,scraped_html_paginated,,scraped_html_paginated,estimated_value,38.4
545,scraped_html_paginated,,scraped_html_paginated,estimated_value,38.4
546,scraped_html_paginated,,scraped_html_paginated,estimated_value,38.4
547,scraped_html_paginated,,scraped_html_paginated,estimated_value,38.4
548,scraped_html_paginated,,scraped_html_paginated,estimated_value,38.4
549,scraped_html_paginated,,scraped_html_paginated,estimated_value,38.4
550,scraped_html_paginated,,scraped_html_paginated,estimated_value,38.4
551,scraped_html_paginated,,scraped_html_paginated,estimated_value,38.4
552,scraped_html_paginated,,scraped_html_paginated,estimated_value,38.4
553,scraped_html_paginated,,scraped_html_paginated,estimated_value,38.4
554,scraped_html_paginated,,scraped_html_paginated,estimated_value,38.4
555,scraped_html_paginated,,scraped_html_paginated,estimated_value,38.4
556,scraped_html_paginated,,scraped_html_paginated,estimated_value,38.4
557,scraped_html_paginated,,scraped_html_paginated,estimated_value,38.4
558,scraped_html_paginated,,scraped_html_paginated,estimated_value,38.4
559,scraped_html_paginated,,scraped_html_paginated,estimated_value,38.4
560,scraped_html_paginated,,scraped_html_paginated,estimated_value,38.4
561,scraped_html_paginated,,scraped_html_paginated,estimated_value,38.4
562,scraped_html_paginated,,scraped_html_paginated,estimated_value,38.4
563,scraped_html_paginated,,scraped_html_paginated,estimated_value,38.4
564,scraped_html_paginated,,scraped_html_paginated,estimated_value,38.4
565,scraped_html_paginated,,scraped_html_paginated,estimated_value,38.4
566,scraped_html_paginated,,scraped_html_paginated,estimated_value,38.4
567,scraped_html_paginated,,scraped_html_paginated,estimated_value,38.4
568,scraped_html_paginated,,scraped_html_paginated,estimated_value,38.4
569,scraped_html_paginated,,scraped_html_paginated,estimated_value,38.4
570,scraped_html_paginated,,scraped_html_paginated,estimated_value,38.4
571,scraped_html_paginated,,scraped_html_paginated,estimated_value,38.4
572,scraped_html_paginated,,scraped_html_paginated,estimated_value,38.4
573,scraped_html_paginated,,scraped_html_paginated,estimated_value,38.4
574,scraped_html_paginated,,scraped_html_paginated,estimated_value,38.4
575,scraped_html_paginated,,scraped_html_paginated,estimated_value,38.4
576,scraped_html_paginated,,scraped_html_paginated,estimated_value,38.4
577,scraped_html_paginated,,scraped_html_paginated,estimated_value,38.4
578,scraped_html_paginated,,scraped_html_paginated,estimated_value,38.4
579,scraped_html_paginated,,scraped_html_paginated,estimated_value,38.4
580,scraped_html_paginated,,scraped_html_paginated,estimated_value,38.4
581,scraped_html_paginated,,scraped_html_paginated,estimated_value,38.4
582,scraped_html_paginated,,scraped_html_paginated,estimated_value,38.4
583,scraped_html_paginated,,scraped_html_paginated,estimated_value,38.4
584,scraped_html_paginated,,scraped_html_paginated,estimated_value,38.4
585,scraped_html_paginated,,scraped_html_paginated,estimated_value,38.4
586,scraped_html_paginated,,scraped_html_paginated,estimated_value,38.4
587,scraped_html_paginated,,scraped_html_paginated,estimated_value,38.4
588,scraped_html_paginated,,scraped_html_paginated,estimated_value,38.4
589,scraped_html_paginated,,scraped_html_paginated,estimated_value,38.4
590,scraped_html_paginated,,scraped_html_paginated,estimated_value,38.4
591,scraped_html_paginated,,scraped_html_paginated,estimated_value,38.4
592,scraped_html_paginated,,scraped_html_paginated,estimated_value,38.4
593,scraped_html_paginated,,scraped_html_paginated,estimated_value,38.4
594,scraped_html_paginated,,scraped_html_paginated,estimated_value,38.4
595,scraped_html_paginated,,scraped_html_paginated,estimated_value,38.4
596,scraped_html_paginated,,scraped_html_paginated,estimated_value,38.4
597,scraped_html_paginated,,scraped_html_paginated,estimated_value,38.4
614,scraped_json_api,,scraped_json_api,estimated_value,38.4
657,scraped_json_api,,scraped_json_api,estimated_value,38.4
671,scraped_json_api,,scraped_json_api,estimated_value,38.4
672,scraped_json_api,,scraped_json_api,estimated_value,38.4
673,scraped_json_api,,scraped_json_api,estimated_value,38.4
674,scraped_json_api,,scraped_json_api,estimated_value,38.4
727,excel_summary,,excel_summary,estimated_value,38.4
729,scraped_html,,scraped_html,estimated_value,38.4
730,scraped_html,,scraped_html,estimated_value,38.4
731,scraped_html,,scraped_html,estimated_value,38.4
732,scraped_html,,scraped_html,estimated_value,38.4
733,scraped_html,,scraped_html,estimated_value,38.4
734,scraped_html,,scraped_html,estimated_value,38.4
735,scraped_html,,scraped_html,estimated_value,38.4
736,scraped_html,,scraped_html,estimated_value,38.4
737,scraped_html,,scraped_html,estimated_value,38.4
738,scraped_html,,scraped_html,estimated_value,38.4
739,scraped_html,,scraped_html,estimated_value,38.4
740,scraped_html,,scraped_html,estimated_value,38.4
741,scraped_html,,scraped_html,estimated_value,38.4
742,scraped_html,,scraped_html,estimated_value,38.4
743,scraped_html,,scraped_html,estimated_value,38.4
744,scraped_html,,scraped_html,estimated_value,38.4
745,scraped_html,,scraped_html,estimated_value,38.4
746,scraped_html,,scraped_html,estimated_value,38.4
747,scraped_html,,scraped_html,estimated_value,38.4
748,scraped_html,,scraped_html,estimated_value,38.4
749,scraped_html,,scraped_html,estimated_value,38.4
750,scraped_html,,scraped_html,estimated_value,38.4
751,scraped_html,,scraped_html,estimated_value,38.4
752,scraped_html,,scraped_html,estimated_value,38.4
753,scraped_html,,scraped_html,estimated_value,38.4
754,scraped_html_paginated,,scraped_html_paginated,estimated_value,38.4
755,scraped_html_paginated,,scraped_html_paginated,estimated_value,38.4
756,scraped_html_paginated,,scraped_html_paginated,estimated_value,38.4
757,scraped_html_paginated,,scraped_html_paginated,estimated_value,38.4
758,scraped_html_paginated,,scraped_html_paginated,estimated_value,38.4
759,scraped_html_paginated,,scraped_html_paginated,estimated_value,38.4
760,scraped_html_paginated,,scraped_html_paginated,estimated_value,38.4
761,scraped_html_paginated,,scraped_html_paginated,estimated_value,38.4
762,scraped_html_paginated,,scraped_html_paginated,estimated_value,38.4
763,scraped_html_paginated,,scraped_html_paginated,estimated_value,38.4
764,scraped_html_paginated,,scraped_html_paginated,estimated_value,38.4
765,scraped_html_paginated,,scraped_html_paginated,estimated_value,38.4
766,scraped_html_paginated,,scraped_html_paginated,estimated_value,38.4
767,scraped_html_paginated,,scraped_html_paginated,estimated_value,38.4
768,scraped_html_paginated,,scraped_html_paginated,estimated_value,38.4
769,scraped_html_paginated,,scraped_html_paginated,estimated_value,38.4
770,scraped_html_paginated,,scraped_html_paginated,estimated_value,38.4
771,scraped_html_paginated,,scraped_html_paginated,estimated_value,38.4
772,scraped_html_paginated,,scraped_html_paginated,estimated_value,38.4
773,scraped_html_paginated,,scraped_html_paginated,estimated_value,38.4
774,scraped_html_paginated,,scraped_html_paginated,estimated_value,38.4
775,scraped_html_paginated,,scraped_html_paginated,estimated_value,38.4
776,scraped_html_paginated,,scraped_html_paginated,estimated_value,38.4
777,scraped_html_paginated,,scraped_html_paginated,estimated_value,38.4
778,scraped_html_paginated,,scraped_html_paginated,estimated_value,38.4
779,scraped_html_paginated,,scraped_html_paginated,estimated_value,38.4
780,scraped_html_paginated,,scraped_html_paginated,estimated_value,38.4
781,scraped_html_paginated,,scraped_html_paginated,estimated_value,38.4
782,scraped_html_paginated,,scraped_html_paginated,estimated_value,38.4
783,scraped_html_paginated,,scraped_html_paginated,estimated_value,38.4
784,scraped_html_paginated,,scraped_html_paginated,estimated_value,38.4
785,scraped_html_paginated,,scraped_html_paginated,estimated_value,38.4
786,scraped_html_paginated,,scraped_html_paginated,estimated_value,38.4
787,scraped_html_paginated,,scraped_html_paginated,estimated_value,38.4
788,scraped_html_paginated,,scraped_html_paginated,estimated_value,38.4
789,scraped_html_paginated,,scraped_html_paginated,estimated_value,38.4
790,scraped_html_paginated,,scraped_html_paginated,estimated_value,38.4
791,scraped_html_paginated,,scraped_html_paginated,estimated_value,38.4
792,scraped_html_paginated,,scraped_html_paginated,estimated_value,38.4
793,scraped_html_paginated,,scraped_html_paginated,estimated_value,38.4
794,scraped_html_paginated,,scraped_html_paginated,estimated_value,38.4
795,scraped_html_paginated,,scraped_html_paginated,estimated_value,38.4
796,scraped_html_paginated,,scraped_html_paginated,estimated_value,38.4
797,scraped_html_paginated,,scraped_html_paginated,estimated_value,38.4
798,scraped_html_paginated,,scraped_html_paginated,estimated_value,38.4
799,scraped_html_paginated,,scraped_html_paginated,estimated_value,38.4
800,scraped_html_paginated,,scraped_html_paginated,estimated_value,38.4
801,scraped_html_paginated,,scraped_html_paginated,estimated_value,38.4
802,scraped_html_paginated,,scraped_html_paginated,estimated_value,38.4
803,scraped_html_paginated,,scraped_html_paginated,estimated_value,38.4
804,scraped_html_paginated,,scraped_html_paginated,estimated_value,38.4
805,scraped_html_paginated,,scraped_html_paginated,estimated_value,38.4
806,scraped_html_paginated,,scraped_html_paginated,estimated_value,38.4
807,scraped_html_paginated,,scraped_html_paginated,estimated_value,38.4
808,scraped_html_paginated,,scraped_html_paginated,estimated_value,38.4
809,scraped_html_paginated,,scraped_html_paginated,estimated_value,38.4
810,scraped_html_paginated,,scraped_html_paginated,estimated_value,38.4
811,scraped_html_paginated,,scraped_html_paginated,estimated_value,38.4
812,scraped_html_paginated,,scraped_html_paginated,estimated_value,38.4
813,scraped_html_paginated,,scraped_html_paginated,estimated_value,38.4
814,scraped_html_paginated,,scraped_html_paginated,estimated_value,38.4
815,scraped_html_paginated,,scraped_html_paginated,estimated_value,38.4
816,scraped_html_paginated,,scraped_html_paginated,estimated_value,38.4
817,scraped_html_paginated,,scraped_html_paginated,estimated_value,38.4
818,scraped_html_paginated,,scraped_html_paginated,estimated_value,38.4
819,scraped_html_paginated,,scraped_html_paginated,estimated_value,38.4
820,scraped_html_paginated,,scraped_html_paginated,estimated_value,38.4
821,scraped_html_paginated,,scraped_html_paginated,estimated_value,38.4
822,scraped_html_paginated,,scraped_html_paginated,estimated_value,38.4
823,scraped_html_paginated,,scraped_html_paginated,estimated_value,38.4
824,scraped_html_paginated,,scraped_html_paginated,estimated_value,38.4
825,scraped_html_paginated,,scraped_html_paginated,estimated_value,38.4
826,scraped_html_paginated,,scraped_html_paginated,estimated_value,38.4
827,scraped_html_paginated,,scraped_html_paginated,estimated_value,38.4
828,scraped_html_paginated,,scraped_html_paginated,estimated_value,38.4
829,scraped_html_paginated,,scraped_html_paginated,estimated_value,38.4
830,scraped_html_paginated,,scraped_html_paginated,estimated_value,38.4
831,scraped_html_paginated,,scraped_html_paginated,estimated_value,38.4
832,scraped_html_paginated,,scraped_html_paginated,estimated_value,38.4
833,scraped_html_paginated,,scraped_html_paginated,estimated_value,38.4
834,scraped_html_paginated,,scraped_html_paginated,estimated_value,38.4
835,scraped_html_paginated,,scraped_html_paginated,estimated_value,38.4
836,scraped_html_paginated,,scraped_html_paginated,estimated_value,38.4
837,scraped_html_paginated,,scraped_html_paginated,estimated_value,38.4
838,scraped_html_paginated,,scraped_html_paginated,estimated_value,38.4
839,scraped_html_paginated,,scraped_html_paginated,estimated_value,38.4
840,scraped_html_paginated,,scraped_html_paginated,estimated_value,38.4
841,scraped_html_paginated,,scraped_html_paginated,estimated_value,38.4
842,scraped_html_paginated,,scraped_html_paginated,estimated_value,38.4
843,scraped_html_paginated,,scraped_html_paginated,estimated_value,38.4
844,scraped_html_paginated,,scraped_html_paginated,estimated_value,38.4
845,scraped_html_paginated,,scraped_html_paginated,estimated_value,38.4
846,scraped_html_paginated,,scraped_html_paginated,estimated_value,38.4
847,scraped_html_paginated,,scraped_html_paginated,estimated_value,38.4
848,scraped_html_paginated,,scraped_html_paginated,estimated_value,38.4
849,scraped_html_paginated,,scraped_html_paginated,estimated_value,38.4
850,scraped_html_paginated,,scraped_html_paginated,estimated_value,38.4
851,scraped_html_paginated,,scraped_html_paginated,estimated_value,38.4
852,scraped_html_paginated,,scraped_html_paginated,estimated_value,38.4
853,scraped_html_paginated,,scraped_html_paginated,estimated_value,38.4
870,scraped_json_api,,scraped_json_api,estimated_value,38.4
913,scraped_json_api,,scraped_json_api,estimated_value,38.4
927,scraped_json_api,,scraped_json_api,estimated_value,38.4
928,scraped_json_api,,scraped_json_api,estimated_value,38.4
929,scraped_json_api,,scraped_json_api,estimated_value,38.4
930,scraped_json_api,,scraped_json_api,estimated_value,38.4
983,excel_summary,,excel_summary,estimated_value,38.4
985,scraped_html,,scraped_html,estimated_value,38.4
986,scraped_html,,scraped_html,estimated_value,38.4
987,scraped_html,,scraped_html,estimated_value,38.4
988,scraped_html,,scraped_html,estimated_value,38.4
989,scraped_html,,scraped_html,estimated_value,38.4
990,scraped_html,,scraped_html,estimated_value,38.4
991,scraped_html,,scraped_html,estimated_value,38.4
992,scraped_html,,scraped_html,estimated_value,38.4
993,scraped_html,,scraped_html,estimated_value,38.4
994,scraped_html,,scraped_html,estimated_value,38.4
995,scraped_html,,scraped_html,estimated_value,38.4
996,scraped_html,,scraped_html,estimated_value,38.4
997,scraped_html,,scraped_html,estimated_value,38.4
998,scraped_html,,scraped_html,estimated_value,38.4
999,scraped_html,,scraped_html,estimated_value,38.4
1000,scraped_html,,scraped_html,estimated_value,38.4
1001,scraped_html,,scraped_html,estimated_value,38.4
1002,scraped_html,,scraped_html,estimated_value,38.4
1003,scraped_html,,scraped_html,estimated_value,38.4
1004,scraped_html,,scraped_html,estimated_value,38.4
1005,scraped_html,,scraped_html,estimated_value,38.4
1006,scraped_html,,scraped_html,estimated_value,38.4
1007,scraped_html,,scraped_html,estimated_value,38.4
1008,scraped_html,,scraped_html,estimated_value,38.4
1009,scraped_html,,scraped_html,estimated_value,38.4
1010,scraped_html_paginated,,scraped_html_paginated,estimated_value,38.4
1011,scraped_html_paginated,,scraped_html_paginated,estimated_value,38.4
1012,scraped_html_paginated,,scraped_html_paginated,estimated_value,38.4
1013,scraped_html_paginated,,scraped_html_paginated,estimated_value,38.4
1014,scraped_html_paginated,,scraped_html_paginated,estimated_value,38.4
1015,scraped_html_paginated,,scraped_html_paginated,estimated_value,38.4
1016,scraped_html_paginated,,scraped_html_paginated,estimated_value,38.4
1017,scraped_html_paginated,,scraped_html_paginated,estimated_value,38.4
1018,scraped_html_paginated,,scraped_html_paginated,estimated_value,38.4
1019,scraped_html_paginated,,scraped_html_paginated,estimated_value,38.4
1020,scraped_html_paginated,,scraped_html_paginated,estimated_value,38.4
1021,scraped_html_paginated,,scraped_html_paginated,estimated_value,38.4
1022,scraped_html_paginated,,scraped_html_paginated,estimated_value,38.4
1023,scraped_html_paginated,,scraped_html_paginated,estimated_value,38.4
1024,scraped_html_paginated,,scraped_html_paginated,estimated_value,38.4
1025,scraped_html_paginated,,scraped_html_paginated,estimated_value,38.4
1026,scraped_html_paginated,,scraped_html_paginated,estimated_value,38.4
1027,scraped_html_paginated,,scraped_html_paginated,estimated_value,38.4
1028,scraped_html_paginated,,scraped_html_paginated,estimated_value,38.4
1029,scraped_html_paginated,,scraped_html_paginated,estimated_value,38.4
1030,scraped_html_paginated,,scraped_html_paginated,estimated_value,38.4
1031,scraped_html_paginated,,scraped_html_paginated,estimated_value,38.4
1032,scraped_html_paginated,,scraped_html_paginated,estimated_value,38.4
1033,scraped_html_paginated,,scraped_html_paginated,estimated_value,38.4
1034,scraped_html_paginated,,scraped_html_paginated,estimated_value,38.4
1035,scraped_html_paginated,,scraped_html_paginated,estimated_value,38.4
1036,scraped_html_paginated,,scraped_html_paginated,estimated_value,38.4
1037,scraped_html_paginated,,scraped_html_paginated,estimated_value,38.4
1038,scraped_html_paginated,,scraped_html_paginated,estimated_value,38.4
1039,scraped_html_paginated,,scraped_html_paginated,estimated_value,38.4
1040,scraped_html_paginated,,scraped_html_paginated,estimated_value,38.4
1041,scraped_html_paginated,,scraped_html_paginated,estimated_value,38.4
1042,scraped_html_paginated,,scraped_html_paginated,estimated_value,38.4
1043,scraped_html_paginated,,scraped_html_paginated,estimated_value,38.4
1044,scraped_html_paginated,,scraped_html_paginated,estimated_value,38.4
1045,scraped_html_paginated,,scraped_html_paginated,estimated_value,38.4
1046,scraped_html_paginated,,scraped_html_paginated,estimated_value,38.4
1047,scraped_html_paginated,,scraped_html_paginated,estimated_value,38.4
1048,scraped_html_paginated,,scraped_html_paginated,estimated_value,38.4
1049,scraped_html_paginated,,scraped_html_paginated,estimated_value,38.4
1050,scraped_html_paginated,,scraped_html_paginated,estimated_value,38.4
1051,scraped_html_paginated,,scraped_html_paginated,estimated_value,38.4
1052,scraped_html_paginated,,scraped_html_paginated,estimated_value,38.4
1053,scraped_html_paginated,,scraped_html_paginated,estimated_value,38.4
1054,scraped_html_paginated,,scraped_html_paginated,estimated_value,38.4
1055,scraped_html_paginated,,scraped_html_paginated,estimated_value,38.4
1056,scraped_html_paginated,,scraped_html_paginated,estimated_value,38.4
1057,scraped_html_paginated,,scraped_html_paginated,estimated_value,38.4
1058,scraped_html_paginated,,scraped_html_paginated,estimated_value,38.4
1059,scraped_html_paginated,,scraped_html_paginated,estimated_value,38.4
1060,scraped_html_paginated,,scraped_html_paginated,estimated_value,38.4
1061,scraped_html_paginated,,scraped_html_paginated,estimated_value,38.4
1062,scraped_html_paginated,,scraped_html_paginated,estimated_value,38.4
1063,scraped_html_paginated,,scraped_html_paginated,estimated_value,38.4
1064,scraped_html_paginated,,scraped_html_paginated,estimated_value,38.4
1065,scraped_html_paginated,,scraped_html_paginated,estimated_value,38.4
1066,scraped_html_paginated,,scraped_html_paginated,estimated_value,38.4
1067,scraped_html_paginated,,scraped_html_paginated,estimated_value,38.4
1068,scraped_html_paginated,,scraped_html_paginated,estimated_value,38.4
1069,scraped_html_paginated,,scraped_html_paginated,estimated_value,38.4
1070,scraped_html_paginated,,scraped_html_paginated,estimated_value,38.4
1071,scraped_html_paginated,,scraped_html_paginated,estimated_value,38.4
1072,scraped_html_paginated,,scraped_html_paginated,estimated_value,38.4
1073,scraped_html_paginated,,scraped_html_paginated,estimated_value,38.4
1074,scraped_html_paginated,,scraped_html_paginated,estimated_value,38.4
1075,scraped_html_paginated,,scraped_html_paginated,estimated_value,38.4
1076,scraped_html_paginated,,scraped_html_paginated,estimated_value,38.4
1077,scraped_html_paginated,,scraped_html_paginated,estimated_value,38.4
1078,scraped_html_paginated,,scraped_html_paginated,estimated_value,38.4
1079,scraped_html_paginated,,scraped_html_paginated,estimated_value,38.4
1080,scraped_html_paginated,,scraped_html_paginated,estimated_value,38.4
1081,scraped_html_paginated,,scraped_html_paginated,estimated_value,38.4
1082,scraped_html_paginated,,scraped_html_paginated,estimated_value,38.4
1083,scraped_html_paginated,,scraped_html_paginated,estimated_value,38.4
1084,scraped_html_paginated,,scraped_html_paginated,estimated_value,38.4
1085,scraped_html_paginated,,scraped_html_paginated,estimated_value,38.4
1086,scraped_html_paginated,,scraped_html_paginated,estimated_value,38.4
1087,scraped_html_paginated,,scraped_html_paginated,estimated_value,38.4
1088,scraped_html_paginated,,scraped_html_paginated,estimated_value,38.4
1089,scraped_html_paginated,,scraped_html_paginated,estimated_value,38.4
1090,scraped_html_paginated,,scraped_html_paginated,estimated_value,38.4
1091,scraped_html_paginated,,scraped_html_paginated,estimated_value,38.4
1092,scraped_html_paginated,,scraped_html_paginated,estimated_value,38.4
1093,scraped_html_paginated,,scraped_html_paginated,estimated_value,38.4
1094,scraped_html_paginated,,scraped_html_paginated,estimated_value,38.4
1095,scraped_html_paginated,,scraped_html_paginated,estimated_value,38.4
1096,scraped_html_paginated,,scraped_html_paginated,estimated_value,38.4
1097,scraped_html_paginated,,scraped_html_paginated,estimated_value,38.4
1098,scraped_html_paginated,,scraped_html_paginated,estimated_value,38.4
1099,scraped_html_paginated,,scraped_html_paginated,estimated_value,38.4
1100,scraped_html_paginated,,scraped_html_paginated,estimated_value,38.4
1101,scraped_html_paginated,,scraped_html_paginated,estimated_value,38.4
1102,scraped_html_paginated,,scraped_html_paginated,estimated_value,38.4
1103,scraped_html_paginated,,scraped_html_paginated,estimated_value,38.4
1104,scraped_html_paginated,,scraped_html_paginated,estimated_value,38.4
1105,scraped_html_paginated,,scraped_html_paginated,estimated_value,38.4
1106,scraped_html_paginated,,scraped_html_paginated,estimated_value,38.4
1107,scraped_html_paginated,,scraped_html_paginated,estimated_value,38.4
1108,scraped_html_paginated,,scraped_html_paginated,estimated_value,38.4
1109,scraped_html_paginated,,scraped_html_paginated,estimated_value,38.4
1126,scraped_json_api,,scraped_json_api,estimated_value,38.4
1169,scraped_json_api,,scraped_json_api,estimated_value,38.4
1183,scraped_json_api,,scraped_json_api,estimated_value,38.4
1184,scraped_json_api,,scraped_json_api,estimated_value,38.4
1185,scraped_json_api,,scraped_json_api,estimated_value,38.4
1186,scraped_json_api,,scraped_json_api,estimated_value,38.4
1239,excel_summary,,excel_summary,estimated_value,38.4
1241,scraped_html,,scraped_html,estimated_value,38.4
1242,scraped_html,,scraped_html,estimated_value,38.4
1243,scraped_html,,scraped_html,estimated_value,38.4
1244,scraped_html,,scraped_html,estimated_value,38.4
1245,scraped_html,,scraped_html,estimated_value,38.4
1246,scraped_html,,scraped_html,estimated_value,38.4
1247,scraped_html,,scraped_html,estimated_value,38.4
1248,scraped_html,,scraped_html,estimated_value,38.4
1249,scraped_html,,scraped_html,estimated_value,38.4
1250,scraped_html,,scraped_html,estimated_value,38.4
1251,scraped_html,,scraped_html,estimated_value,38.4
1252,scraped_html,,scraped_html,estimated_value,38.4
1253,scraped_html,,scraped_html,estimated_value,38.4
1254,scraped_html,,scraped_html,estimated_value,38.4
1255,scraped_html,,scraped_html,estimated_value,38.4
1256,scraped_html,,scraped_html,estimated_value,38.4
1257,scraped_html,,scraped_html,estimated_value,38.4
1258,scraped_html,,scraped_html,estimated_value,38.4
1259,scraped_html,,scraped_html,estimated_value,38.4
1260,scraped_html,,scraped_html,estimated_value,38.4
1261,scraped_html,,scraped_html,estimated_value,38.4
1262,scraped_html,,scraped_html,estimated_value,38.4
1263,scraped_html,,scraped_html,estimated_value,38.4
1264,scraped_html,,scraped_html,estimated_value,38.4
1265,scraped_html,,scraped_html,estimated_value,38.4
1266,scraped_html_paginated,,scraped_html_paginated,estimated_value,38.4
1267,scraped_html_paginated,,scraped_html_paginated,estimated_value,38.4
1268,scraped_html_paginated,,scraped_html_paginated,estimated_value,38.4
1269,scraped_html_paginated,,scraped_html_paginated,estimated_value,38.4
1270,scraped_html_paginated,,scraped_html_paginated,estimated_value,38.4
1271,scraped_html_paginated,,scraped_html_paginated,estimated_value,38.4
1272,scraped_html_paginated,,scraped_html_paginated,estimated_value,38.4
1273,scraped_html_paginated,,scraped_html_paginated,estimated_value,38.4
1274,scraped_html_paginated,,scraped_html_paginated,estimated_value,38.4
1275,scraped_html_paginated,,scraped_html_paginated,estimated_value,38.4
1276,scraped_html_paginated,,scraped_html_paginated,estimated_value,38.4
1277,scraped_html_paginated,,scraped_html_paginated,estimated_value,38.4
1278,scraped_html_paginated,,scraped_html_paginated,estimated_value,38.4
1279,scraped_html_paginated,,scraped_html_paginated,estimated_value,38.4
1280,scraped_html_paginated,,scraped_html_paginated,estimated_value,38.4
1281,scraped_html_paginated,,scraped_html_paginated,estimated_value,38.4
1282,scraped_html_paginated,,scraped_html_paginated,estimated_value,38.4
1283,scraped_html_paginated,,scraped_html_paginated,estimated_value,38.4
1284,scraped_html_paginated,,scraped_html_paginated,estimated_value,38.4
1285,scraped_html_paginated,,scraped_html_paginated,estimated_value,38.4
1286,scraped_html_paginated,,scraped_html_paginated,estimated_value,38.4
1287,scraped_html_paginated,,scraped_html_paginated,estimated_value,38.4
1288,scraped_html_paginated,,scraped_html_paginated,estimated_value,38.4
1289,scraped_html_paginated,,scraped_html_paginated,estimated_value,38.4
1290,scraped_html_paginated,,scraped_html_paginated,estimated_value,38.4
1291,scraped_html_paginated,,scraped_html_paginated,estimated_value,38.4
1292,scraped_html_paginated,,scraped_html_paginated,estimated_value,38.4
1293,scraped_html_paginated,,scraped_html_paginated,estimated_value,38.4
1294,scraped_html_paginated,,scraped_html_paginated,estimated_value,38.4
1295,scraped_html_paginated,,scraped_html_paginated,estimated_value,38.4
1296,scraped_html_paginated,,scraped_html_paginated,estimated_value,38.4
1297,scraped_html_paginated,,scraped_html_paginated,estimated_value,38.4
1298,scraped_html_paginated,,scraped_html_paginated,estimated_value,38.4
1299,scraped_html_paginated,,scraped_html_paginated,estimated_value,38.4
1300,scraped_html_paginated,,scraped_html_paginated,estimated_value,38.4
1301,scraped_html_paginated,,scraped_html_paginated,estimated_value,38.4
1302,scraped_html_paginated,,scraped_html_paginated,estimated_value,38.4
1303,scraped_html_paginated,,scraped_html_paginated,estimated_value,38.4
1304,scraped_html_paginated,,scraped_html_paginated,estimated_value,38.4
1305,scraped_html_paginated,,scraped_html_paginated,estimated_value,38.4
1306,scraped_html_paginated,,scraped_html_paginated,estimated_value,38.4
1307,scraped_html_paginated,,scraped_html_paginated,estimated_value,38.4
1308,scraped_html_paginated,,scraped_html_paginated,estimated_value,38.4
1309,scraped_html_paginated,,scraped_html_paginated,estimated_value,38.4
1310,scraped_html_paginated,,scraped_html_paginated,estimated_value,38.4
1311,scraped_html_paginated,,scraped_html_paginated,estimated_value,38.4
1312,scraped_html_paginated,,scraped_html_paginated,estimated_value,38.4
1313,scraped_html_paginated,,scraped_html_paginated,estimated_value,38.4
1314,scraped_html_paginated,,scraped_html_paginated,estimated_value,38.4
1315,scraped_html_paginated,,scraped_html_paginated,estimated_value,38.4
1316,scraped_html_paginated,,scraped_html_paginated,estimated_value,38.4
1317,scraped_html_paginated,,scraped_html_paginated,estimated_value,38.4
1318,scraped_html_paginated,,scraped_html_paginated,estimated_value,38.4
1319,scraped_html_paginated,,scraped_html_paginated,estimated_value,38.4
1320,scraped_html_paginated,,scraped_html_paginated,estimated_value,38.4
1321,scraped_html_paginated,,scraped_html_paginated,estimated_value,38.4
1322,scraped_html_paginated,,scraped_html_paginated,estimated_value,38.4
1323,scraped_html_paginated,,scraped_html_paginated,estimated_value,38.4
1324,scraped_html_paginated,,scraped_html_paginated,estimated_value,38.4
1325,scraped_html_paginated,,scraped_html_paginated,estimated_value,38.4
1326,scraped_html_paginated,,scraped_html_paginated,estimated_value,38.4
1327,scraped_html_paginated,,scraped_html_paginated,estimated_value,38.4
1328,scraped_html_paginated,,scraped_html_paginated,estimated_value,38.4
1329,scraped_html_paginated,,scraped_html_paginated,estimated_value,38.4
1330,scraped_html_paginated,,scraped_html_paginated,estimated_value,38.4
1331,scraped_html_paginated,,scraped_html_paginated,estimated_value,38.4
1332,scraped_html_paginated,,scraped_html_paginated,estimated_value,38.4
1333,scraped_html_paginated,,scraped_html_paginated,estimated_value,38.4
1334,scraped_html_paginated,,scraped_html_paginated,estimated_value,38.4
1335,scraped_html_paginated,,scraped_html_paginated,estimated_value,38.4
1336,scraped_html_paginated,,scraped_html_paginated,estimated_value,38.4
1337,scraped_html_paginated,,scraped_html_paginated,estimated_value,38.4
1338,scraped_html_paginated,,scraped_html_paginated,estimated_value,38.4
1339,scraped_html_paginated,,scraped_html_paginated,estimated_value,38.4
1340,scraped_html_paginated,,scraped_html_paginated,estimated_value,38.4
1341,scraped_html_paginated,,scraped_html_paginated,estimated_value,38.4
1342,scraped_html_paginated,,scraped_html_paginated,estimated_value,38.4
1343,scraped_html_paginated,,scraped_html_paginated,estimated_value,38.4
1344,scraped_html_paginated,,scraped_html_paginated,estimated_value,38.4
1345,scraped_html_paginated,,scraped_html_paginated,estimated_value,38.4
1346,scraped_html_paginated,,scraped_html_paginated,estimated_value,38.4
1347,scraped_html_paginated,,scraped_html_paginated,estimated_value,38.4
1348,scraped_html_paginated,,scraped_html_paginated,estimated_value,38.4
1349,scraped_html_paginated,,scraped_html_paginated,estimated_value,38.4
1350,scraped_html_paginated,,scraped_html_paginated,estimated_value,38.4
1351,scraped_html_paginated,,scraped_html_paginated,estimated_value,38.4
1352,scraped_html_paginated,,scraped_html_paginated,estimated_value,38.4
1353,scraped_html_paginated,,scraped_html_paginated,estimated_value,38.4
1354,scraped_html_paginated,,scraped_html_paginated,estimated_value,38.4
1355,scraped_html_paginated,,scraped_html_paginated,estimated_value,38.4
1356,scraped_html_paginated,,scraped_html_paginated,estimated_value,38.4
1357,scraped_html_paginated,,scraped_html_paginated,estimated_value,38.4
1358,scraped_html_paginated,,scraped_html_paginated,estimated_value,38.4
1359,scraped_html_paginated,,scraped_html_paginated,estimated_value,38.4
1360,scraped_html_paginated,,scraped_html_paginated,estimated_value,38.4
1361,scraped_html_paginated,,scraped_html_paginated,estimated_value,38.4
1362,scraped_html_paginated,,scraped_html_paginated,estimated_value,38.4
1363,scraped_html_paginated,,scraped_html_paginated,estimated_value,38.4
1364,scraped_html_paginated,,scraped_html_paginated,estimated_value,38.4
1365,scraped_html_paginated,,scraped_html_paginated,estimated_value,38.4
1382,scraped_json_api,,scraped_json_api,estimated_value,38.4
1425,scraped_json_api,,scraped_json_api,estimated_value,38.4
1439,scraped_json_api,,scraped_json_api,estimated_value,38.4
1440,scraped_json_api,,scraped_json_api,estimated_value,38.4
1441,scraped_json_api,,scraped_json_api,estimated_value,38.4
1442,scraped_json_api,,scraped_json_api,estimated_value,38.4
350,scraped_json_api,,scraped_json_api,estimated_value,33.6
372,scraped_json_api,,scraped_json_api,estimated_value,33.6
410,scraped_json_api,,scraped_json_api,estimated_value,33.6
606,scraped_json_api,,scraped_json_api,estimated_value,33.6
628,scraped_json_api,,scraped_json_api,estimated_value,33.6
666,scraped_json_api,,scraped_json_api,estimated_value,33.6
862,scraped_json_api,,scraped_json_api,estimated_value,33.6
884,scraped_json_api,,scraped_json_api,estimated_value,33.6
922,scraped_json_api,,scraped_json_api,estimated_value,33.6
1118,scraped_json_api,,scraped_json_api,estimated_value,33.6
1140,scraped_json_api,,scraped_json_api,estimated_value,33.6
1178,scraped_json_api,,scraped_json_api,estimated_value,33.6
1374,scraped_json_api,,scraped_json_api,estimated_value,33.6
1396,scraped_json_api,,scraped_json_api,estimated_value,33.6
1434,scraped_json_api,,scraped_json_api,estimated_value,33.6
357,scraped_json_api,,scraped_json_api,estimated_value,29.12
379,scraped_json_api,,scraped_json_api,estimated_value,29.12
613,scraped_json_api,,scraped_json_api,estimated_value,29.12
635,scraped_json_api,,scraped_json_api,estimated_value,29.12
869,scraped_json_api,,scraped_json_api,estimated_value,29.12
891,scraped_json_api,,scraped_json_api,estimated_value,29.12
1125,scraped_json_api,,scraped_json_api,estimated_value,29.12
1147,scraped_json_api,,scraped_json_api,estimated_value,29.12
1381,scraped_json_api,,scraped_json_api,estimated_value,29.12
1403,scraped_json_api,,scraped_json_api,estimated_value,29.12
362,scraped_json_api,,scraped_json_api,estimated_value,24.96
391,scraped_json_api,,scraped_json_api,estimated_value,24.96
403,scraped_json_api,,scraped_json_api,estimated_value,24.96
618,scraped_json_api,,scraped_json_api,estimated_value,24.96
647,scraped_json_api,,scraped_json_api,estimated_value,24.96
659,scraped_json_api,,scraped_json_api,estimated_value,24.96
874,scraped_json_api,,scraped_json_api,estimated_value,24.96
903,scraped_json_api,,scraped_json_api,estimated_value,24.96
915,scraped_json_api,,scraped_json_api,estimated_value,24.96
1130,scraped_json_api,,scraped_json_api,estimated_value,24.96
1159,scraped_json_api,,scraped_json_api,estimated_value,24.96
1171,scraped_json_api,,scraped_json_api,estimated_value,24.96
1386,scraped_json_api,,scraped_json_api,estimated_value,24.96
1415,scraped_json_api,,scraped_json_api,estimated_value,24.96
1427,scraped_json_api,,scraped_json_api,estimated_value,24.96
345,scraped_json_api,,scraped_json_api,estimated_value,21.12
346,scraped_json_api,,scraped_json_api,estimated_value,21.12
351,scraped_json_api,,scraped_json_api,estimated_value,21.12
352,scraped_json_api,,scraped_json_api,estimated_value,21.12
366,scraped_json_api,,scraped_json_api,estimated_value,21.12
367,scraped_json_api,,scraped_json_api,estimated_value,21.12
407,scraped_json_api,,scraped_json_api,estimated_value,21.12
411,scraped_json_api,,scraped_json_api,estimated_value,21.12
413,scraped_json_api,,scraped_json_api,estimated_value,21.12
420,scraped_json_api,,scraped_json_api,estimated_value,21.12
422,scraped_json_api,,scraped_json_api,estimated_value,21.12
424,scraped_json_api,,scraped_json_api,estimated_value,21.12
426,scraped_json_api,,scraped_json_api,estimated_value,21.12
428,scraped_json_api,,scraped_json_api,estimated_value,21.12
601,scraped_json_api,,scraped_json_api,estimated_value,21.12
602,scraped_json_api,,scraped_json_api,estimated_value,21.12
607,scraped_json_api,,scraped_json_api,estimated_value,21.12
608,scraped_json_api,,scraped_json_api,estimated_value,21.12
622,scraped_json_api,,scraped_json_api,estimated_value,21.12
623,scraped_json_api,,scraped_json_api,estimated_value,21.12
663,scraped_json_api,,scraped_json_api,estimated_value,21.12
667,scraped_json_api,,scraped_json_api,estimated_value,21.12
669,scraped_json_api,,scraped_json_api,estimated_value,21.12
676,scraped_json_api,,scraped_json_api,estimated_value,21.12
678,scraped_json_api,,scraped_json_api,estimated_value,21.12
680,scraped_json_api,,scraped_json_api,estimated_value,21.12
682,scraped_json_api,,scraped_json_api,estimated_value,21.12
684,scraped_json_api,,scraped_json_api,estimated_value,21.12
857,scraped_json_api,,scraped_json_api,estimated_value,21.12
858,scraped_json_api,,scraped_json_api,estimated_value,21.12
863,scraped_json_api,,scraped_json_api,estimated_value,21.12
864,scraped_json_api,,scraped_json_api,estimated_value,21.12
878,scraped_json_api,,scraped_json_api,estimated_value,21.12
879,scraped_json_api,,scraped_json_api,estimated_value,21.12
919,scraped_json_api,,scraped_json_api,estimated_value,21.12
923,scraped_json_api,,scraped_json_api,estimated_value,21.12
925,scraped_json_api,,scraped_json_api,estimated_value,21.12
932,scraped_json_api,,scraped_json_api,estimated_value,21.12
934,scraped_json_api,,scraped_json_api,estimated_value,21.12
936,scraped_json_api,,scraped_json_api,estimated_value,21.12
938,scraped_json_api,,scraped_json_api,estimated_value,21.12
940,scraped_json_api,,scraped_json_api,estimated_value,21.12
1113,scraped_json_api,,scraped_json_api,estimated_value,21.12
1114,scraped_json_api,,scraped_json_api,estimated_value,21.12
1119,scraped_json_api,,scraped_json_api,estimated_value,21.12
1120,scraped_json_api,,scraped_json_api,estimated_value,21.12
1134,scraped_json_api,,scraped_json_api,estimated_value,21.12
1135,scraped_json_api,,scraped_json_api,estimated_value,21.12
1175,scraped_json_api,,scraped_json_api,estimated_value,21.12
1179,scraped_json_api,,scraped_json_api,estimated_value,21.12
1181,scraped_json_api,,scraped_json_api,estimated_value,21.12
1188,scraped_json_api,,scraped_json_api,estimated_value,21.12
1190,scraped_json_api,,scraped_json_api,estimated_value,21.12
1192,scraped_json_api,,scraped_json_api,estimated_value,21.12
1194,scraped_json_api,,scraped_json_api,estimated_value,21.12
1196,scraped_json_api,,scraped_json_api,estimated_value,21.12
1369,scraped_json_api,,scraped_json_api,estimated_value,21.12
1370,scraped_json_api,,scraped_json_api,estimated_value,21.12
1375,scraped_json_api,,scraped_json_api,estimated_value,21.12
1376,scraped_json_api,,scraped_json_api,estimated_value,21.12
1390,scraped_json_api,,scraped_json_api,estimated_value,21.12
1391,scraped_json_api,,scraped_json_api,estimated_value,21.12
1431,scraped_json_api,,scraped_json_api,estimated_value,21.12
1435,scraped_json_api,,scraped_json_api,estimated_value,21.12
1437,scraped_json_api,,scraped_json_api,estimated_value,21.12
1444,scraped_json_api,,scraped_json_api,estimated_value,21.12
1446,scraped_json_api,,scraped_json_api,estimated_value,21.12
1448,scraped_json_api,,scraped_json_api,estimated_value,21.12
1450,scraped_json_api,,scraped_json_api,estimated_value,21.12
1452,scraped_json_api,,scraped_json_api,estimated_value,21.12
348,scraped_json_api,,scraped_json_api,estimated_value,17.6
354,scraped_json_api,,scraped_json_api,estimated_value,17.6
355,scraped_json_api,,scraped_json_api,estimated_value,17.6
365,scraped_json_api,,scraped_json_api,estimated_value,17.6
371,scraped_json_api,,scraped_json_api,estimated_value,17.6
408,scraped_json_api,,scraped_json_api,estimated_value,17.6
604,scraped_json_api,,scraped_json_api,estimated_value,17.6
610,scraped_json_api,,scraped_json_api,estimated_value,17.6
611,scraped_json_api,,scraped_json_api,estimated_value,17.6
621,scraped_json_api,,scraped_json_api,estimated_value,17.6
627,scraped_json_api,,scraped_json_api,estimated_value,17.6
664,scraped_json_api,,scraped_json_api,estimated_value,17.6
860,scraped_json_api,,scraped_json_api,estimated_value,17.6
866,scraped_json_api,,scraped_json_api,estimated_value,17.6
867,scraped_json_api,,scraped_json_api,estimated_value,17.6
877,scraped_json_api,,scraped_json_api,estimated_value,17.6
883,scraped_json_api,,scraped_json_api,estimated_value,17.6
920,scraped_json_api,,scraped_json_api,estimated_value,17.6
1116,scraped_json_api,,scraped_json_api,estimated_value,17.6
1122,scraped_json_api,,scraped_json_api,estimated_value,17.6
1123,scraped_json_api,,scraped_json_api,estimated_value,17.6
1133,scraped_json_api,,scraped_json_api,estimated_value,17.6
1139,scraped_json_api,,scraped_json_api,estimated_value,17.6
1176,scraped_json_api,,scraped_json_api,estimated_value,17.6
1372,scraped_json_api,,scraped_json_api,estimated_value,17.6
1378,scraped_json_api,,scraped_json_api,estimated_value,17.6
1379,scraped_json_api,,scraped_json_api,estimated_value,17.6
1389,scraped_json_api,,scraped_json_api,estimated_value,17.6
1395,scraped_json_api,,scraped_json_api,estimated_value,17.6
1432,scraped_json_api,,scraped_json_api,estimated_value,17.6
343,scraped_json_api,,scraped_json_api,estimated_value,14.4
364,scraped_json_api,,scraped_json_api,estimated_value,14.4
368,scraped_json_api,,scraped_json_api,estimated_value,14.4
392,scraped_json_api,,scraped_json_api,estimated_value,14.4
599,scraped_json_api,,scraped_json_api,estimated_value,14.4
620,scraped_json_api,,scraped_json_api,estimated_value,14.4
624,scraped_json_api,,scraped_json_api,estimated_value,14.4
648,scraped_json_api,,scraped_json_api,estimated_value,14.4
855,scraped_json_api,,scraped_json_api,estimated_value,14.4
876,scraped_json_api,,scraped_json_api,estimated_value,14.4
880,scraped_json_api,,scraped_json_api,estimated_value,14.4
904,scraped_json_api,,scraped_json_api,estimated_value,14.4
1111,scraped_json_api,,scraped_json_api,estimated_value,14.4
1132,scraped_json_api,,scraped_json_api,estimated_value,14.4
1136,scraped_json_api,,scraped_json_api,estimated_value,14.4
1160,scraped_json_api,,scraped_json_api,estimated_value,14.4
1367,scraped_json_api,,scraped_json_api,estimated_value,14.4
1388,scraped_json_api,,scraped_json_api,estimated_value,14.4
1392,scraped_json_api,,scraped_json_api,estimated_value,14.4
1416,scraped_json_api,,scraped_json_api,estimated_value,14.4
361,scraped_json_api,,scraped_json_api,estimated_value,11.52
380,scraped_json_api,,scraped_json_api,estimated_value,11.52
383,scraped_json_api,,scraped_json_api,estimated_value,11.52
399,scraped_json_api,,scraped_json_api,estimated_value,11.52
617,scraped_json_api,,scraped_json_api,estimated_value,11.52
636,scraped_json_api,,scraped_json_api,estimated_value,11.52
639,scraped_json_api,,scraped_json_api,estimated_value,11.52
655,scraped_json_api,,scraped_json_api,estimated_value,11.52
873,scraped_json_api,,scraped_json_api,estimated_value,11.52
892,scraped_json_api,,scraped_json_api,estimated_value,11.52
895,scraped_json_api,,scraped_json_api,estimated_value,11.52
911,scraped_json_api,,scraped_json_api,estimated_value,11.52
1129,scraped_json_api,,scraped_json_api,estimated_value,11.52
1148,scraped_json_api,,scraped_json_api,estimated_value,11.52
1151,scraped_json_api,,scraped_json_api,estimated_value,11.52
1167,scraped_json_api,,scraped_json_api,estimated_value,11.52
1385,scraped_json_api,,scraped_json_api,estimated_value,11.52
1404,scraped_json_api,,scraped_json_api,estimated_value,11.52
1407,scraped_json_api,,scraped_json_api,estimated_value,11.52
1423,scraped_json_api,,scraped_json_api,estimated_value,11.52
373,scraped_json_api,,scraped_json_api,estimated_value,8.96
375,scraped_json_api,,scraped_json_api,estimated_value,8.96
386,scraped_json_api,,scraped_json_api,estimated_value,8.96
397,scraped_json_api,,scraped_json_api,estimated_value,8.96
402,scraped_json_api,,scraped_json_api,estimated_value,8.96
419,scraped_json_api,,scraped_json_api,estimated_value,8.96
427,scraped_json_api,,scraped_json_api,estimated_value,8.96
629,scraped_json_api,,scraped_json_api,estimated_value,8.96
631,scraped_json_api,,scraped_json_api,estimated_value,8.96
642,scraped_json_api,,scraped_json_api,estimated_value,8.96
653,scraped_json_api,,scraped_json_api,estimated_value,8.96
658,scraped_json_api,,scraped_json_api,estimated_value,8.96
675,scraped_json_api,,scraped_json_api,estimated_value,8.96
683,scraped_json_api,,scraped_json_api,estimated_value,8.96
885,scraped_json_api,,scraped_json_api,estimated_value,8.96
887,scraped_json_api,,scraped_json_api,estimated_value,8.96
898,scraped_json_api,,scraped_json_api,estimated_value,8.96
909,scraped_json_api,,scraped_json_api,estimated_value,8.96
914,scraped_json_api,,scraped_json_api,estimated_value,8.96
931,scraped_json_api,,scraped_json_api,estimated_value,8.96
939,scraped_json_api,,scraped_json_api,estimated_value,8.96
1141,scraped_json_api,,scraped_json_api,estimated_value,8.96
1143,scraped_json_api,,scraped_json_api,estimated_value,8.96
1154,scraped_json_api,,scraped_json_api,estimated_value,8.96
1165,scraped_json_api,,scraped_json_api,estimated_value,8.96
1170,scraped_json_api,,scraped_json_api,estimated_value,8.96
1187,scraped_json_api,,scraped_json_api,estimated_value,8.96
1195,scraped_json_api,,scraped_json_api,estimated_value,8.96
1397,scraped_json_api,,scraped_json_api,estimated_value,8.96
1399,scraped_json_api,,scraped_json_api,estimated_value,8.96
1410,scraped_json_api,,scraped_json_api,estimated_value,8.96
1421,scraped_json_api,,scraped_json_api,estimated_value,8.96
1426,scraped_json_api,,scraped_json_api,estimated_value,8.96
1443,scraped_json_api,,scraped_json_api,estimated_value,8.96
1451,scraped_json_api,,scraped_json_api,estimated_value,8.96
384,scraped_json_api,,scraped_json_api,estimated_value,6.72
388,scraped_json_api,,scraped_json_api,estimated_value,6.72
394,scraped_json_api,,scraped_json_api,estimated_value,6.72
640,scraped_json_api,,scraped_json_api,estimated_value,6.72
644,scraped_json_api,,scraped_json_api,estimated_value,6.72
650,scraped_json_api,,scraped_json_api,estimated_value,6.72
896,scraped_json_api,,scraped_json_api,estimated_value,6.72
900,scraped_json_api,,scraped_json_api,estimated_value,6.72
906,scraped_json_api,,scraped_json_api,estimated_value,6.72
1152,scraped_json_api,,scraped_json_api,estimated_value,6.72
1156,scraped_json_api,,scraped_json_api,estimated_value,6.72
1162,scraped_json_api,,scraped_json_api,estimated_value,6.72
1408,scraped_json_api,,scraped_json_api,estimated_value,6.72
1412,scraped_json_api,,scraped_json_api,estimated_value,6.72
1418,scraped_json_api,,scraped_json_api,estimated_value,6.72
369,scraped_json_api,,scraped_json_api,estimated_value,4.8
378,scraped_json_api,,scraped_json_api,estimated_value,4.8
381,scraped_json_api,,scraped_json_api,estimated_value,4.8
406,scraped_json_api,,scraped_json_api,estimated_value,4.8
412,scraped_json_api,,scraped_json_api,estimated_value,4.8
625,scraped_json_api,,scraped_json_api,estimated_value,4.8
634,scraped_json_api,,scraped_json_api,estimated_value,4.8
637,scraped_json_api,,scraped_json_api,estimated_value,4.8
662,scraped_json_api,,scraped_json_api,estimated_value,4.8
668,scraped_json_api,,scraped_json_api,estimated_value,4.8
881,scraped_json_api,,scraped_json_api,estimated_value,4.8
890,scraped_json_api,,scraped_json_api,estimated_value,4.8
893,scraped_json_api,,scraped_json_api,estimated_value,4.8
918,scraped_json_api,,scraped_json_api,estimated_value,4.8
924,scraped_json_api,,scraped_json_api,estimated_value,4.8
1137,scraped_json_api,,scraped_json_api,estimated_value,4.8
1146,scraped_json_api,,scraped_json_api,estimated_value,4.8
1149,scraped_json_api,,scraped_json_api,estimated_value,4.8
1174,scraped_json_api,,scraped_json_api,estimated_value,4.8
1180,scraped_json_api,,scraped_json_api,estimated_value,4.8
1393,scraped_json_api,,scraped_json_api,estimated_value,4.8
1402,scraped_json_api,,scraped_json_api,estimated_value,4.8
1405,scraped_json_api,,scraped_json_api,estimated_value,4.8
1430,scraped_json_api,,scraped_json_api,estimated_value,4.8
1436,scraped_json_api,,scraped_json_api,estimated_value,4.8
356,scraped_json_api,,scraped_json_api,estimated_value,3.2
370,scraped_json_api,,scraped_json_api,estimated_value,3.2
612,scraped_json_api,,scraped_json_api,estimated_value,3.2
626,scraped_json_api,,scraped_json_api,estimated_value,3.2
868,scraped_json_api,,scraped_json_api,estimated_value,3.2
882,scraped_json_api,,scraped_json_api,estimated_value,3.2
1124,scraped_json_api,,scraped_json_api,estimated_value,3.2
1138,scraped_json_api,,scraped_json_api,estimated_value,3.2
1380,scraped_json_api,,scraped_json_api,estimated_value,3.2
1394,scraped_json_api,,scraped_json_api,estimated_value,3.2
390,scraped_json_api,,scraped_json_api,estimated_value,1.92
405,scraped_json_api,,scraped_json_api,estimated_value,1.92
423,scraped_json_api,,scraped_json_api,estimated_value,1.92
646,scraped_json_api,,scraped_json_api,estimated_value,1.92
661,scraped_json_api,,scraped_json_api,estimated_value,1.92
679,scraped_json_api,,scraped_json_api,estimated_value,1.92
902,scraped_json_api,,scraped_json_api,estimated_value,1.92
917,scraped_json_api,,scraped_json_api,estimated_value,1.92
935,scraped_json_api,,scraped_json_api,estimated_value,1.92
1158,scraped_json_api,,scraped_json_api,estimated_value,1.92
1173,scraped_json_api,,scraped_json_api,estimated_value,1.92
1191,scraped_json_api,,scraped_json_api,estimated_value,1.92
1414,scraped_json_api,,scraped_json_api,estimated_value,1.92
1429,scraped_json_api,,scraped_json_api,estimated_value,1.92
1447,scraped_json_api,,scraped_json_api,estimated_value,1.92
48,pdf_two_column,,pdf_two_column,rating_score,10.0
80,pdf_two_column,,pdf_two_column,rating_score,10.0
112,pdf_two_column,,pdf_two_column,rating_score,10.0
152,pdf_two_column,,pdf_two_column,rating_score,10.0
193,pdf_two_column,,pdf_two_column,rating_score,10.0
449,pdf_two_column,,pdf_two_column,rating_score,10.0
705,pdf_two_column,,pdf_two_column,rating_score,10.0
961,pdf_two_column,,pdf_two_column,rating_score,10.0
1217,pdf_two_column,,pdf_two_column,rating_score,10.0
51,word_two_column,,word_two_column,rating_score,10.0
83,word_two_column,,word_two_column,rating_score,10.0
115,word_two_column,,word_two_column,rating_score,10.0
155,word_two_column,,word_two_column,rating_score,10.0
196,word_two_column,,word_two_column,rating_score,10.0
452,word_two_column,,word_two_column,rating_score,10.0
708,word_two_column,,word_two_column,rating_score,10.0
964,word_two_column,,word_two_column,rating_score,10.0
1220,word_two_column,,word_two_column,rating_score,10.0
50,word,,word,rating_score,10.0
82,word,,word,rating_score,10.0
114,word,,word,rating_score,10.0
154,word,,word,rating_score,10.0
195,word,,word,rating_score,10.0
451,word,,word,rating_score,10.0
707,word,,word,rating_score,10.0
963,word,,word,rating_score,10.0
1219,word,,word,rating_score,10.0
430,ocr_pdf,,ocr_pdf,rating_score,10.0
686,ocr_pdf,,ocr_pdf,rating_score,10.0
942,ocr_pdf,,ocr_pdf,rating_score,10.0
1198,ocr_pdf,,ocr_pdf,rating_score,10.0
1454,ocr_pdf,,ocr_pdf,rating_score,10.0
46,pdf,,pdf,rating_score,10.0
78,pdf,,pdf,rating_score,10.0
110,pdf,,pdf,rating_score,10.0
150,pdf,,pdf,rating_score,10.0
191,pdf,,pdf,rating_score,10.0
447,pdf,,pdf,rating_score,10.0
703,pdf,,pdf,rating_score,10.0
959,pdf,,pdf,rating_score,10.0
1215,pdf,,pdf,rating_score,10.0
431,ocr_pdf,,ocr_pdf,rating_score,8.81
687,ocr_pdf,,ocr_pdf,rating_score,8.81
943,ocr_pdf,,ocr_pdf,rating_score,8.81
1199,ocr_pdf,,ocr_pdf,rating_score,8.81
1455,ocr_pdf,,ocr_pdf,rating_score,8.81
429,ocr_image,,ocr_image,rating_score,8.43
685,ocr_image,,ocr_image,rating_score,8.43
941,ocr_image,,ocr_image,rating_score,8.43
1197,ocr_image,,ocr_image,rating_score,8.43
1453,ocr_image,,ocr_image,rating_score,8.43
49,pdf_two_column,,pdf_two_column,rating_score,3.6
81,pdf_two_column,,pdf_two_column,rating_score,3.6
113,pdf_two_column,,pdf_two_column,rating_score,3.6
153,pdf_two_column,,pdf_two_column,rating_score,3.6
194,pdf_two_column,,pdf_two_column,rating_score,3.6
450,pdf_two_column,,pdf_two_column,rating_score,3.6
706,pdf_two_column,,pdf_two_column,rating_score,3.6
962,pdf_two_column,,pdf_two_column,rating_score,3.6
1218,pdf_two_column,,pdf_two_column,rating_score,3.6
135,encoding_test,,encoding_test,rating_score,3.0
175,encoding_test,,encoding_test,rating_score,3.0
216,encoding_test,,encoding_test,rating_score,3.0
472,encoding_test,,encoding_test,rating_score,3.0
728,encoding_test,,encoding_test,rating_score,3.0
984,encoding_test,,encoding_test,rating_score,3.0
1240,encoding_test,,encoding_test,rating_score,3.0
47,pdf,,pdf,rating_score,2.83
79,pdf,,pdf,rating_score,2.83
111,pdf,,pdf,rating_score,2.83
151,pdf,,pdf,rating_score,2.83
192,pdf,,pdf,rating_score,2.83
448,pdf,,pdf,rating_score,2.83
704,pdf,,pdf,rating_score,2.83
960,pdf,,pdf,rating_score,2.83
1216,pdf,,pdf,rating_score,2.83
118,word_run,,word_run,rating_score,2.74
158,word_run,,word_run,rating_score,2.74
199,word_run,,word_run,rating_score,2.74
455,word_run,,word_run,rating_score,2.74
711,word_run,,word_run,rating_score,2.74
967,word_run,,word_run,rating_score,2.74
1223,word_run,,word_run,rating_score,2.74
3,news_api,,news_api,rating_score,2.6
4,news_api,,news_api,rating_score,2.6
5,news_api,,news_api,rating_score,2.6
6,news_api,,news_api,rating_score,2.6
7,news_api,,news_api,rating_score,2.6
10,news_api,,news_api,rating_score,2.6
11,news_api,,news_api,rating_score,2.6
12,news_api,,news_api,rating_score,2.6
15,news_api,,news_api,rating_score,2.6
16,news_api,,news_api,rating_score,2.6
17,news_api,,news_api,rating_score,2.6
18,news_api,,news_api,rating_score,2.6
136,json,,json,rating_score,2.6
137,json,,json,rating_score,2.6
140,json,,json,rating_score,2.6
144,json,,json,rating_score,2.6
145,json,,json,rating_score,2.6
146,json,,json,rating_score,2.6
148,json,,json,rating_score,2.6
177,json,,json,rating_score,2.6
178,json,,json,rating_score,2.6
179,json,,json,rating_score,2.6
180,json,,json,rating_score,2.6
182,json,,json,rating_score,2.6
190,json,,json,rating_score,2.6
433,json,,json,rating_score,2.6
434,json,,json,rating_score,2.6
438,json,,json,rating_score,2.6
439,json,,json,rating_score,2.6
440,json,,json,rating_score,2.6
442,json,,json,rating_score,2.6
446,json,,json,rating_score,2.6
688,json,,json,rating_score,2.6
689,json,,json,rating_score,2.6
691,json,,json,rating_score,2.6
692,json,,json,rating_score,2.6
694,json,,json,rating_score,2.6
695,json,,json,rating_score,2.6
696,json,,json,rating_score,2.6
698,json,,json,rating_score,2.6
699,json,,json,rating_score,2.6
701,json,,json,rating_score,2.6
702,json,,json,rating_score,2.6
947,json,,json,rating_score,2.6
948,json,,json,rating_score,2.6
949,json,,json,rating_score,2.6
950,json,,json,rating_score,2.6
951,json,,json,rating_score,2.6
953,json,,json,rating_score,2.6
1202,json,,json,rating_score,2.6
1203,json,,json,rating_score,2.6
1205,json,,json,rating_score,2.6
1208,json,,json,rating_score,2.6
1209,json,,json,rating_score,2.6
1210,json,,json,rating_score,2.6
1211,json,,json,rating_score,2.6
1213,json,,json,rating_score,2.6
119,word_run,,word_run,rating_score,2.58
159,word_run,,word_run,rating_score,2.58
200,word_run,,word_run,rating_score,2.58
456,word_run,,word_run,rating_score,2.58
712,word_run,,word_run,rating_score,2.58
968,word_run,,word_run,rating_score,2.58
1224,word_run,,word_run,rating_score,2.58
956,json,,json,rating_score,2.46
700,json,,json,rating_score,2.44
955,json,,json,rating_score,2.4
954,json,,json,rating_score,2.35
9,news_api,,news_api,rating_score,2.28
176,json,,json,rating_score,2.28
2,news_api,,news_api,rating_score,2.26
147,json,,json,rating_score,2.1
142,json,,json,rating_score,2.05
183,json,,json,rating_score,1.99
187,json,,json,rating_score,1.98
120,word_run,,word_run,rating_score,1.94
160,word_run,,word_run,rating_score,1.94
201,word_run,,word_run,rating_score,1.94
457,word_run,,word_run,rating_score,1.94
713,word_run,,word_run,rating_score,1.94
969,word_run,,word_run,rating_score,1.94
1225,word_run,,word_run,rating_score,1.94
184,json,,json,rating_score,1.93
946,json,,json,rating_score,1.88
185,json,,json,rating_score,1.86
432,json,,json,rating_score,1.84
697,json,,json,rating_score,1.84
143,json,,json,rating_score,1.83
1,news_api,,news_api,rating_score,1.81
693,json,,json,rating_score,1.72
1201,json,,json,rating_score,1.72
1204,json,,json,rating_score,1.72
188,json,,json,rating_score,1.71
441,json,,json,rating_score,1.71
444,json,,json,rating_score,1.57
1214,json,,json,rating_score,1.55
138,json,,json,rating_score,1.53
1200,json,,json,rating_score,1.52
149,json,,json,rating_score,1.47
944,json,,json,rating_score,1.43
435,json,,json,rating_score,1.42
690,json,,json,rating_score,1.41
141,json,,json,rating_score,1.35
443,json,,json,rating_score,1.35
123,word_run,,word_run,rating_score,1.28
163,word_run,,word_run,rating_score,1.28
204,word_run,,word_run,rating_score,1.28
460,word_run,,word_run,rating_score,1.28
716,word_run,,word_run,rating_score,1.28
972,word_run,,word_run,rating_score,1.28
1228,word_run,,word_run,rating_score,1.28
1212,json,,json,rating_score,1.27
8,news_api,,news_api,rating_score,1.25
436,json,,json,rating_score,1.24
1207,json,,json,rating_score,1.2
952,json,,json,rating_score,1.1
186,json,,json,rating_score,1.08
14,news_api,,news_api,rating_score,1.07
57,technology,2026,excel,rating_score,8.0
945,json,,json,rating_score,1.01
958,json,,json,rating_score,0.96
181,json,,json,rating_score,0.92
60,sports,2026,excel,rating_score,7.0
1206,json,,json,rating_score,0.89
957,json,,json,rating_score,0.88
56,culture,2026,excel,rating_score,6.0
53,business,2026,excel,rating_score,7.0
58,politics,2026,excel,rating_score,5.0
59,business,2026,excel,rating_score,4.0
13,news_api,,news_api,rating_score,0.76
445,json,,json,rating_score,0.76
54,sports,2026,excel,rating_score,5.0
139,json,,json,rating_score,0.73
117,word_run,,word_run,rating_score,0.7
157,word_run,,word_run,rating_score,0.7
198,word_run,,word_run,rating_score,0.7
454,word_run,,word_run,rating_score,0.7
710,word_run,,word_run,rating_score,0.7
966,word_run,,word_run,rating_score,0.7
1222,word_run,,word_run,rating_score,0.7
437,json,,json,rating_score,0.67
52,politics,2026,excel,rating_score,4.0
55,politics,2026,excel,rating_score,3.0
116,word_run,,word_run,rating_score,0.5
156,word_run,,word_run,rating_score,0.5
197,word_run,,word_run,rating_score,0.5
453,word_run,,word_run,rating_score,0.5
709,word_run,,word_run,rating_score,0.5
965,word_run,,word_run,rating_score,0.5
1221,word_run,,word_run,rating_score,0.5
61,business,2026,excel,rating_score,2.0
122,word_run,,word_run,rating_score,0.49
162,word_run,,word_run,rating_score,0.49
203,word_run,,word_run,rating_score,0.49
363,scraped_json_api,,scraped_json_api,rating_score,0.49
459,word_run,,word_run,rating_score,0.49
619,scraped_json_api,,scraped_json_api,rating_score,0.49
715,word_run,,word_run,rating_score,0.49
875,scraped_json_api,,scraped_json_api,rating_score,0.49
971,word_run,,word_run,rating_score,0.49
1131,scraped_json_api,,scraped_json_api,rating_score,0.49
1227,word_run,,word_run,rating_score,0.49
1387,scraped_json_api,,scraped_json_api,rating_score,0.49
425,scraped_json_api,,scraped_json_api,rating_score,0.47
681,scraped_json_api,,scraped_json_api,rating_score,0.47
937,scraped_json_api,,scraped_json_api,rating_score,0.47
1193,scraped_json_api,,scraped_json_api,rating_score,0.47
1449,scraped_json_api,,scraped_json_api,rating_score,0.47
121,word_run,,word_run,rating_score,0.43
161,word_run,,word_run,rating_score,0.43
202,word_run,,word_run,rating_score,0.43
458,word_run,,word_run,rating_score,0.43
714,word_run,,word_run,rating_score,0.43
970,word_run,,word_run,rating_score,0.43
1226,word_run,,word_run,rating_score,0.43
393,scraped_json_api,,scraped_json_api,rating_score,0.41
649,scraped_json_api,,scraped_json_api,rating_score,0.41
905,scraped_json_api,,scraped_json_api,rating_score,0.41
1161,scraped_json_api,,scraped_json_api,rating_score,0.41
1417,scraped_json_api,,scraped_json_api,rating_score,0.41
189,json,,json,rating_score,0.36
409,scraped_json_api,,scraped_json_api,rating_score,0.32
665,scraped_json_api,,scraped_json_api,rating_score,0.32
921,scraped_json_api,,scraped_json_api,rating_score,0.32
1177,scraped_json_api,,scraped_json_api,rating_score,0.32
1433,scraped_json_api,,scraped_json_api,rating_score,0.32
359,scraped_json_api,,scraped_json_api,rating_score,0.31
615,scraped_json_api,,scraped_json_api,rating_score,0.31
871,scraped_json_api,,scraped_json_api,rating_score,0.31
1127,scraped_json_api,,scraped_json_api,rating_score,0.31
1383,scraped_json_api,,scraped_json_api,rating_score,0.31
398,scraped_json_api,,scraped_json_api,rating_score,0.24
404,scraped_json_api,,scraped_json_api,rating_score,0.24
654,scraped_json_api,,scraped_json_api,rating_score,0.24
660,scraped_json_api,,scraped_json_api,rating_score,0.24
910,scraped_json_api,,scraped_json_api,rating_score,0.24
916,scraped_json_api,,scraped_json_api,rating_score,0.24
1166,scraped_json_api,,scraped_json_api,rating_score,0.24
1172,scraped_json_api,,scraped_json_api,rating_score,0.24
1422,scraped_json_api,,scraped_json_api,rating_score,0.24
1428,scraped_json_api,,scraped_json_api,rating_score,0.24
376,scraped_json_api,,scraped_json_api,rating_score,0.23
382,scraped_json_api,,scraped_json_api,rating_score,0.23
632,scraped_json_api,,scraped_json_api,rating_score,0.23
638,scraped_json_api,,scraped_json_api,rating_score,0.23
888,scraped_json_api,,scraped_json_api,rating_score,0.23
894,scraped_json_api,,scraped_json_api,rating_score,0.23
1144,scraped_json_api,,scraped_json_api,rating_score,0.23
1150,scraped_json_api,,scraped_json_api,rating_score,0.23
1400,scraped_json_api,,scraped_json_api,rating_score,0.23
1406,scraped_json_api,,scraped_json_api,rating_score,0.23
396,scraped_json_api,,scraped_json_api,rating_score,0.2
652,scraped_json_api,,scraped_json_api,rating_score,0.2
908,scraped_json_api,,scraped_json_api,rating_score,0.2
1164,scraped_json_api,,scraped_json_api,rating_score,0.2
1420,scraped_json_api,,scraped_json_api,rating_score,0.2
347,scraped_json_api,,scraped_json_api,rating_score,0.19
414,scraped_json_api,,scraped_json_api,rating_score,0.19
421,scraped_json_api,,scraped_json_api,rating_score,0.19
603,scraped_json_api,,scraped_json_api,rating_score,0.19
670,scraped_json_api,,scraped_json_api,rating_score,0.19
677,scraped_json_api,,scraped_json_api,rating_score,0.19
859,scraped_json_api,,scraped_json_api,rating_score,0.19
926,scraped_json_api,,scraped_json_api,rating_score,0.19
933,scraped_json_api,,scraped_json_api,rating_score,0.19
1115,scraped_json_api,,scraped_json_api,rating_score,0.19
1182,scraped_json_api,,scraped_json_api,rating_score,0.19
1189,scraped_json_api,,scraped_json_api,rating_score,0.19
1371,scraped_json_api,,scraped_json_api,rating_score,0.19
1438,scraped_json_api,,scraped_json_api,rating_score,0.19
1445,scraped_json_api,,scraped_json_api,rating_score,0.19
344,scraped_json_api,,scraped_json_api,rating_score,0.18
387,scraped_json_api,,scraped_json_api,rating_score,0.18
400,scraped_json_api,,scraped_json_api,rating_score,0.18
600,scraped_json_api,,scraped_json_api,rating_score,0.18
643,scraped_json_api,,scraped_json_api,rating_score,0.18
656,scraped_json_api,,scraped_json_api,rating_score,0.18
856,scraped_json_api,,scraped_json_api,rating_score,0.18
899,scraped_json_api,,scraped_json_api,rating_score,0.18
912,scraped_json_api,,scraped_json_api,rating_score,0.18
1112,scraped_json_api,,scraped_json_api,rating_score,0.18
1155,scraped_json_api,,scraped_json_api,rating_score,0.18
1168,scraped_json_api,,scraped_json_api,rating_score,0.18
1368,scraped_json_api,,scraped_json_api,rating_score,0.18
1411,scraped_json_api,,scraped_json_api,rating_score,0.18
1424,scraped_json_api,,scraped_json_api,rating_score,0.18
342,scraped_json_api,,scraped_json_api,rating_score,0.17
349,scraped_json_api,,scraped_json_api,rating_score,0.17
353,scraped_json_api,,scraped_json_api,rating_score,0.17
360,scraped_json_api,,scraped_json_api,rating_score,0.17
598,scraped_json_api,,scraped_json_api,rating_score,0.17
605,scraped_json_api,,scraped_json_api,rating_score,0.17
609,scraped_json_api,,scraped_json_api,rating_score,0.17
616,scraped_json_api,,scraped_json_api,rating_score,0.17
854,scraped_json_api,,scraped_json_api,rating_score,0.17
861,scraped_json_api,,scraped_json_api,rating_score,0.17
865,scraped_json_api,,scraped_json_api,rating_score,0.17
872,scraped_json_api,,scraped_json_api,rating_score,0.17
1110,scraped_json_api,,scraped_json_api,rating_score,0.17
1117,scraped_json_api,,scraped_json_api,rating_score,0.17
1121,scraped_json_api,,scraped_json_api,rating_score,0.17
1128,scraped_json_api,,scraped_json_api,rating_score,0.17
1366,scraped_json_api,,scraped_json_api,rating_score,0.17
1373,scraped_json_api,,scraped_json_api,rating_score,0.17
1377,scraped_json_api,,scraped_json_api,rating_score,0.17
1384,scraped_json_api,,scraped_json_api,rating_score,0.17
374,scraped_json_api,,scraped_json_api,rating_score,0.16
377,scraped_json_api,,scraped_json_api,rating_score,0.16
385,scraped_json_api,,scraped_json_api,rating_score,0.16
389,scraped_json_api,,scraped_json_api,rating_score,0.16
395,scraped_json_api,,scraped_json_api,rating_score,0.16
630,scraped_json_api,,scraped_json_api,rating_score,0.16
633,scraped_json_api,,scraped_json_api,rating_score,0.16
641,scraped_json_api,,scraped_json_api,rating_score,0.16
645,scraped_json_api,,scraped_json_api,rating_score,0.16
651,scraped_json_api,,scraped_json_api,rating_score,0.16
886,scraped_json_api,,scraped_json_api,rating_score,0.16
889,scraped_json_api,,scraped_json_api,rating_score,0.16
897,scraped_json_api,,scraped_json_api,rating_score,0.16
901,scraped_json_api,,scraped_json_api,rating_score,0.16
907,scraped_json_api,,scraped_json_api,rating_score,0.16
1142,scraped_json_api,,scraped_json_api,rating_score,0.16
1145,scraped_json_api,,scraped_json_api,rating_score,0.16
1153,scraped_json_api,,scraped_json_api,rating_score,0.16
1157,scraped_json_api,,scraped_json_api,rating_score,0.16
1163,scraped_json_api,,scraped_json_api,rating_score,0.16
1398,scraped_json_api,,scraped_json_api,rating_score,0.16
1401,scraped_json_api,,scraped_json_api,rating_score,0.16
1409,scraped_json_api,,scraped_json_api,rating_score,0.16
1413,scraped_json_api,,scraped_json_api,rating_score,0.16
1419,scraped_json_api,,scraped_json_api,rating_score,0.16
62,excel_summary,,excel_summary,rating_score,0.15
94,excel_summary,,excel_summary,rating_score,0.15
134,excel_summary,,excel_summary,rating_score,0.15
174,excel_summary,,excel_summary,rating_score,0.15
215,excel_summary,,excel_summary,rating_score,0.15
217,scraped_html,,scraped_html,rating_score,0.15
218,scraped_html,,scraped_html,rating_score,0.15
219,scraped_html,,scraped_html,rating_score,0.15
220,scraped_html,,scraped_html,rating_score,0.15
221,scraped_html,,scraped_html,rating_score,0.15
222,scraped_html,,scraped_html,rating_score,0.15
223,scraped_html,,scraped_html,rating_score,0.15
224,scraped_html,,scraped_html,rating_score,0.15
225,scraped_html,,scraped_html,rating_score,0.15
226,scraped_html,,scraped_html,rating_score,0.15
227,scraped_html,,scraped_html,rating_score,0.15
228,scraped_html,,scraped_html,rating_score,0.15
229,scraped_html,,scraped_html,rating_score,0.15
230,scraped_html,,scraped_html,rating_score,0.15
231,scraped_html,,scraped_html,rating_score,0.15
232,scraped_html,,scraped_html,rating_score,0.15
233,scraped_html,,scraped_html,rating_score,0.15
234,scraped_html,,scraped_html,rating_score,0.15
235,scraped_html,,scraped_html,rating_score,0.15
236,scraped_html,,scraped_html,rating_score,0.15
237,scraped_html,,scraped_html,rating_score,0.15
238,scraped_html,,scraped_html,rating_score,0.15
239,scraped_html,,scraped_html,rating_score,0.15
240,scraped_html,,scraped_html,rating_score,0.15
241,scraped_html,,scraped_html,rating_score,0.15
242,scraped_html_paginated,,scraped_html_paginated,rating_score,0.15
243,scraped_html_paginated,,scraped_html_paginated,rating_score,0.15
244,scraped_html_paginated,,scraped_html_paginated,rating_score,0.15
245,scraped_html_paginated,,scraped_html_paginated,rating_score,0.15
246,scraped_html_paginated,,scraped_html_paginated,rating_score,0.15
247,scraped_html_paginated,,scraped_html_paginated,rating_score,0.15
248,scraped_html_paginated,,scraped_html_paginated,rating_score,0.15
249,scraped_html_paginated,,scraped_html_paginated,rating_score,0.15
250,scraped_html_paginated,,scraped_html_paginated,rating_score,0.15
251,scraped_html_paginated,,scraped_html_paginated,rating_score,0.15
252,scraped_html_paginated,,scraped_html_paginated,rating_score,0.15
253,scraped_html_paginated,,scraped_html_paginated,rating_score,0.15
254,scraped_html_paginated,,scraped_html_paginated,rating_score,0.15
255,scraped_html_paginated,,scraped_html_paginated,rating_score,0.15
256,scraped_html_paginated,,scraped_html_paginated,rating_score,0.15
257,scraped_html_paginated,,scraped_html_paginated,rating_score,0.15
258,scraped_html_paginated,,scraped_html_paginated,rating_score,0.15
259,scraped_html_paginated,,scraped_html_paginated,rating_score,0.15
260,scraped_html_paginated,,scraped_html_paginated,rating_score,0.15
261,scraped_html_paginated,,scraped_html_paginated,rating_score,0.15
262,scraped_html_paginated,,scraped_html_paginated,rating_score,0.15
263,scraped_html_paginated,,scraped_html_paginated,rating_score,0.15
264,scraped_html_paginated,,scraped_html_paginated,rating_score,0.15
265,scraped_html_paginated,,scraped_html_paginated,rating_score,0.15
266,scraped_html_paginated,,scraped_html_paginated,rating_score,0.15
267,scraped_html_paginated,,scraped_html_paginated,rating_score,0.15
268,scraped_html_paginated,,scraped_html_paginated,rating_score,0.15
269,scraped_html_paginated,,scraped_html_paginated,rating_score,0.15
270,scraped_html_paginated,,scraped_html_paginated,rating_score,0.15
271,scraped_html_paginated,,scraped_html_paginated,rating_score,0.15
272,scraped_html_paginated,,scraped_html_paginated,rating_score,0.15
273,scraped_html_paginated,,scraped_html_paginated,rating_score,0.15
274,scraped_html_paginated,,scraped_html_paginated,rating_score,0.15
275,scraped_html_paginated,,scraped_html_paginated,rating_score,0.15
276,scraped_html_paginated,,scraped_html_paginated,rating_score,0.15
277,scraped_html_paginated,,scraped_html_paginated,rating_score,0.15
278,scraped_html_paginated,,scraped_html_paginated,rating_score,0.15
279,scraped_html_paginated,,scraped_html_paginated,rating_score,0.15
280,scraped_html_paginated,,scraped_html_paginated,rating_score,0.15
281,scraped_html_paginated,,scraped_html_paginated,rating_score,0.15
282,scraped_html_paginated,,scraped_html_paginated,rating_score,0.15
283,scraped_html_paginated,,scraped_html_paginated,rating_score,0.15
284,scraped_html_paginated,,scraped_html_paginated,rating_score,0.15
285,scraped_html_paginated,,scraped_html_paginated,rating_score,0.15
286,scraped_html_paginated,,scraped_html_paginated,rating_score,0.15
287,scraped_html_paginated,,scraped_html_paginated,rating_score,0.15
288,scraped_html_paginated,,scraped_html_paginated,rating_score,0.15
289,scraped_html_paginated,,scraped_html_paginated,rating_score,0.15
290,scraped_html_paginated,,scraped_html_paginated,rating_score,0.15
291,scraped_html_paginated,,scraped_html_paginated,rating_score,0.15
292,scraped_html_paginated,,scraped_html_paginated,rating_score,0.15
293,scraped_html_paginated,,scraped_html_paginated,rating_score,0.15
294,scraped_html_paginated,,scraped_html_paginated,rating_score,0.15
295,scraped_html_paginated,,scraped_html_paginated,rating_score,0.15
296,scraped_html_paginated,,scraped_html_paginated,rating_score,0.15
297,scraped_html_paginated,,scraped_html_paginated,rating_score,0.15
298,scraped_html_paginated,,scraped_html_paginated,rating_score,0.15
299,scraped_html_paginated,,scraped_html_paginated,rating_score,0.15
300,scraped_html_paginated,,scraped_html_paginated,rating_score,0.15
301,scraped_html_paginated,,scraped_html_paginated,rating_score,0.15
302,scraped_html_paginated,,scraped_html_paginated,rating_score,0.15
303,scraped_html_paginated,,scraped_html_paginated,rating_score,0.15
304,scraped_html_paginated,,scraped_html_paginated,rating_score,0.15
305,scraped_html_paginated,,scraped_html_paginated,rating_score,0.15
306,scraped_html_paginated,,scraped_html_paginated,rating_score,0.15
307,scraped_html_paginated,,scraped_html_paginated,rating_score,0.15
308,scraped_html_paginated,,scraped_html_paginated,rating_score,0.15
309,scraped_html_paginated,,scraped_html_paginated,rating_score,0.15
310,scraped_html_paginated,,scraped_html_paginated,rating_score,0.15
311,scraped_html_paginated,,scraped_html_paginated,rating_score,0.15
312,scraped_html_paginated,,scraped_html_paginated,rating_score,0.15
313,scraped_html_paginated,,scraped_html_paginated,rating_score,0.15
314,scraped_html_paginated,,scraped_html_paginated,rating_score,0.15
315,scraped_html_paginated,,scraped_html_paginated,rating_score,0.15
316,scraped_html_paginated,,scraped_html_paginated,rating_score,0.15
317,scraped_html_paginated,,scraped_html_paginated,rating_score,0.15
318,scraped_html_paginated,,scraped_html_paginated,rating_score,0.15
319,scraped_html_paginated,,scraped_html_paginated,rating_score,0.15
320,scraped_html_paginated,,scraped_html_paginated,rating_score,0.15
321,scraped_html_paginated,,scraped_html_paginated,rating_score,0.15
322,scraped_html_paginated,,scraped_html_paginated,rating_score,0.15
323,scraped_html_paginated,,scraped_html_paginated,rating_score,0.15
324,scraped_html_paginated,,scraped_html_paginated,rating_score,0.15
325,scraped_html_paginated,,scraped_html_paginated,rating_score,0.15
326,scraped_html_paginated,,scraped_html_paginated,rating_score,0.15
327,scraped_html_paginated,,scraped_html_paginated,rating_score,0.15
328,scraped_html_paginated,,scraped_html_paginated,rating_score,0.15
329,scraped_html_paginated,,scraped_html_paginated,rating_score,0.15
330,scraped_html_paginated,,scraped_html_paginated,rating_score,0.15
331,scraped_html_paginated,,scraped_html_paginated,rating_score,0.15
332,scraped_html_paginated,,scraped_html_paginated,rating_score,0.15
333,scraped_html_paginated,,scraped_html_paginated,rating_score,0.15
334,scraped_html_paginated,,scraped_html_paginated,rating_score,0.15
335,scraped_html_paginated,,scraped_html_paginated,rating_score,0.15
336,scraped_html_paginated,,scraped_html_paginated,rating_score,0.15
337,scraped_html_paginated,,scraped_html_paginated,rating_score,0.15
338,scraped_html_paginated,,scraped_html_paginated,rating_score,0.15
339,scraped_html_paginated,,scraped_html_paginated,rating_score,0.15
340,scraped_html_paginated,,scraped_html_paginated,rating_score,0.15
341,scraped_html_paginated,,scraped_html_paginated,rating_score,0.15
358,scraped_json_api,,scraped_json_api,rating_score,0.15
401,scraped_json_api,,scraped_json_api,rating_score,0.15
415,scraped_json_api,,scraped_json_api,rating_score,0.15
416,scraped_json_api,,scraped_json_api,rating_score,0.15
417,scraped_json_api,,scraped_json_api,rating_score,0.15
418,scraped_json_api,,scraped_json_api,rating_score,0.15
471,excel_summary,,excel_summary,rating_score,0.15
473,scraped_html,,scraped_html,rating_score,0.15
474,scraped_html,,scraped_html,rating_score,0.15
475,scraped_html,,scraped_html,rating_score,0.15
476,scraped_html,,scraped_html,rating_score,0.15
477,scraped_html,,scraped_html,rating_score,0.15
478,scraped_html,,scraped_html,rating_score,0.15
479,scraped_html,,scraped_html,rating_score,0.15
480,scraped_html,,scraped_html,rating_score,0.15
481,scraped_html,,scraped_html,rating_score,0.15
482,scraped_html,,scraped_html,rating_score,0.15
483,scraped_html,,scraped_html,rating_score,0.15
484,scraped_html,,scraped_html,rating_score,0.15
485,scraped_html,,scraped_html,rating_score,0.15
486,scraped_html,,scraped_html,rating_score,0.15
487,scraped_html,,scraped_html,rating_score,0.15
488,scraped_html,,scraped_html,rating_score,0.15
489,scraped_html,,scraped_html,rating_score,0.15
490,scraped_html,,scraped_html,rating_score,0.15
491,scraped_html,,scraped_html,rating_score,0.15
492,scraped_html,,scraped_html,rating_score,0.15
493,scraped_html,,scraped_html,rating_score,0.15
494,scraped_html,,scraped_html,rating_score,0.15
495,scraped_html,,scraped_html,rating_score,0.15
496,scraped_html,,scraped_html,rating_score,0.15
497,scraped_html,,scraped_html,rating_score,0.15
498,scraped_html_paginated,,scraped_html_paginated,rating_score,0.15
499,scraped_html_paginated,,scraped_html_paginated,rating_score,0.15
500,scraped_html_paginated,,scraped_html_paginated,rating_score,0.15
501,scraped_html_paginated,,scraped_html_paginated,rating_score,0.15
502,scraped_html_paginated,,scraped_html_paginated,rating_score,0.15
503,scraped_html_paginated,,scraped_html_paginated,rating_score,0.15
504,scraped_html_paginated,,scraped_html_paginated,rating_score,0.15
505,scraped_html_paginated,,scraped_html_paginated,rating_score,0.15
506,scraped_html_paginated,,scraped_html_paginated,rating_score,0.15
507,scraped_html_paginated,,scraped_html_paginated,rating_score,0.15
508,scraped_html_paginated,,scraped_html_paginated,rating_score,0.15
509,scraped_html_paginated,,scraped_html_paginated,rating_score,0.15
510,scraped_html_paginated,,scraped_html_paginated,rating_score,0.15
511,scraped_html_paginated,,scraped_html_paginated,rating_score,0.15
512,scraped_html_paginated,,scraped_html_paginated,rating_score,0.15
513,scraped_html_paginated,,scraped_html_paginated,rating_score,0.15
514,scraped_html_paginated,,scraped_html_paginated,rating_score,0.15
515,scraped_html_paginated,,scraped_html_paginated,rating_score,0.15
516,scraped_html_paginated,,scraped_html_paginated,rating_score,0.15
517,scraped_html_paginated,,scraped_html_paginated,rating_score,0.15
518,scraped_html_paginated,,scraped_html_paginated,rating_score,0.15
519,scraped_html_paginated,,scraped_html_paginated,rating_score,0.15
520,scraped_html_paginated,,scraped_html_paginated,rating_score,0.15
521,scraped_html_paginated,,scraped_html_paginated,rating_score,0.15
522,scraped_html_paginated,,scraped_html_paginated,rating_score,0.15
523,scraped_html_paginated,,scraped_html_paginated,rating_score,0.15
524,scraped_html_paginated,,scraped_html_paginated,rating_score,0.15
525,scraped_html_paginated,,scraped_html_paginated,rating_score,0.15
526,scraped_html_paginated,,scraped_html_paginated,rating_score,0.15
527,scraped_html_paginated,,scraped_html_paginated,rating_score,0.15
528,scraped_html_paginated,,scraped_html_paginated,rating_score,0.15
529,scraped_html_paginated,,scraped_html_paginated,rating_score,0.15
530,scraped_html_paginated,,scraped_html_paginated,rating_score,0.15
531,scraped_html_paginated,,scraped_html_paginated,rating_score,0.15
532,scraped_html_paginated,,scraped_html_paginated,rating_score,0.15
533,scraped_html_paginated,,scraped_html_paginated,rating_score,0.15
534,scraped_html_paginated,,scraped_html_paginated,rating_score,0.15
535,scraped_html_paginated,,scraped_html_paginated,rating_score,0.15
536,scraped_html_paginated,,scraped_html_paginated,rating_score,0.15
537,scraped_html_paginated,,scraped_html_paginated,rating_score,0.15
538,scraped_html_paginated,,scraped_html_paginated,rating_score,0.15
539,scraped_html_paginated,,scraped_html_paginated,rating_score,0.15
540,scraped_html_paginated,,scraped_html_paginated,rating_score,0.15
541,scraped_html_paginated,,scraped_html_paginated,rating_score,0.15
542,scraped_html_paginated,,scraped_html_paginated,rating_score,0.15
543,scraped_html_paginated,,scraped_html_paginated,rating_score,0.15
544,scraped_html_paginated,,scraped_html_paginated,rating_score,0.15
545,scraped_html_paginated,,scraped_html_paginated,rating_score,0.15
546,scraped_html_paginated,,scraped_html_paginated,rating_score,0.15
547,scraped_html_paginated,,scraped_html_paginated,rating_score,0.15
548,scraped_html_paginated,,scraped_html_paginated,rating_score,0.15
549,scraped_html_paginated,,scraped_html_paginated,rating_score,0.15
550,scraped_html_paginated,,scraped_html_paginated,rating_score,0.15
551,scraped_html_paginated,,scraped_html_paginated,rating_score,0.15
552,scraped_html_paginated,,scraped_html_paginated,rating_score,0.15
553,scraped_html_paginated,,scraped_html_paginated,rating_score,0.15
554,scraped_html_paginated,,scraped_html_paginated,rating_score,0.15
555,scraped_html_paginated,,scraped_html_paginated,rating_score,0.15
556,scraped_html_paginated,,scraped_html_paginated,rating_score,0.15
557,scraped_html_paginated,,scraped_html_paginated,rating_score,0.15
558,scraped_html_paginated,,scraped_html_paginated,rating_score,0.15
559,scraped_html_paginated,,scraped_html_paginated,rating_score,0.15
560,scraped_html_paginated,,scraped_html_paginated,rating_score,0.15
561,scraped_html_paginated,,scraped_html_paginated,rating_score,0.15
562,scraped_html_paginated,,scraped_html_paginated,rating_score,0.15
563,scraped_html_paginated,,scraped_html_paginated,rating_score,0.15
564,scraped_html_paginated,,scraped_html_paginated,rating_score,0.15
565,scraped_html_paginated,,scraped_html_paginated,rating_score,0.15
566,scraped_html_paginated,,scraped_html_paginated,rating_score,0.15
567,scraped_html_paginated,,scraped_html_paginated,rating_score,0.15
568,scraped_html_paginated,,scraped_html_paginated,rating_score,0.15
569,scraped_html_paginated,,scraped_html_paginated,rating_score,0.15
570,scraped_html_paginated,,scraped_html_paginated,rating_score,0.15
571,scraped_html_paginated,,scraped_html_paginated,rating_score,0.15
572,scraped_html_paginated,,scraped_html_paginated,rating_score,0.15
573,scraped_html_paginated,,scraped_html_paginated,rating_score,0.15
574,scraped_html_paginated,,scraped_html_paginated,rating_score,0.15
575,scraped_html_paginated,,scraped_html_paginated,rating_score,0.15
576,scraped_html_paginated,,scraped_html_paginated,rating_score,0.15
577,scraped_html_paginated,,scraped_html_paginated,rating_score,0.15
578,scraped_html_paginated,,scraped_html_paginated,rating_score,0.15
579,scraped_html_paginated,,scraped_html_paginated,rating_score,0.15
580,scraped_html_paginated,,scraped_html_paginated,rating_score,0.15
581,scraped_html_paginated,,scraped_html_paginated,rating_score,0.15
582,scraped_html_paginated,,scraped_html_paginated,rating_score,0.15
583,scraped_html_paginated,,scraped_html_paginated,rating_score,0.15
584,scraped_html_paginated,,scraped_html_paginated,rating_score,0.15
585,scraped_html_paginated,,scraped_html_paginated,rating_score,0.15
586,scraped_html_paginated,,scraped_html_paginated,rating_score,0.15
587,scraped_html_paginated,,scraped_html_paginated,rating_score,0.15
588,scraped_html_paginated,,scraped_html_paginated,rating_score,0.15
589,scraped_html_paginated,,scraped_html_paginated,rating_score,0.15
590,scraped_html_paginated,,scraped_html_paginated,rating_score,0.15
591,scraped_html_paginated,,scraped_html_paginated,rating_score,0.15
592,scraped_html_paginated,,scraped_html_paginated,rating_score,0.15
593,scraped_html_paginated,,scraped_html_paginated,rating_score,0.15
594,scraped_html_paginated,,scraped_html_paginated,rating_score,0.15
595,scraped_html_paginated,,scraped_html_paginated,rating_score,0.15
596,scraped_html_paginated,,scraped_html_paginated,rating_score,0.15
597,scraped_html_paginated,,scraped_html_paginated,rating_score,0.15
614,scraped_json_api,,scraped_json_api,rating_score,0.15
657,scraped_json_api,,scraped_json_api,rating_score,0.15
671,scraped_json_api,,scraped_json_api,rating_score,0.15
672,scraped_json_api,,scraped_json_api,rating_score,0.15
673,scraped_json_api,,scraped_json_api,rating_score,0.15
674,scraped_json_api,,scraped_json_api,rating_score,0.15
727,excel_summary,,excel_summary,rating_score,0.15
729,scraped_html,,scraped_html,rating_score,0.15
730,scraped_html,,scraped_html,rating_score,0.15
731,scraped_html,,scraped_html,rating_score,0.15
732,scraped_html,,scraped_html,rating_score,0.15
733,scraped_html,,scraped_html,rating_score,0.15
734,scraped_html,,scraped_html,rating_score,0.15
735,scraped_html,,scraped_html,rating_score,0.15
736,scraped_html,,scraped_html,rating_score,0.15
737,scraped_html,,scraped_html,rating_score,0.15
738,scraped_html,,scraped_html,rating_score,0.15
739,scraped_html,,scraped_html,rating_score,0.15
740,scraped_html,,scraped_html,rating_score,0.15
741,scraped_html,,scraped_html,rating_score,0.15
742,scraped_html,,scraped_html,rating_score,0.15
743,scraped_html,,scraped_html,rating_score,0.15
744,scraped_html,,scraped_html,rating_score,0.15
745,scraped_html,,scraped_html,rating_score,0.15
746,scraped_html,,scraped_html,rating_score,0.15
747,scraped_html,,scraped_html,rating_score,0.15
748,scraped_html,,scraped_html,rating_score,0.15
749,scraped_html,,scraped_html,rating_score,0.15
750,scraped_html,,scraped_html,rating_score,0.15
751,scraped_html,,scraped_html,rating_score,0.15
752,scraped_html,,scraped_html,rating_score,0.15
753,scraped_html,,scraped_html,rating_score,0.15
754,scraped_html_paginated,,scraped_html_paginated,rating_score,0.15
755,scraped_html_paginated,,scraped_html_paginated,rating_score,0.15
756,scraped_html_paginated,,scraped_html_paginated,rating_score,0.15
757,scraped_html_paginated,,scraped_html_paginated,rating_score,0.15
758,scraped_html_paginated,,scraped_html_paginated,rating_score,0.15
759,scraped_html_paginated,,scraped_html_paginated,rating_score,0.15
760,scraped_html_paginated,,scraped_html_paginated,rating_score,0.15
761,scraped_html_paginated,,scraped_html_paginated,rating_score,0.15
762,scraped_html_paginated,,scraped_html_paginated,rating_score,0.15
763,scraped_html_paginated,,scraped_html_paginated,rating_score,0.15
764,scraped_html_paginated,,scraped_html_paginated,rating_score,0.15
765,scraped_html_paginated,,scraped_html_paginated,rating_score,0.15
766,scraped_html_paginated,,scraped_html_paginated,rating_score,0.15
767,scraped_html_paginated,,scraped_html_paginated,rating_score,0.15
768,scraped_html_paginated,,scraped_html_paginated,rating_score,0.15
769,scraped_html_paginated,,scraped_html_paginated,rating_score,0.15
770,scraped_html_paginated,,scraped_html_paginated,rating_score,0.15
771,scraped_html_paginated,,scraped_html_paginated,rating_score,0.15
772,scraped_html_paginated,,scraped_html_paginated,rating_score,0.15
773,scraped_html_paginated,,scraped_html_paginated,rating_score,0.15
774,scraped_html_paginated,,scraped_html_paginated,rating_score,0.15
775,scraped_html_paginated,,scraped_html_paginated,rating_score,0.15
776,scraped_html_paginated,,scraped_html_paginated,rating_score,0.15
777,scraped_html_paginated,,scraped_html_paginated,rating_score,0.15
778,scraped_html_paginated,,scraped_html_paginated,rating_score,0.15
779,scraped_html_paginated,,scraped_html_paginated,rating_score,0.15
780,scraped_html_paginated,,scraped_html_paginated,rating_score,0.15
781,scraped_html_paginated,,scraped_html_paginated,rating_score,0.15
782,scraped_html_paginated,,scraped_html_paginated,rating_score,0.15
783,scraped_html_paginated,,scraped_html_paginated,rating_score,0.15
784,scraped_html_paginated,,scraped_html_paginated,rating_score,0.15
785,scraped_html_paginated,,scraped_html_paginated,rating_score,0.15
786,scraped_html_paginated,,scraped_html_paginated,rating_score,0.15
787,scraped_html_paginated,,scraped_html_paginated,rating_score,0.15
788,scraped_html_paginated,,scraped_html_paginated,rating_score,0.15
789,scraped_html_paginated,,scraped_html_paginated,rating_score,0.15
790,scraped_html_paginated,,scraped_html_paginated,rating_score,0.15
791,scraped_html_paginated,,scraped_html_paginated,rating_score,0.15
792,scraped_html_paginated,,scraped_html_paginated,rating_score,0.15
793,scraped_html_paginated,,scraped_html_paginated,rating_score,0.15
794,scraped_html_paginated,,scraped_html_paginated,rating_score,0.15
795,scraped_html_paginated,,scraped_html_paginated,rating_score,0.15
796,scraped_html_paginated,,scraped_html_paginated,rating_score,0.15
797,scraped_html_paginated,,scraped_html_paginated,rating_score,0.15
798,scraped_html_paginated,,scraped_html_paginated,rating_score,0.15
799,scraped_html_paginated,,scraped_html_paginated,rating_score,0.15
800,scraped_html_paginated,,scraped_html_paginated,rating_score,0.15
801,scraped_html_paginated,,scraped_html_paginated,rating_score,0.15
802,scraped_html_paginated,,scraped_html_paginated,rating_score,0.15
803,scraped_html_paginated,,scraped_html_paginated,rating_score,0.15
804,scraped_html_paginated,,scraped_html_paginated,rating_score,0.15
805,scraped_html_paginated,,scraped_html_paginated,rating_score,0.15
806,scraped_html_paginated,,scraped_html_paginated,rating_score,0.15
807,scraped_html_paginated,,scraped_html_paginated,rating_score,0.15
808,scraped_html_paginated,,scraped_html_paginated,rating_score,0.15
809,scraped_html_paginated,,scraped_html_paginated,rating_score,0.15
810,scraped_html_paginated,,scraped_html_paginated,rating_score,0.15
811,scraped_html_paginated,,scraped_html_paginated,rating_score,0.15
812,scraped_html_paginated,,scraped_html_paginated,rating_score,0.15
813,scraped_html_paginated,,scraped_html_paginated,rating_score,0.15
814,scraped_html_paginated,,scraped_html_paginated,rating_score,0.15
815,scraped_html_paginated,,scraped_html_paginated,rating_score,0.15
816,scraped_html_paginated,,scraped_html_paginated,rating_score,0.15
817,scraped_html_paginated,,scraped_html_paginated,rating_score,0.15
818,scraped_html_paginated,,scraped_html_paginated,rating_score,0.15
819,scraped_html_paginated,,scraped_html_paginated,rating_score,0.15
820,scraped_html_paginated,,scraped_html_paginated,rating_score,0.15
821,scraped_html_paginated,,scraped_html_paginated,rating_score,0.15
822,scraped_html_paginated,,scraped_html_paginated,rating_score,0.15
823,scraped_html_paginated,,scraped_html_paginated,rating_score,0.15
824,scraped_html_paginated,,scraped_html_paginated,rating_score,0.15
825,scraped_html_paginated,,scraped_html_paginated,rating_score,0.15
826,scraped_html_paginated,,scraped_html_paginated,rating_score,0.15
827,scraped_html_paginated,,scraped_html_paginated,rating_score,0.15
828,scraped_html_paginated,,scraped_html_paginated,rating_score,0.15
829,scraped_html_paginated,,scraped_html_paginated,rating_score,0.15
830,scraped_html_paginated,,scraped_html_paginated,rating_score,0.15
831,scraped_html_paginated,,scraped_html_paginated,rating_score,0.15
832,scraped_html_paginated,,scraped_html_paginated,rating_score,0.15
833,scraped_html_paginated,,scraped_html_paginated,rating_score,0.15
834,scraped_html_paginated,,scraped_html_paginated,rating_score,0.15
835,scraped_html_paginated,,scraped_html_paginated,rating_score,0.15
836,scraped_html_paginated,,scraped_html_paginated,rating_score,0.15
837,scraped_html_paginated,,scraped_html_paginated,rating_score,0.15
838,scraped_html_paginated,,scraped_html_paginated,rating_score,0.15
839,scraped_html_paginated,,scraped_html_paginated,rating_score,0.15
840,scraped_html_paginated,,scraped_html_paginated,rating_score,0.15
841,scraped_html_paginated,,scraped_html_paginated,rating_score,0.15
842,scraped_html_paginated,,scraped_html_paginated,rating_score,0.15
843,scraped_html_paginated,,scraped_html_paginated,rating_score,0.15
844,scraped_html_paginated,,scraped_html_paginated,rating_score,0.15
845,scraped_html_paginated,,scraped_html_paginated,rating_score,0.15
846,scraped_html_paginated,,scraped_html_paginated,rating_score,0.15
847,scraped_html_paginated,,scraped_html_paginated,rating_score,0.15
848,scraped_html_paginated,,scraped_html_paginated,rating_score,0.15
849,scraped_html_paginated,,scraped_html_paginated,rating_score,0.15
850,scraped_html_paginated,,scraped_html_paginated,rating_score,0.15
851,scraped_html_paginated,,scraped_html_paginated,rating_score,0.15
852,scraped_html_paginated,,scraped_html_paginated,rating_score,0.15
853,scraped_html_paginated,,scraped_html_paginated,rating_score,0.15
870,scraped_json_api,,scraped_json_api,rating_score,0.15
913,scraped_json_api,,scraped_json_api,rating_score,0.15
927,scraped_json_api,,scraped_json_api,rating_score,0.15
928,scraped_json_api,,scraped_json_api,rating_score,0.15
929,scraped_json_api,,scraped_json_api,rating_score,0.15
930,scraped_json_api,,scraped_json_api,rating_score,0.15
983,excel_summary,,excel_summary,rating_score,0.15
985,scraped_html,,scraped_html,rating_score,0.15
986,scraped_html,,scraped_html,rating_score,0.15
987,scraped_html,,scraped_html,rating_score,0.15
988,scraped_html,,scraped_html,rating_score,0.15
989,scraped_html,,scraped_html,rating_score,0.15
990,scraped_html,,scraped_html,rating_score,0.15
991,scraped_html,,scraped_html,rating_score,0.15
992,scraped_html,,scraped_html,rating_score,0.15
993,scraped_html,,scraped_html,rating_score,0.15
994,scraped_html,,scraped_html,rating_score,0.15
995,scraped_html,,scraped_html,rating_score,0.15
996,scraped_html,,scraped_html,rating_score,0.15
997,scraped_html,,scraped_html,rating_score,0.15
998,scraped_html,,scraped_html,rating_score,0.15
999,scraped_html,,scraped_html,rating_score,0.15
1000,scraped_html,,scraped_html,rating_score,0.15
1001,scraped_html,,scraped_html,rating_score,0.15
1002,scraped_html,,scraped_html,rating_score,0.15
1003,scraped_html,,scraped_html,rating_score,0.15
1004,scraped_html,,scraped_html,rating_score,0.15
1005,scraped_html,,scraped_html,rating_score,0.15
1006,scraped_html,,scraped_html,rating_score,0.15
1007,scraped_html,,scraped_html,rating_score,0.15
1008,scraped_html,,scraped_html,rating_score,0.15
1009,scraped_html,,scraped_html,rating_score,0.15
1010,scraped_html_paginated,,scraped_html_paginated,rating_score,0.15
1011,scraped_html_paginated,,scraped_html_paginated,rating_score,0.15
1012,scraped_html_paginated,,scraped_html_paginated,rating_score,0.15
1013,scraped_html_paginated,,scraped_html_paginated,rating_score,0.15
1014,scraped_html_paginated,,scraped_html_paginated,rating_score,0.15
1015,scraped_html_paginated,,scraped_html_paginated,rating_score,0.15
1016,scraped_html_paginated,,scraped_html_paginated,rating_score,0.15
1017,scraped_html_paginated,,scraped_html_paginated,rating_score,0.15
1018,scraped_html_paginated,,scraped_html_paginated,rating_score,0.15
1019,scraped_html_paginated,,scraped_html_paginated,rating_score,0.15
1020,scraped_html_paginated,,scraped_html_paginated,rating_score,0.15
1021,scraped_html_paginated,,scraped_html_paginated,rating_score,0.15
1022,scraped_html_paginated,,scraped_html_paginated,rating_score,0.15
1023,scraped_html_paginated,,scraped_html_paginated,rating_score,0.15
1024,scraped_html_paginated,,scraped_html_paginated,rating_score,0.15
1025,scraped_html_paginated,,scraped_html_paginated,rating_score,0.15
1026,scraped_html_paginated,,scraped_html_paginated,rating_score,0.15
1027,scraped_html_paginated,,scraped_html_paginated,rating_score,0.15
1028,scraped_html_paginated,,scraped_html_paginated,rating_score,0.15
1029,scraped_html_paginated,,scraped_html_paginated,rating_score,0.15
1030,scraped_html_paginated,,scraped_html_paginated,rating_score,0.15
1031,scraped_html_paginated,,scraped_html_paginated,rating_score,0.15
1032,scraped_html_paginated,,scraped_html_paginated,rating_score,0.15
1033,scraped_html_paginated,,scraped_html_paginated,rating_score,0.15
1034,scraped_html_paginated,,scraped_html_paginated,rating_score,0.15
1035,scraped_html_paginated,,scraped_html_paginated,rating_score,0.15
1036,scraped_html_paginated,,scraped_html_paginated,rating_score,0.15
1037,scraped_html_paginated,,scraped_html_paginated,rating_score,0.15
1038,scraped_html_paginated,,scraped_html_paginated,rating_score,0.15
1039,scraped_html_paginated,,scraped_html_paginated,rating_score,0.15
1040,scraped_html_paginated,,scraped_html_paginated,rating_score,0.15
1041,scraped_html_paginated,,scraped_html_paginated,rating_score,0.15
1042,scraped_html_paginated,,scraped_html_paginated,rating_score,0.15
1043,scraped_html_paginated,,scraped_html_paginated,rating_score,0.15
1044,scraped_html_paginated,,scraped_html_paginated,rating_score,0.15
1045,scraped_html_paginated,,scraped_html_paginated,rating_score,0.15
1046,scraped_html_paginated,,scraped_html_paginated,rating_score,0.15
1047,scraped_html_paginated,,scraped_html_paginated,rating_score,0.15
1048,scraped_html_paginated,,scraped_html_paginated,rating_score,0.15
1049,scraped_html_paginated,,scraped_html_paginated,rating_score,0.15
1050,scraped_html_paginated,,scraped_html_paginated,rating_score,0.15
1051,scraped_html_paginated,,scraped_html_paginated,rating_score,0.15
1052,scraped_html_paginated,,scraped_html_paginated,rating_score,0.15
1053,scraped_html_paginated,,scraped_html_paginated,rating_score,0.15
1054,scraped_html_paginated,,scraped_html_paginated,rating_score,0.15
1055,scraped_html_paginated,,scraped_html_paginated,rating_score,0.15
1056,scraped_html_paginated,,scraped_html_paginated,rating_score,0.15
1057,scraped_html_paginated,,scraped_html_paginated,rating_score,0.15
1058,scraped_html_paginated,,scraped_html_paginated,rating_score,0.15
1059,scraped_html_paginated,,scraped_html_paginated,rating_score,0.15
1060,scraped_html_paginated,,scraped_html_paginated,rating_score,0.15
1061,scraped_html_paginated,,scraped_html_paginated,rating_score,0.15
1062,scraped_html_paginated,,scraped_html_paginated,rating_score,0.15
1063,scraped_html_paginated,,scraped_html_paginated,rating_score,0.15
1064,scraped_html_paginated,,scraped_html_paginated,rating_score,0.15
1065,scraped_html_paginated,,scraped_html_paginated,rating_score,0.15
1066,scraped_html_paginated,,scraped_html_paginated,rating_score,0.15
1067,scraped_html_paginated,,scraped_html_paginated,rating_score,0.15
1068,scraped_html_paginated,,scraped_html_paginated,rating_score,0.15
1069,scraped_html_paginated,,scraped_html_paginated,rating_score,0.15
1070,scraped_html_paginated,,scraped_html_paginated,rating_score,0.15
1071,scraped_html_paginated,,scraped_html_paginated,rating_score,0.15
1072,scraped_html_paginated,,scraped_html_paginated,rating_score,0.15
1073,scraped_html_paginated,,scraped_html_paginated,rating_score,0.15
1074,scraped_html_paginated,,scraped_html_paginated,rating_score,0.15
1075,scraped_html_paginated,,scraped_html_paginated,rating_score,0.15
1076,scraped_html_paginated,,scraped_html_paginated,rating_score,0.15
1077,scraped_html_paginated,,scraped_html_paginated,rating_score,0.15
1078,scraped_html_paginated,,scraped_html_paginated,rating_score,0.15
1079,scraped_html_paginated,,scraped_html_paginated,rating_score,0.15
1080,scraped_html_paginated,,scraped_html_paginated,rating_score,0.15
1081,scraped_html_paginated,,scraped_html_paginated,rating_score,0.15
1082,scraped_html_paginated,,scraped_html_paginated,rating_score,0.15
1083,scraped_html_paginated,,scraped_html_paginated,rating_score,0.15
1084,scraped_html_paginated,,scraped_html_paginated,rating_score,0.15
1085,scraped_html_paginated,,scraped_html_paginated,rating_score,0.15
1086,scraped_html_paginated,,scraped_html_paginated,rating_score,0.15
1087,scraped_html_paginated,,scraped_html_paginated,rating_score,0.15
1088,scraped_html_paginated,,scraped_html_paginated,rating_score,0.15
1089,scraped_html_paginated,,scraped_html_paginated,rating_score,0.15
1090,scraped_html_paginated,,scraped_html_paginated,rating_score,0.15
1091,scraped_html_paginated,,scraped_html_paginated,rating_score,0.15
1092,scraped_html_paginated,,scraped_html_paginated,rating_score,0.15
1093,scraped_html_paginated,,scraped_html_paginated,rating_score,0.15
1094,scraped_html_paginated,,scraped_html_paginated,rating_score,0.15
1095,scraped_html_paginated,,scraped_html_paginated,rating_score,0.15
1096,scraped_html_paginated,,scraped_html_paginated,rating_score,0.15
1097,scraped_html_paginated,,scraped_html_paginated,rating_score,0.15
1098,scraped_html_paginated,,scraped_html_paginated,rating_score,0.15
1099,scraped_html_paginated,,scraped_html_paginated,rating_score,0.15
1100,scraped_html_paginated,,scraped_html_paginated,rating_score,0.15
1101,scraped_html_paginated,,scraped_html_paginated,rating_score,0.15
1102,scraped_html_paginated,,scraped_html_paginated,rating_score,0.15
1103,scraped_html_paginated,,scraped_html_paginated,rating_score,0.15
1104,scraped_html_paginated,,scraped_html_paginated,rating_score,0.15
1105,scraped_html_paginated,,scraped_html_paginated,rating_score,0.15
1106,scraped_html_paginated,,scraped_html_paginated,rating_score,0.15
1107,scraped_html_paginated,,scraped_html_paginated,rating_score,0.15
1108,scraped_html_paginated,,scraped_html_paginated,rating_score,0.15
1109,scraped_html_paginated,,scraped_html_paginated,rating_score,0.15
1126,scraped_json_api,,scraped_json_api,rating_score,0.15
1169,scraped_json_api,,scraped_json_api,rating_score,0.15
1183,scraped_json_api,,scraped_json_api,rating_score,0.15
1184,scraped_json_api,,scraped_json_api,rating_score,0.15
1185,scraped_json_api,,scraped_json_api,rating_score,0.15
1186,scraped_json_api,,scraped_json_api,rating_score,0.15
1239,excel_summary,,excel_summary,rating_score,0.15
1241,scraped_html,,scraped_html,rating_score,0.15
1242,scraped_html,,scraped_html,rating_score,0.15
1243,scraped_html,,scraped_html,rating_score,0.15
1244,scraped_html,,scraped_html,rating_score,0.15
1245,scraped_html,,scraped_html,rating_score,0.15
1246,scraped_html,,scraped_html,rating_score,0.15
1247,scraped_html,,scraped_html,rating_score,0.15
1248,scraped_html,,scraped_html,rating_score,0.15
1249,scraped_html,,scraped_html,rating_score,0.15
1250,scraped_html,,scraped_html,rating_score,0.15
1251,scraped_html,,scraped_html,rating_score,0.15
1252,scraped_html,,scraped_html,rating_score,0.15
1253,scraped_html,,scraped_html,rating_score,0.15
1254,scraped_html,,scraped_html,rating_score,0.15
1255,scraped_html,,scraped_html,rating_score,0.15
1256,scraped_html,,scraped_html,rating_score,0.15
1257,scraped_html,,scraped_html,rating_score,0.15
1258,scraped_html,,scraped_html,rating_score,0.15
1259,scraped_html,,scraped_html,rating_score,0.15
1260,scraped_html,,scraped_html,rating_score,0.15
1261,scraped_html,,scraped_html,rating_score,0.15
1262,scraped_html,,scraped_html,rating_score,0.15
1263,scraped_html,,scraped_html,rating_score,0.15
1264,scraped_html,,scraped_html,rating_score,0.15
1265,scraped_html,,scraped_html,rating_score,0.15
1266,scraped_html_paginated,,scraped_html_paginated,rating_score,0.15
1267,scraped_html_paginated,,scraped_html_paginated,rating_score,0.15
1268,scraped_html_paginated,,scraped_html_paginated,rating_score,0.15
1269,scraped_html_paginated,,scraped_html_paginated,rating_score,0.15
1270,scraped_html_paginated,,scraped_html_paginated,rating_score,0.15
1271,scraped_html_paginated,,scraped_html_paginated,rating_score,0.15
1272,scraped_html_paginated,,scraped_html_paginated,rating_score,0.15
1273,scraped_html_paginated,,scraped_html_paginated,rating_score,0.15
1274,scraped_html_paginated,,scraped_html_paginated,rating_score,0.15
1275,scraped_html_paginated,,scraped_html_paginated,rating_score,0.15
1276,scraped_html_paginated,,scraped_html_paginated,rating_score,0.15
1277,scraped_html_paginated,,scraped_html_paginated,rating_score,0.15
1278,scraped_html_paginated,,scraped_html_paginated,rating_score,0.15
1279,scraped_html_paginated,,scraped_html_paginated,rating_score,0.15
1280,scraped_html_paginated,,scraped_html_paginated,rating_score,0.15
1281,scraped_html_paginated,,scraped_html_paginated,rating_score,0.15
1282,scraped_html_paginated,,scraped_html_paginated,rating_score,0.15
1283,scraped_html_paginated,,scraped_html_paginated,rating_score,0.15
1284,scraped_html_paginated,,scraped_html_paginated,rating_score,0.15
1285,scraped_html_paginated,,scraped_html_paginated,rating_score,0.15
1286,scraped_html_paginated,,scraped_html_paginated,rating_score,0.15
1287,scraped_html_paginated,,scraped_html_paginated,rating_score,0.15
1288,scraped_html_paginated,,scraped_html_paginated,rating_score,0.15
1289,scraped_html_paginated,,scraped_html_paginated,rating_score,0.15
1290,scraped_html_paginated,,scraped_html_paginated,rating_score,0.15
1291,scraped_html_paginated,,scraped_html_paginated,rating_score,0.15
1292,scraped_html_paginated,,scraped_html_paginated,rating_score,0.15
1293,scraped_html_paginated,,scraped_html_paginated,rating_score,0.15
1294,scraped_html_paginated,,scraped_html_paginated,rating_score,0.15
1295,scraped_html_paginated,,scraped_html_paginated,rating_score,0.15
1296,scraped_html_paginated,,scraped_html_paginated,rating_score,0.15
1297,scraped_html_paginated,,scraped_html_paginated,rating_score,0.15
1298,scraped_html_paginated,,scraped_html_paginated,rating_score,0.15
1299,scraped_html_paginated,,scraped_html_paginated,rating_score,0.15
1300,scraped_html_paginated,,scraped_html_paginated,rating_score,0.15
1301,scraped_html_paginated,,scraped_html_paginated,rating_score,0.15
1302,scraped_html_paginated,,scraped_html_paginated,rating_score,0.15
1303,scraped_html_paginated,,scraped_html_paginated,rating_score,0.15
1304,scraped_html_paginated,,scraped_html_paginated,rating_score,0.15
1305,scraped_html_paginated,,scraped_html_paginated,rating_score,0.15
1306,scraped_html_paginated,,scraped_html_paginated,rating_score,0.15
1307,scraped_html_paginated,,scraped_html_paginated,rating_score,0.15
1308,scraped_html_paginated,,scraped_html_paginated,rating_score,0.15
1309,scraped_html_paginated,,scraped_html_paginated,rating_score,0.15
1310,scraped_html_paginated,,scraped_html_paginated,rating_score,0.15
1311,scraped_html_paginated,,scraped_html_paginated,rating_score,0.15
1312,scraped_html_paginated,,scraped_html_paginated,rating_score,0.15
1313,scraped_html_paginated,,scraped_html_paginated,rating_score,0.15
1314,scraped_html_paginated,,scraped_html_paginated,rating_score,0.15
1315,scraped_html_paginated,,scraped_html_paginated,rating_score,0.15
1316,scraped_html_paginated,,scraped_html_paginated,rating_score,0.15
1317,scraped_html_paginated,,scraped_html_paginated,rating_score,0.15
1318,scraped_html_paginated,,scraped_html_paginated,rating_score,0.15
1319,scraped_html_paginated,,scraped_html_paginated,rating_score,0.15
1320,scraped_html_paginated,,scraped_html_paginated,rating_score,0.15
1321,scraped_html_paginated,,scraped_html_paginated,rating_score,0.15
1322,scraped_html_paginated,,scraped_html_paginated,rating_score,0.15
1323,scraped_html_paginated,,scraped_html_paginated,rating_score,0.15
1324,scraped_html_paginated,,scraped_html_paginated,rating_score,0.15
1325,scraped_html_paginated,,scraped_html_paginated,rating_score,0.15
1326,scraped_html_paginated,,scraped_html_paginated,rating_score,0.15
1327,scraped_html_paginated,,scraped_html_paginated,rating_score,0.15
1328,scraped_html_paginated,,scraped_html_paginated,rating_score,0.15
1329,scraped_html_paginated,,scraped_html_paginated,rating_score,0.15
1330,scraped_html_paginated,,scraped_html_paginated,rating_score,0.15
1331,scraped_html_paginated,,scraped_html_paginated,rating_score,0.15
1332,scraped_html_paginated,,scraped_html_paginated,rating_score,0.15
1333,scraped_html_paginated,,scraped_html_paginated,rating_score,0.15
1334,scraped_html_paginated,,scraped_html_paginated,rating_score,0.15
1335,scraped_html_paginated,,scraped_html_paginated,rating_score,0.15
1336,scraped_html_paginated,,scraped_html_paginated,rating_score,0.15
1337,scraped_html_paginated,,scraped_html_paginated,rating_score,0.15
1338,scraped_html_paginated,,scraped_html_paginated,rating_score,0.15
1339,scraped_html_paginated,,scraped_html_paginated,rating_score,0.15
1340,scraped_html_paginated,,scraped_html_paginated,rating_score,0.15
1341,scraped_html_paginated,,scraped_html_paginated,rating_score,0.15
1342,scraped_html_paginated,,scraped_html_paginated,rating_score,0.15
1343,scraped_html_paginated,,scraped_html_paginated,rating_score,0.15
1344,scraped_html_paginated,,scraped_html_paginated,rating_score,0.15
1345,scraped_html_paginated,,scraped_html_paginated,rating_score,0.15
1346,scraped_html_paginated,,scraped_html_paginated,rating_score,0.15
1347,scraped_html_paginated,,scraped_html_paginated,rating_score,0.15
1348,scraped_html_paginated,,scraped_html_paginated,rating_score,0.15
1349,scraped_html_paginated,,scraped_html_paginated,rating_score,0.15
1350,scraped_html_paginated,,scraped_html_paginated,rating_score,0.15
1351,scraped_html_paginated,,scraped_html_paginated,rating_score,0.15
1352,scraped_html_paginated,,scraped_html_paginated,rating_score,0.15
1353,scraped_html_paginated,,scraped_html_paginated,rating_score,0.15
1354,scraped_html_paginated,,scraped_html_paginated,rating_score,0.15
1355,scraped_html_paginated,,scraped_html_paginated,rating_score,0.15
1356,scraped_html_paginated,,scraped_html_paginated,rating_score,0.15
1357,scraped_html_paginated,,scraped_html_paginated,rating_score,0.15
1358,scraped_html_paginated,,scraped_html_paginated,rating_score,0.15
1359,scraped_html_paginated,,scraped_html_paginated,rating_score,0.15
1360,scraped_html_paginated,,scraped_html_paginated,rating_score,0.15
1361,scraped_html_paginated,,scraped_html_paginated,rating_score,0.15
1362,scraped_html_paginated,,scraped_html_paginated,rating_score,0.15
1363,scraped_html_paginated,,scraped_html_paginated,rating_score,0.15
1364,scraped_html_paginated,,scraped_html_paginated,rating_score,0.15
1365,scraped_html_paginated,,scraped_html_paginated,rating_score,0.15
1382,scraped_json_api,,scraped_json_api,rating_score,0.15
1425,scraped_json_api,,scraped_json_api,rating_score,0.15
1439,scraped_json_api,,scraped_json_api,rating_score,0.15
1440,scraped_json_api,,scraped_json_api,rating_score,0.15
1441,scraped_json_api,,scraped_json_api,rating_score,0.15
1442,scraped_json_api,,scraped_json_api,rating_score,0.15
350,scraped_json_api,,scraped_json_api,rating_score,0.14
372,scraped_json_api,,scraped_json_api,rating_score,0.14
410,scraped_json_api,,scraped_json_api,rating_score,0.14
606,scraped_json_api,,scraped_json_api,rating_score,0.14
628,scraped_json_api,,scraped_json_api,rating_score,0.14
666,scraped_json_api,,scraped_json_api,rating_score,0.14
862,scraped_json_api,,scraped_json_api,rating_score,0.14
884,scraped_json_api,,scraped_json_api,rating_score,0.14
922,scraped_json_api,,scraped_json_api,rating_score,0.14
1118,scraped_json_api,,scraped_json_api,rating_score,0.14
1140,scraped_json_api,,scraped_json_api,rating_score,0.14
1178,scraped_json_api,,scraped_json_api,rating_score,0.14
1374,scraped_json_api,,scraped_json_api,rating_score,0.14
1396,scraped_json_api,,scraped_json_api,rating_score,0.14
1434,scraped_json_api,,scraped_json_api,rating_score,0.14
357,scraped_json_api,,scraped_json_api,rating_score,0.13
379,scraped_json_api,,scraped_json_api,rating_score,0.13
613,scraped_json_api,,scraped_json_api,rating_score,0.13
635,scraped_json_api,,scraped_json_api,rating_score,0.13
869,scraped_json_api,,scraped_json_api,rating_score,0.13
891,scraped_json_api,,scraped_json_api,rating_score,0.13
1125,scraped_json_api,,scraped_json_api,rating_score,0.13
1147,scraped_json_api,,scraped_json_api,rating_score,0.13
1381,scraped_json_api,,scraped_json_api,rating_score,0.13
1403,scraped_json_api,,scraped_json_api,rating_score,0.13
362,scraped_json_api,,scraped_json_api,rating_score,0.12
391,scraped_json_api,,scraped_json_api,rating_score,0.12
403,scraped_json_api,,scraped_json_api,rating_score,0.12
618,scraped_json_api,,scraped_json_api,rating_score,0.12
647,scraped_json_api,,scraped_json_api,rating_score,0.12
659,scraped_json_api,,scraped_json_api,rating_score,0.12
874,scraped_json_api,,scraped_json_api,rating_score,0.12
903,scraped_json_api,,scraped_json_api,rating_score,0.12
915,scraped_json_api,,scraped_json_api,rating_score,0.12
1130,scraped_json_api,,scraped_json_api,rating_score,0.12
1159,scraped_json_api,,scraped_json_api,rating_score,0.12
1171,scraped_json_api,,scraped_json_api,rating_score,0.12
1386,scraped_json_api,,scraped_json_api,rating_score,0.12
1415,scraped_json_api,,scraped_json_api,rating_score,0.12
1427,scraped_json_api,,scraped_json_api,rating_score,0.12
345,scraped_json_api,,scraped_json_api,rating_score,0.11
346,scraped_json_api,,scraped_json_api,rating_score,0.11
351,scraped_json_api,,scraped_json_api,rating_score,0.11
352,scraped_json_api,,scraped_json_api,rating_score,0.11
366,scraped_json_api,,scraped_json_api,rating_score,0.11
367,scraped_json_api,,scraped_json_api,rating_score,0.11
407,scraped_json_api,,scraped_json_api,rating_score,0.11
411,scraped_json_api,,scraped_json_api,rating_score,0.11
413,scraped_json_api,,scraped_json_api,rating_score,0.11
420,scraped_json_api,,scraped_json_api,rating_score,0.11
422,scraped_json_api,,scraped_json_api,rating_score,0.11
424,scraped_json_api,,scraped_json_api,rating_score,0.11
426,scraped_json_api,,scraped_json_api,rating_score,0.11
428,scraped_json_api,,scraped_json_api,rating_score,0.11
601,scraped_json_api,,scraped_json_api,rating_score,0.11
602,scraped_json_api,,scraped_json_api,rating_score,0.11
607,scraped_json_api,,scraped_json_api,rating_score,0.11
608,scraped_json_api,,scraped_json_api,rating_score,0.11
622,scraped_json_api,,scraped_json_api,rating_score,0.11
623,scraped_json_api,,scraped_json_api,rating_score,0.11
663,scraped_json_api,,scraped_json_api,rating_score,0.11
667,scraped_json_api,,scraped_json_api,rating_score,0.11
669,scraped_json_api,,scraped_json_api,rating_score,0.11
676,scraped_json_api,,scraped_json_api,rating_score,0.11
678,scraped_json_api,,scraped_json_api,rating_score,0.11
680,scraped_json_api,,scraped_json_api,rating_score,0.11
682,scraped_json_api,,scraped_json_api,rating_score,0.11
684,scraped_json_api,,scraped_json_api,rating_score,0.11
857,scraped_json_api,,scraped_json_api,rating_score,0.11
858,scraped_json_api,,scraped_json_api,rating_score,0.11
863,scraped_json_api,,scraped_json_api,rating_score,0.11
864,scraped_json_api,,scraped_json_api,rating_score,0.11
878,scraped_json_api,,scraped_json_api,rating_score,0.11
879,scraped_json_api,,scraped_json_api,rating_score,0.11
919,scraped_json_api,,scraped_json_api,rating_score,0.11
923,scraped_json_api,,scraped_json_api,rating_score,0.11
925,scraped_json_api,,scraped_json_api,rating_score,0.11
932,scraped_json_api,,scraped_json_api,rating_score,0.11
934,scraped_json_api,,scraped_json_api,rating_score,0.11
936,scraped_json_api,,scraped_json_api,rating_score,0.11
938,scraped_json_api,,scraped_json_api,rating_score,0.11
940,scraped_json_api,,scraped_json_api,rating_score,0.11
1113,scraped_json_api,,scraped_json_api,rating_score,0.11
1114,scraped_json_api,,scraped_json_api,rating_score,0.11
1119,scraped_json_api,,scraped_json_api,rating_score,0.11
1120,scraped_json_api,,scraped_json_api,rating_score,0.11
1134,scraped_json_api,,scraped_json_api,rating_score,0.11
1135,scraped_json_api,,scraped_json_api,rating_score,0.11
1175,scraped_json_api,,scraped_json_api,rating_score,0.11
1179,scraped_json_api,,scraped_json_api,rating_score,0.11
1181,scraped_json_api,,scraped_json_api,rating_score,0.11
1188,scraped_json_api,,scraped_json_api,rating_score,0.11
1190,scraped_json_api,,scraped_json_api,rating_score,0.11
1192,scraped_json_api,,scraped_json_api,rating_score,0.11
1194,scraped_json_api,,scraped_json_api,rating_score,0.11
1196,scraped_json_api,,scraped_json_api,rating_score,0.11
1369,scraped_json_api,,scraped_json_api,rating_score,0.11
1370,scraped_json_api,,scraped_json_api,rating_score,0.11
1375,scraped_json_api,,scraped_json_api,rating_score,0.11
1376,scraped_json_api,,scraped_json_api,rating_score,0.11
1390,scraped_json_api,,scraped_json_api,rating_score,0.11
1391,scraped_json_api,,scraped_json_api,rating_score,0.11
1431,scraped_json_api,,scraped_json_api,rating_score,0.11
1435,scraped_json_api,,scraped_json_api,rating_score,0.11
1437,scraped_json_api,,scraped_json_api,rating_score,0.11
1444,scraped_json_api,,scraped_json_api,rating_score,0.11
1446,scraped_json_api,,scraped_json_api,rating_score,0.11
1448,scraped_json_api,,scraped_json_api,rating_score,0.11
1450,scraped_json_api,,scraped_json_api,rating_score,0.11
1452,scraped_json_api,,scraped_json_api,rating_score,0.11
348,scraped_json_api,,scraped_json_api,rating_score,0.1
354,scraped_json_api,,scraped_json_api,rating_score,0.1
355,scraped_json_api,,scraped_json_api,rating_score,0.1
365,scraped_json_api,,scraped_json_api,rating_score,0.1
371,scraped_json_api,,scraped_json_api,rating_score,0.1
408,scraped_json_api,,scraped_json_api,rating_score,0.1
604,scraped_json_api,,scraped_json_api,rating_score,0.1
610,scraped_json_api,,scraped_json_api,rating_score,0.1
611,scraped_json_api,,scraped_json_api,rating_score,0.1
621,scraped_json_api,,scraped_json_api,rating_score,0.1
627,scraped_json_api,,scraped_json_api,rating_score,0.1
664,scraped_json_api,,scraped_json_api,rating_score,0.1
860,scraped_json_api,,scraped_json_api,rating_score,0.1
866,scraped_json_api,,scraped_json_api,rating_score,0.1
867,scraped_json_api,,scraped_json_api,rating_score,0.1
877,scraped_json_api,,scraped_json_api,rating_score,0.1
883,scraped_json_api,,scraped_json_api,rating_score,0.1
920,scraped_json_api,,scraped_json_api,rating_score,0.1
1116,scraped_json_api,,scraped_json_api,rating_score,0.1
1122,scraped_json_api,,scraped_json_api,rating_score,0.1
1123,scraped_json_api,,scraped_json_api,rating_score,0.1
1133,scraped_json_api,,scraped_json_api,rating_score,0.1
1139,scraped_json_api,,scraped_json_api,rating_score,0.1
1176,scraped_json_api,,scraped_json_api,rating_score,0.1
1372,scraped_json_api,,scraped_json_api,rating_score,0.1
1378,scraped_json_api,,scraped_json_api,rating_score,0.1
1379,scraped_json_api,,scraped_json_api,rating_score,0.1
1389,scraped_json_api,,scraped_json_api,rating_score,0.1
1395,scraped_json_api,,scraped_json_api,rating_score,0.1
1432,scraped_json_api,,scraped_json_api,rating_score,0.1
343,scraped_json_api,,scraped_json_api,rating_score,0.09
364,scraped_json_api,,scraped_json_api,rating_score,0.09
368,scraped_json_api,,scraped_json_api,rating_score,0.09
392,scraped_json_api,,scraped_json_api,rating_score,0.09
599,scraped_json_api,,scraped_json_api,rating_score,0.09
620,scraped_json_api,,scraped_json_api,rating_score,0.09
624,scraped_json_api,,scraped_json_api,rating_score,0.09
648,scraped_json_api,,scraped_json_api,rating_score,0.09
855,scraped_json_api,,scraped_json_api,rating_score,0.09
876,scraped_json_api,,scraped_json_api,rating_score,0.09
880,scraped_json_api,,scraped_json_api,rating_score,0.09
904,scraped_json_api,,scraped_json_api,rating_score,0.09
1111,scraped_json_api,,scraped_json_api,rating_score,0.09
1132,scraped_json_api,,scraped_json_api,rating_score,0.09
1136,scraped_json_api,,scraped_json_api,rating_score,0.09
1160,scraped_json_api,,scraped_json_api,rating_score,0.09
1367,scraped_json_api,,scraped_json_api,rating_score,0.09
1388,scraped_json_api,,scraped_json_api,rating_score,0.09
1392,scraped_json_api,,scraped_json_api,rating_score,0.09
1416,scraped_json_api,,scraped_json_api,rating_score,0.09
361,scraped_json_api,,scraped_json_api,rating_score,0.08
380,scraped_json_api,,scraped_json_api,rating_score,0.08
383,scraped_json_api,,scraped_json_api,rating_score,0.08
399,scraped_json_api,,scraped_json_api,rating_score,0.08
617,scraped_json_api,,scraped_json_api,rating_score,0.08
636,scraped_json_api,,scraped_json_api,rating_score,0.08
639,scraped_json_api,,scraped_json_api,rating_score,0.08
655,scraped_json_api,,scraped_json_api,rating_score,0.08
873,scraped_json_api,,scraped_json_api,rating_score,0.08
892,scraped_json_api,,scraped_json_api,rating_score,0.08
895,scraped_json_api,,scraped_json_api,rating_score,0.08
911,scraped_json_api,,scraped_json_api,rating_score,0.08
1129,scraped_json_api,,scraped_json_api,rating_score,0.08
1148,scraped_json_api,,scraped_json_api,rating_score,0.08
1151,scraped_json_api,,scraped_json_api,rating_score,0.08
1167,scraped_json_api,,scraped_json_api,rating_score,0.08
1385,scraped_json_api,,scraped_json_api,rating_score,0.08
1404,scraped_json_api,,scraped_json_api,rating_score,0.08
1407,scraped_json_api,,scraped_json_api,rating_score,0.08
1423,scraped_json_api,,scraped_json_api,rating_score,0.08
373,scraped_json_api,,scraped_json_api,rating_score,0.07
375,scraped_json_api,,scraped_json_api,rating_score,0.07
386,scraped_json_api,,scraped_json_api,rating_score,0.07
397,scraped_json_api,,scraped_json_api,rating_score,0.07
402,scraped_json_api,,scraped_json_api,rating_score,0.07
419,scraped_json_api,,scraped_json_api,rating_score,0.07
427,scraped_json_api,,scraped_json_api,rating_score,0.07
629,scraped_json_api,,scraped_json_api,rating_score,0.07
631,scraped_json_api,,scraped_json_api,rating_score,0.07
642,scraped_json_api,,scraped_json_api,rating_score,0.07
653,scraped_json_api,,scraped_json_api,rating_score,0.07
658,scraped_json_api,,scraped_json_api,rating_score,0.07
675,scraped_json_api,,scraped_json_api,rating_score,0.07
683,scraped_json_api,,scraped_json_api,rating_score,0.07
885,scraped_json_api,,scraped_json_api,rating_score,0.07
887,scraped_json_api,,scraped_json_api,rating_score,0.07
898,scraped_json_api,,scraped_json_api,rating_score,0.07
909,scraped_json_api,,scraped_json_api,rating_score,0.07
914,scraped_json_api,,scraped_json_api,rating_score,0.07
931,scraped_json_api,,scraped_json_api,rating_score,0.07
939,scraped_json_api,,scraped_json_api,rating_score,0.07
1141,scraped_json_api,,scraped_json_api,rating_score,0.07
1143,scraped_json_api,,scraped_json_api,rating_score,0.07
1154,scraped_json_api,,scraped_json_api,rating_score,0.07
1165,scraped_json_api,,scraped_json_api,rating_score,0.07
1170,scraped_json_api,,scraped_json_api,rating_score,0.07
1187,scraped_json_api,,scraped_json_api,rating_score,0.07
1195,scraped_json_api,,scraped_json_api,rating_score,0.07
1397,scraped_json_api,,scraped_json_api,rating_score,0.07
1399,scraped_json_api,,scraped_json_api,rating_score,0.07
1410,scraped_json_api,,scraped_json_api,rating_score,0.07
1421,scraped_json_api,,scraped_json_api,rating_score,0.07
1426,scraped_json_api,,scraped_json_api,rating_score,0.07
1443,scraped_json_api,,scraped_json_api,rating_score,0.07
1451,scraped_json_api,,scraped_json_api,rating_score,0.07
384,scraped_json_api,,scraped_json_api,rating_score,0.06
388,scraped_json_api,,scraped_json_api,rating_score,0.06
394,scraped_json_api,,scraped_json_api,rating_score,0.06
640,scraped_json_api,,scraped_json_api,rating_score,0.06
644,scraped_json_api,,scraped_json_api,rating_score,0.06
650,scraped_json_api,,scraped_json_api,rating_score,0.06
896,scraped_json_api,,scraped_json_api,rating_score,0.06
900,scraped_json_api,,scraped_json_api,rating_score,0.06
906,scraped_json_api,,scraped_json_api,rating_score,0.06
1152,scraped_json_api,,scraped_json_api,rating_score,0.06
1156,scraped_json_api,,scraped_json_api,rating_score,0.06
1162,scraped_json_api,,scraped_json_api,rating_score,0.06
1408,scraped_json_api,,scraped_json_api,rating_score,0.06
1412,scraped_json_api,,scraped_json_api,rating_score,0.06
1418,scraped_json_api,,scraped_json_api,rating_score,0.06
369,scraped_json_api,,scraped_json_api,rating_score,0.05
378,scraped_json_api,,scraped_json_api,rating_score,0.05
381,scraped_json_api,,scraped_json_api,rating_score,0.05
406,scraped_json_api,,scraped_json_api,rating_score,0.05
412,scraped_json_api,,scraped_json_api,rating_score,0.05
625,scraped_json_api,,scraped_json_api,rating_score,0.05
634,scraped_json_api,,scraped_json_api,rating_score,0.05
637,scraped_json_api,,scraped_json_api,rating_score,0.05
662,scraped_json_api,,scraped_json_api,rating_score,0.05
668,scraped_json_api,,scraped_json_api,rating_score,0.05
881,scraped_json_api,,scraped_json_api,rating_score,0.05
890,scraped_json_api,,scraped_json_api,rating_score,0.05
893,scraped_json_api,,scraped_json_api,rating_score,0.05
918,scraped_json_api,,scraped_json_api,rating_score,0.05
924,scraped_json_api,,scraped_json_api,rating_score,0.05
1137,scraped_json_api,,scraped_json_api,rating_score,0.05
1146,scraped_json_api,,scraped_json_api,rating_score,0.05
1149,scraped_json_api,,scraped_json_api,rating_score,0.05
1174,scraped_json_api,,scraped_json_api,rating_score,0.05
1180,scraped_json_api,,scraped_json_api,rating_score,0.05
1393,scraped_json_api,,scraped_json_api,rating_score,0.05
1402,scraped_json_api,,scraped_json_api,rating_score,0.05
1405,scraped_json_api,,scraped_json_api,rating_score,0.05
1430,scraped_json_api,,scraped_json_api,rating_score,0.05
1436,scraped_json_api,,scraped_json_api,rating_score,0.05
356,scraped_json_api,,scraped_json_api,rating_score,0.04
370,scraped_json_api,,scraped_json_api,rating_score,0.04
612,scraped_json_api,,scraped_json_api,rating_score,0.04
626,scraped_json_api,,scraped_json_api,rating_score,0.04
868,scraped_json_api,,scraped_json_api,rating_score,0.04
882,scraped_json_api,,scraped_json_api,rating_score,0.04
1124,scraped_json_api,,scraped_json_api,rating_score,0.04
1138,scraped_json_api,,scraped_json_api,rating_score,0.04
1380,scraped_json_api,,scraped_json_api,rating_score,0.04
1394,scraped_json_api,,scraped_json_api,rating_score,0.04
390,scraped_json_api,,scraped_json_api,rating_score,0.03
405,scraped_json_api,,scraped_json_api,rating_score,0.03
423,scraped_json_api,,scraped_json_api,rating_score,0.03
646,scraped_json_api,,scraped_json_api,rating_score,0.03
661,scraped_json_api,,scraped_json_api,rating_score,0.03
679,scraped_json_api,,scraped_json_api,rating_score,0.03
902,scraped_json_api,,scraped_json_api,rating_score,0.03
917,scraped_json_api,,scraped_json_api,rating_score,0.03
935,scraped_json_api,,scraped_json_api,rating_score,0.03
1158,scraped_json_api,,scraped_json_api,rating_score,0.03
1173,scraped_json_api,,scraped_json_api,rating_score,0.03
1191,scraped_json_api,,scraped_json_api,rating_score,0.03
1414,scraped_json_api,,scraped_json_api,rating_score,0.03
1429,scraped_json_api,,scraped_json_api,rating_score,0.03
1447,scraped_json_api,,scraped_json_api,rating_score,0.03
48,pdf_two_column,,pdf_two_column,content_length,2124.0
80,pdf_two_column,,pdf_two_column,content_length,2124.0
112,pdf_two_column,,pdf_two_column,content_length,2124.0
152,pdf_two_column,,pdf_two_column,content_length,2124.0
193,pdf_two_column,,pdf_two_column,content_length,2124.0
449,pdf_two_column,,pdf_two_column,content_length,2124.0
705,pdf_two_column,,pdf_two_column,content_length,2124.0
961,pdf_two_column,,pdf_two_column,content_length,2124.0
1217,pdf_two_column,,pdf_two_column,content_length,2124.0
51,word_two_column,,word_two_column,content_length,1877.0
83,word_two_column,,word_two_column,content_length,1877.0
115,word_two_column,,word_two_column,content_length,1877.0
155,word_two_column,,word_two_column,content_length,1877.0
196,word_two_column,,word_two_column,content_length,1877.0
452,word_two_column,,word_two_column,content_length,1877.0
708,word_two_column,,word_two_column,content_length,1877.0
964,word_two_column,,word_two_column,content_length,1877.0
1220,word_two_column,,word_two_column,content_length,1877.0
50,word,,word,content_length,1080.0
82,word,,word,content_length,1080.0
114,word,,word,content_length,1080.0
154,word,,word,content_length,1080.0
195,word,,word,content_length,1080.0
451,word,,word,content_length,1080.0
707,word,,word,content_length,1080.0
963,word,,word,content_length,1080.0
1219,word,,word,content_length,1080.0
430,ocr_pdf,,ocr_pdf,content_length,1024.0
686,ocr_pdf,,ocr_pdf,content_length,1024.0
942,ocr_pdf,,ocr_pdf,content_length,1024.0
1198,ocr_pdf,,ocr_pdf,content_length,1024.0
1454,ocr_pdf,,ocr_pdf,content_length,1024.0
46,pdf,,pdf,content_length,1019.0
78,pdf,,pdf,content_length,1019.0
110,pdf,,pdf,content_length,1019.0
150,pdf,,pdf,content_length,1019.0
191,pdf,,pdf,content_length,1019.0
447,pdf,,pdf,content_length,1019.0
703,pdf,,pdf,content_length,1019.0
959,pdf,,pdf,content_length,1019.0
1215,pdf,,pdf,content_length,1019.0
431,ocr_pdf,,ocr_pdf,content_length,881.0
687,ocr_pdf,,ocr_pdf,content_length,881.0
943,ocr_pdf,,ocr_pdf,content_length,881.0
1199,ocr_pdf,,ocr_pdf,content_length,881.0
1455,ocr_pdf,,ocr_pdf,content_length,881.0
429,ocr_image,,ocr_image,content_length,843.0
685,ocr_image,,ocr_image,content_length,843.0
941,ocr_image,,ocr_image,content_length,843.0
1197,ocr_image,,ocr_image,content_length,843.0
1453,ocr_image,,ocr_image,content_length,843.0
49,pdf_two_column,,pdf_two_column,content_length,360.0
81,pdf_two_column,,pdf_two_column,content_length,360.0
113,pdf_two_column,,pdf_two_column,content_length,360.0
153,pdf_two_column,,pdf_two_column,content_length,360.0
194,pdf_two_column,,pdf_two_column,content_length,360.0
450,pdf_two_column,,pdf_two_column,content_length,360.0
706,pdf_two_column,,pdf_two_column,content_length,360.0
962,pdf_two_column,,pdf_two_column,content_length,360.0
1218,pdf_two_column,,pdf_two_column,content_length,360.0
135,encoding_test,,encoding_test,content_length,300.0
175,encoding_test,,encoding_test,content_length,300.0
216,encoding_test,,encoding_test,content_length,300.0
472,encoding_test,,encoding_test,content_length,300.0
728,encoding_test,,encoding_test,content_length,300.0
984,encoding_test,,encoding_test,content_length,300.0
1240,encoding_test,,encoding_test,content_length,300.0
47,pdf,,pdf,content_length,283.0
79,pdf,,pdf,content_length,283.0
111,pdf,,pdf,content_length,283.0
151,pdf,,pdf,content_length,283.0
192,pdf,,pdf,content_length,283.0
448,pdf,,pdf,content_length,283.0
704,pdf,,pdf,content_length,283.0
960,pdf,,pdf,content_length,283.0
1216,pdf,,pdf,content_length,283.0
118,word_run,,word_run,content_length,274.0
158,word_run,,word_run,content_length,274.0
199,word_run,,word_run,content_length,274.0
455,word_run,,word_run,content_length,274.0
711,word_run,,word_run,content_length,274.0
967,word_run,,word_run,content_length,274.0
1223,word_run,,word_run,content_length,274.0
3,news_api,,news_api,content_length,260.0
4,news_api,,news_api,content_length,260.0
5,news_api,,news_api,content_length,260.0
6,news_api,,news_api,content_length,260.0
7,news_api,,news_api,content_length,260.0
10,news_api,,news_api,content_length,260.0
11,news_api,,news_api,content_length,260.0
12,news_api,,news_api,content_length,260.0
15,news_api,,news_api,content_length,260.0
16,news_api,,news_api,content_length,260.0
17,news_api,,news_api,content_length,260.0
18,news_api,,news_api,content_length,260.0
136,json,,json,content_length,260.0
137,json,,json,content_length,260.0
140,json,,json,content_length,260.0
144,json,,json,content_length,260.0
145,json,,json,content_length,260.0
146,json,,json,content_length,260.0
148,json,,json,content_length,260.0
177,json,,json,content_length,260.0
178,json,,json,content_length,260.0
179,json,,json,content_length,260.0
180,json,,json,content_length,260.0
182,json,,json,content_length,260.0
190,json,,json,content_length,260.0
433,json,,json,content_length,260.0
434,json,,json,content_length,260.0
438,json,,json,content_length,260.0
439,json,,json,content_length,260.0
440,json,,json,content_length,260.0
442,json,,json,content_length,260.0
446,json,,json,content_length,260.0
688,json,,json,content_length,260.0
689,json,,json,content_length,260.0
691,json,,json,content_length,260.0
692,json,,json,content_length,260.0
694,json,,json,content_length,260.0
695,json,,json,content_length,260.0
696,json,,json,content_length,260.0
698,json,,json,content_length,260.0
699,json,,json,content_length,260.0
701,json,,json,content_length,260.0
702,json,,json,content_length,260.0
947,json,,json,content_length,260.0
948,json,,json,content_length,260.0
949,json,,json,content_length,260.0
950,json,,json,content_length,260.0
951,json,,json,content_length,260.0
953,json,,json,content_length,260.0
1202,json,,json,content_length,260.0
1203,json,,json,content_length,260.0
1205,json,,json,content_length,260.0
1208,json,,json,content_length,260.0
1209,json,,json,content_length,260.0
1210,json,,json,content_length,260.0
1211,json,,json,content_length,260.0
1213,json,,json,content_length,260.0
119,word_run,,word_run,content_length,258.0
159,word_run,,word_run,content_length,258.0
200,word_run,,word_run,content_length,258.0
456,word_run,,word_run,content_length,258.0
712,word_run,,word_run,content_length,258.0
968,word_run,,word_run,content_length,258.0
1224,word_run,,word_run,content_length,258.0
956,json,,json,content_length,246.0
700,json,,json,content_length,244.0
955,json,,json,content_length,240.0
954,json,,json,content_length,235.0
9,news_api,,news_api,content_length,228.0
176,json,,json,content_length,228.0
2,news_api,,news_api,content_length,226.0
147,json,,json,content_length,210.0
142,json,,json,content_length,205.0
183,json,,json,content_length,199.0
187,json,,json,content_length,198.0
120,word_run,,word_run,content_length,194.0
160,word_run,,word_run,content_length,194.0
201,word_run,,word_run,content_length,194.0
457,word_run,,word_run,content_length,194.0
713,word_run,,word_run,content_length,194.0
969,word_run,,word_run,content_length,194.0
1225,word_run,,word_run,content_length,194.0
184,json,,json,content_length,193.0
946,json,,json,content_length,188.0
185,json,,json,content_length,186.0
432,json,,json,content_length,184.0
697,json,,json,content_length,184.0
143,json,,json,content_length,183.0
1,news_api,,news_api,content_length,181.0
693,json,,json,content_length,172.0
1201,json,,json,content_length,172.0
1204,json,,json,content_length,172.0
188,json,,json,content_length,171.0
441,json,,json,content_length,171.0
444,json,,json,content_length,157.0
1214,json,,json,content_length,155.0
138,json,,json,content_length,153.0
1200,json,,json,content_length,152.0
149,json,,json,content_length,147.0
944,json,,json,content_length,143.0
435,json,,json,content_length,142.0
690,json,,json,content_length,141.0
141,json,,json,content_length,135.0
443,json,,json,content_length,135.0
123,word_run,,word_run,content_length,128.0
163,word_run,,word_run,content_length,128.0
204,word_run,,word_run,content_length,128.0
460,word_run,,word_run,content_length,128.0
716,word_run,,word_run,content_length,128.0
972,word_run,,word_run,content_length,128.0
1228,word_run,,word_run,content_length,128.0
1212,json,,json,content_length,127.0
8,news_api,,news_api,content_length,125.0
436,json,,json,content_length,124.0
1207,json,,json,content_length,120.0
952,json,,json,content_length,110.0
186,json,,json,content_length,108.0
14,news_api,,news_api,content_length,107.0
57,technology,2026,excel,content_length,21.0
945,json,,json,content_length,101.0
958,json,,json,content_length,96.0
181,json,,json,content_length,92.0
60,sports,2026,excel,content_length,18.0
1206,json,,json,content_length,89.0
957,json,,json,content_length,88.0
56,culture,2026,excel,content_length,19.0
53,business,2026,excel,content_length,16.0
58,politics,2026,excel,content_length,21.0
59,business,2026,excel,content_length,22.0
13,news_api,,news_api,content_length,76.0
445,json,,json,content_length,76.0
54,sports,2026,excel,content_length,17.0
139,json,,json,content_length,73.0
117,word_run,,word_run,content_length,70.0
157,word_run,,word_run,content_length,70.0
198,word_run,,word_run,content_length,70.0
454,word_run,,word_run,content_length,70.0
710,word_run,,word_run,content_length,70.0
966,word_run,,word_run,content_length,70.0
1222,word_run,,word_run,content_length,70.0
437,json,,json,content_length,67.0
52,politics,2026,excel,content_length,15.0
55,politics,2026,excel,content_length,20.0
116,word_run,,word_run,content_length,50.0
156,word_run,,word_run,content_length,50.0
197,word_run,,word_run,content_length,50.0
453,word_run,,word_run,content_length,50.0
709,word_run,,word_run,content_length,50.0
965,word_run,,word_run,content_length,50.0
1221,word_run,,word_run,content_length,50.0
61,business,2026,excel,content_length,18.0
122,word_run,,word_run,content_length,49.0
162,word_run,,word_run,content_length,49.0
203,word_run,,word_run,content_length,49.0
363,scraped_json_api,,scraped_json_api,content_length,49.0
459,word_run,,word_run,content_length,49.0
619,scraped_json_api,,scraped_json_api,content_length,49.0
715,word_run,,word_run,content_length,49.0
875,scraped_json_api,,scraped_json_api,content_length,49.0
971,word_run,,word_run,content_length,49.0
1131,scraped_json_api,,scraped_json_api,content_length,49.0
1227,word_run,,word_run,content_length,49.0
1387,scraped_json_api,,scraped_json_api,content_length,49.0
425,scraped_json_api,,scraped_json_api,content_length,47.0
681,scraped_json_api,,scraped_json_api,content_length,47.0
937,scraped_json_api,,scraped_json_api,content_length,47.0
1193,scraped_json_api,,scraped_json_api,content_length,47.0
1449,scraped_json_api,,scraped_json_api,content_length,47.0
121,word_run,,word_run,content_length,43.0
161,word_run,,word_run,content_length,43.0
202,word_run,,word_run,content_length,43.0
458,word_run,,word_run,content_length,43.0
714,word_run,,word_run,content_length,43.0
970,word_run,,word_run,content_length,43.0
1226,word_run,,word_run,content_length,43.0
393,scraped_json_api,,scraped_json_api,content_length,41.0
649,scraped_json_api,,scraped_json_api,content_length,41.0
905,scraped_json_api,,scraped_json_api,content_length,41.0
1161,scraped_json_api,,scraped_json_api,content_length,41.0
1417,scraped_json_api,,scraped_json_api,content_length,41.0
189,json,,json,content_length,36.0
409,scraped_json_api,,scraped_json_api,content_length,32.0
665,scraped_json_api,,scraped_json_api,content_length,32.0
921,scraped_json_api,,scraped_json_api,content_length,32.0
1177,scraped_json_api,,scraped_json_api,content_length,32.0
1433,scraped_json_api,,scraped_json_api,content_length,32.0
359,scraped_json_api,,scraped_json_api,content_length,31.0
615,scraped_json_api,,scraped_json_api,content_length,31.0
871,scraped_json_api,,scraped_json_api,content_length,31.0
1127,scraped_json_api,,scraped_json_api,content_length,31.0
1383,scraped_json_api,,scraped_json_api,content_length,31.0
398,scraped_json_api,,scraped_json_api,content_length,24.0
404,scraped_json_api,,scraped_json_api,content_length,24.0
654,scraped_json_api,,scraped_json_api,content_length,24.0
660,scraped_json_api,,scraped_json_api,content_length,24.0
910,scraped_json_api,,scraped_json_api,content_length,24.0
916,scraped_json_api,,scraped_json_api,content_length,24.0
1166,scraped_json_api,,scraped_json_api,content_length,24.0
1172,scraped_json_api,,scraped_json_api,content_length,24.0
1422,scraped_json_api,,scraped_json_api,content_length,24.0
1428,scraped_json_api,,scraped_json_api,content_length,24.0
376,scraped_json_api,,scraped_json_api,content_length,23.0
382,scraped_json_api,,scraped_json_api,content_length,23.0
632,scraped_json_api,,scraped_json_api,content_length,23.0
638,scraped_json_api,,scraped_json_api,content_length,23.0
888,scraped_json_api,,scraped_json_api,content_length,23.0
894,scraped_json_api,,scraped_json_api,content_length,23.0
1144,scraped_json_api,,scraped_json_api,content_length,23.0
1150,scraped_json_api,,scraped_json_api,content_length,23.0
1400,scraped_json_api,,scraped_json_api,content_length,23.0
1406,scraped_json_api,,scraped_json_api,content_length,23.0
396,scraped_json_api,,scraped_json_api,content_length,20.0
652,scraped_json_api,,scraped_json_api,content_length,20.0
908,scraped_json_api,,scraped_json_api,content_length,20.0
1164,scraped_json_api,,scraped_json_api,content_length,20.0
1420,scraped_json_api,,scraped_json_api,content_length,20.0
347,scraped_json_api,,scraped_json_api,content_length,19.0
414,scraped_json_api,,scraped_json_api,content_length,19.0
421,scraped_json_api,,scraped_json_api,content_length,19.0
603,scraped_json_api,,scraped_json_api,content_length,19.0
670,scraped_json_api,,scraped_json_api,content_length,19.0
677,scraped_json_api,,scraped_json_api,content_length,19.0
859,scraped_json_api,,scraped_json_api,content_length,19.0
926,scraped_json_api,,scraped_json_api,content_length,19.0
933,scraped_json_api,,scraped_json_api,content_length,19.0
1115,scraped_json_api,,scraped_json_api,content_length,19.0
1182,scraped_json_api,,scraped_json_api,content_length,19.0
1189,scraped_json_api,,scraped_json_api,content_length,19.0
1371,scraped_json_api,,scraped_json_api,content_length,19.0
1438,scraped_json_api,,scraped_json_api,content_length,19.0
1445,scraped_json_api,,scraped_json_api,content_length,19.0
344,scraped_json_api,,scraped_json_api,content_length,18.0
387,scraped_json_api,,scraped_json_api,content_length,18.0
400,scraped_json_api,,scraped_json_api,content_length,18.0
600,scraped_json_api,,scraped_json_api,content_length,18.0
643,scraped_json_api,,scraped_json_api,content_length,18.0
656,scraped_json_api,,scraped_json_api,content_length,18.0
856,scraped_json_api,,scraped_json_api,content_length,18.0
899,scraped_json_api,,scraped_json_api,content_length,18.0
912,scraped_json_api,,scraped_json_api,content_length,18.0
1112,scraped_json_api,,scraped_json_api,content_length,18.0
1155,scraped_json_api,,scraped_json_api,content_length,18.0
1168,scraped_json_api,,scraped_json_api,content_length,18.0
1368,scraped_json_api,,scraped_json_api,content_length,18.0
1411,scraped_json_api,,scraped_json_api,content_length,18.0
1424,scraped_json_api,,scraped_json_api,content_length,18.0
342,scraped_json_api,,scraped_json_api,content_length,17.0
349,scraped_json_api,,scraped_json_api,content_length,17.0
353,scraped_json_api,,scraped_json_api,content_length,17.0
360,scraped_json_api,,scraped_json_api,content_length,17.0
598,scraped_json_api,,scraped_json_api,content_length,17.0
605,scraped_json_api,,scraped_json_api,content_length,17.0
609,scraped_json_api,,scraped_json_api,content_length,17.0
616,scraped_json_api,,scraped_json_api,content_length,17.0
854,scraped_json_api,,scraped_json_api,content_length,17.0
861,scraped_json_api,,scraped_json_api,content_length,17.0
865,scraped_json_api,,scraped_json_api,content_length,17.0
872,scraped_json_api,,scraped_json_api,content_length,17.0
1110,scraped_json_api,,scraped_json_api,content_length,17.0
1117,scraped_json_api,,scraped_json_api,content_length,17.0
1121,scraped_json_api,,scraped_json_api,content_length,17.0
1128,scraped_json_api,,scraped_json_api,content_length,17.0
1366,scraped_json_api,,scraped_json_api,content_length,17.0
1373,scraped_json_api,,scraped_json_api,content_length,17.0
1377,scraped_json_api,,scraped_json_api,content_length,17.0
1384,scraped_json_api,,scraped_json_api,content_length,17.0
374,scraped_json_api,,scraped_json_api,content_length,16.0
377,scraped_json_api,,scraped_json_api,content_length,16.0
385,scraped_json_api,,scraped_json_api,content_length,16.0
389,scraped_json_api,,scraped_json_api,content_length,16.0
395,scraped_json_api,,scraped_json_api,content_length,16.0
630,scraped_json_api,,scraped_json_api,content_length,16.0
633,scraped_json_api,,scraped_json_api,content_length,16.0
641,scraped_json_api,,scraped_json_api,content_length,16.0
645,scraped_json_api,,scraped_json_api,content_length,16.0
651,scraped_json_api,,scraped_json_api,content_length,16.0
886,scraped_json_api,,scraped_json_api,content_length,16.0
889,scraped_json_api,,scraped_json_api,content_length,16.0
897,scraped_json_api,,scraped_json_api,content_length,16.0
901,scraped_json_api,,scraped_json_api,content_length,16.0
907,scraped_json_api,,scraped_json_api,content_length,16.0
1142,scraped_json_api,,scraped_json_api,content_length,16.0
1145,scraped_json_api,,scraped_json_api,content_length,16.0
1153,scraped_json_api,,scraped_json_api,content_length,16.0
1157,scraped_json_api,,scraped_json_api,content_length,16.0
1163,scraped_json_api,,scraped_json_api,content_length,16.0
1398,scraped_json_api,,scraped_json_api,content_length,16.0
1401,scraped_json_api,,scraped_json_api,content_length,16.0
1409,scraped_json_api,,scraped_json_api,content_length,16.0
1413,scraped_json_api,,scraped_json_api,content_length,16.0
1419,scraped_json_api,,scraped_json_api,content_length,16.0
62,excel_summary,,excel_summary,content_length,15.0
94,excel_summary,,excel_summary,content_length,15.0
134,excel_summary,,excel_summary,content_length,15.0
174,excel_summary,,excel_summary,content_length,15.0
215,excel_summary,,excel_summary,content_length,15.0
217,scraped_html,,scraped_html,content_length,15.0
218,scraped_html,,scraped_html,content_length,15.0
219,scraped_html,,scraped_html,content_length,15.0
220,scraped_html,,scraped_html,content_length,15.0
221,scraped_html,,scraped_html,content_length,15.0
222,scraped_html,,scraped_html,content_length,15.0
223,scraped_html,,scraped_html,content_length,15.0
224,scraped_html,,scraped_html,content_length,15.0
225,scraped_html,,scraped_html,content_length,15.0
226,scraped_html,,scraped_html,content_length,15.0
227,scraped_html,,scraped_html,content_length,15.0
228,scraped_html,,scraped_html,content_length,15.0
229,scraped_html,,scraped_html,content_length,15.0
230,scraped_html,,scraped_html,content_length,15.0
231,scraped_html,,scraped_html,content_length,15.0
232,scraped_html,,scraped_html,content_length,15.0
233,scraped_html,,scraped_html,content_length,15.0
234,scraped_html,,scraped_html,content_length,15.0
235,scraped_html,,scraped_html,content_length,15.0
236,scraped_html,,scraped_html,content_length,15.0
237,scraped_html,,scraped_html,content_length,15.0
238,scraped_html,,scraped_html,content_length,15.0
239,scraped_html,,scraped_html,content_length,15.0
240,scraped_html,,scraped_html,content_length,15.0
241,scraped_html,,scraped_html,content_length,15.0
242,scraped_html_paginated,,scraped_html_paginated,content_length,15.0
243,scraped_html_paginated,,scraped_html_paginated,content_length,15.0
244,scraped_html_paginated,,scraped_html_paginated,content_length,15.0
245,scraped_html_paginated,,scraped_html_paginated,content_length,15.0
246,scraped_html_paginated,,scraped_html_paginated,content_length,15.0
247,scraped_html_paginated,,scraped_html_paginated,content_length,15.0
248,scraped_html_paginated,,scraped_html_paginated,content_length,15.0
249,scraped_html_paginated,,scraped_html_paginated,content_length,15.0
250,scraped_html_paginated,,scraped_html_paginated,content_length,15.0
251,scraped_html_paginated,,scraped_html_paginated,content_length,15.0
252,scraped_html_paginated,,scraped_html_paginated,content_length,15.0
253,scraped_html_paginated,,scraped_html_paginated,content_length,15.0
254,scraped_html_paginated,,scraped_html_paginated,content_length,15.0
255,scraped_html_paginated,,scraped_html_paginated,content_length,15.0
256,scraped_html_paginated,,scraped_html_paginated,content_length,15.0
257,scraped_html_paginated,,scraped_html_paginated,content_length,15.0
258,scraped_html_paginated,,scraped_html_paginated,content_length,15.0
259,scraped_html_paginated,,scraped_html_paginated,content_length,15.0
260,scraped_html_paginated,,scraped_html_paginated,content_length,15.0
261,scraped_html_paginated,,scraped_html_paginated,content_length,15.0
262,scraped_html_paginated,,scraped_html_paginated,content_length,15.0
263,scraped_html_paginated,,scraped_html_paginated,content_length,15.0
264,scraped_html_paginated,,scraped_html_paginated,content_length,15.0
265,scraped_html_paginated,,scraped_html_paginated,content_length,15.0
266,scraped_html_paginated,,scraped_html_paginated,content_length,15.0
267,scraped_html_paginated,,scraped_html_paginated,content_length,15.0
268,scraped_html_paginated,,scraped_html_paginated,content_length,15.0
269,scraped_html_paginated,,scraped_html_paginated,content_length,15.0
270,scraped_html_paginated,,scraped_html_paginated,content_length,15.0
271,scraped_html_paginated,,scraped_html_paginated,content_length,15.0
272,scraped_html_paginated,,scraped_html_paginated,content_length,15.0
273,scraped_html_paginated,,scraped_html_paginated,content_length,15.0
274,scraped_html_paginated,,scraped_html_paginated,content_length,15.0
275,scraped_html_paginated,,scraped_html_paginated,content_length,15.0
276,scraped_html_paginated,,scraped_html_paginated,content_length,15.0
277,scraped_html_paginated,,scraped_html_paginated,content_length,15.0
278,scraped_html_paginated,,scraped_html_paginated,content_length,15.0
279,scraped_html_paginated,,scraped_html_paginated,content_length,15.0
280,scraped_html_paginated,,scraped_html_paginated,content_length,15.0
281,scraped_html_paginated,,scraped_html_paginated,content_length,15.0
282,scraped_html_paginated,,scraped_html_paginated,content_length,15.0
283,scraped_html_paginated,,scraped_html_paginated,content_length,15.0
284,scraped_html_paginated,,scraped_html_paginated,content_length,15.0
285,scraped_html_paginated,,scraped_html_paginated,content_length,15.0
286,scraped_html_paginated,,scraped_html_paginated,content_length,15.0
287,scraped_html_paginated,,scraped_html_paginated,content_length,15.0
288,scraped_html_paginated,,scraped_html_paginated,content_length,15.0
289,scraped_html_paginated,,scraped_html_paginated,content_length,15.0
290,scraped_html_paginated,,scraped_html_paginated,content_length,15.0
291,scraped_html_paginated,,scraped_html_paginated,content_length,15.0
292,scraped_html_paginated,,scraped_html_paginated,content_length,15.0
293,scraped_html_paginated,,scraped_html_paginated,content_length,15.0
294,scraped_html_paginated,,scraped_html_paginated,content_length,15.0
295,scraped_html_paginated,,scraped_html_paginated,content_length,15.0
296,scraped_html_paginated,,scraped_html_paginated,content_length,15.0
297,scraped_html_paginated,,scraped_html_paginated,content_length,15.0
298,scraped_html_paginated,,scraped_html_paginated,content_length,15.0
299,scraped_html_paginated,,scraped_html_paginated,content_length,15.0
300,scraped_html_paginated,,scraped_html_paginated,content_length,15.0
301,scraped_html_paginated,,scraped_html_paginated,content_length,15.0
302,scraped_html_paginated,,scraped_html_paginated,content_length,15.0
303,scraped_html_paginated,,scraped_html_paginated,content_length,15.0
304,scraped_html_paginated,,scraped_html_paginated,content_length,15.0
305,scraped_html_paginated,,scraped_html_paginated,content_length,15.0
306,scraped_html_paginated,,scraped_html_paginated,content_length,15.0
307,scraped_html_paginated,,scraped_html_paginated,content_length,15.0
308,scraped_html_paginated,,scraped_html_paginated,content_length,15.0
309,scraped_html_paginated,,scraped_html_paginated,content_length,15.0
310,scraped_html_paginated,,scraped_html_paginated,content_length,15.0
311,scraped_html_paginated,,scraped_html_paginated,content_length,15.0
312,scraped_html_paginated,,scraped_html_paginated,content_length,15.0
313,scraped_html_paginated,,scraped_html_paginated,content_length,15.0
314,scraped_html_paginated,,scraped_html_paginated,content_length,15.0
315,scraped_html_paginated,,scraped_html_paginated,content_length,15.0
316,scraped_html_paginated,,scraped_html_paginated,content_length,15.0
317,scraped_html_paginated,,scraped_html_paginated,content_length,15.0
318,scraped_html_paginated,,scraped_html_paginated,content_length,15.0
319,scraped_html_paginated,,scraped_html_paginated,content_length,15.0
320,scraped_html_paginated,,scraped_html_paginated,content_length,15.0
321,scraped_html_paginated,,scraped_html_paginated,content_length,15.0
322,scraped_html_paginated,,scraped_html_paginated,content_length,15.0
323,scraped_html_paginated,,scraped_html_paginated,content_length,15.0
324,scraped_html_paginated,,scraped_html_paginated,content_length,15.0
325,scraped_html_paginated,,scraped_html_paginated,content_length,15.0
326,scraped_html_paginated,,scraped_html_paginated,content_length,15.0
327,scraped_html_paginated,,scraped_html_paginated,content_length,15.0
328,scraped_html_paginated,,scraped_html_paginated,content_length,15.0
329,scraped_html_paginated,,scraped_html_paginated,content_length,15.0
330,scraped_html_paginated,,scraped_html_paginated,content_length,15.0
331,scraped_html_paginated,,scraped_html_paginated,content_length,15.0
332,scraped_html_paginated,,scraped_html_paginated,content_length,15.0
333,scraped_html_paginated,,scraped_html_paginated,content_length,15.0
334,scraped_html_paginated,,scraped_html_paginated,content_length,15.0
335,scraped_html_paginated,,scraped_html_paginated,content_length,15.0
336,scraped_html_paginated,,scraped_html_paginated,content_length,15.0
337,scraped_html_paginated,,scraped_html_paginated,content_length,15.0
338,scraped_html_paginated,,scraped_html_paginated,content_length,15.0
339,scraped_html_paginated,,scraped_html_paginated,content_length,15.0
340,scraped_html_paginated,,scraped_html_paginated,content_length,15.0
341,scraped_html_paginated,,scraped_html_paginated,content_length,15.0
358,scraped_json_api,,scraped_json_api,content_length,15.0
401,scraped_json_api,,scraped_json_api,content_length,15.0
415,scraped_json_api,,scraped_json_api,content_length,15.0
416,scraped_json_api,,scraped_json_api,content_length,15.0
417,scraped_json_api,,scraped_json_api,content_length,15.0
418,scraped_json_api,,scraped_json_api,content_length,15.0
471,excel_summary,,excel_summary,content_length,15.0
473,scraped_html,,scraped_html,content_length,15.0
474,scraped_html,,scraped_html,content_length,15.0
475,scraped_html,,scraped_html,content_length,15.0
476,scraped_html,,scraped_html,content_length,15.0
477,scraped_html,,scraped_html,content_length,15.0
478,scraped_html,,scraped_html,content_length,15.0
479,scraped_html,,scraped_html,content_length,15.0
480,scraped_html,,scraped_html,content_length,15.0
481,scraped_html,,scraped_html,content_length,15.0
482,scraped_html,,scraped_html,content_length,15.0
483,scraped_html,,scraped_html,content_length,15.0
484,scraped_html,,scraped_html,content_length,15.0
485,scraped_html,,scraped_html,content_length,15.0
486,scraped_html,,scraped_html,content_length,15.0
487,scraped_html,,scraped_html,content_length,15.0
488,scraped_html,,scraped_html,content_length,15.0
489,scraped_html,,scraped_html,content_length,15.0
490,scraped_html,,scraped_html,content_length,15.0
491,scraped_html,,scraped_html,content_length,15.0
492,scraped_html,,scraped_html,content_length,15.0
493,scraped_html,,scraped_html,content_length,15.0
494,scraped_html,,scraped_html,content_length,15.0
495,scraped_html,,scraped_html,content_length,15.0
496,scraped_html,,scraped_html,content_length,15.0
497,scraped_html,,scraped_html,content_length,15.0
498,scraped_html_paginated,,scraped_html_paginated,content_length,15.0
499,scraped_html_paginated,,scraped_html_paginated,content_length,15.0
500,scraped_html_paginated,,scraped_html_paginated,content_length,15.0
501,scraped_html_paginated,,scraped_html_paginated,content_length,15.0
502,scraped_html_paginated,,scraped_html_paginated,content_length,15.0
503,scraped_html_paginated,,scraped_html_paginated,content_length,15.0
504,scraped_html_paginated,,scraped_html_paginated,content_length,15.0
505,scraped_html_paginated,,scraped_html_paginated,content_length,15.0
506,scraped_html_paginated,,scraped_html_paginated,content_length,15.0
507,scraped_html_paginated,,scraped_html_paginated,content_length,15.0
508,scraped_html_paginated,,scraped_html_paginated,content_length,15.0
509,scraped_html_paginated,,scraped_html_paginated,content_length,15.0
510,scraped_html_paginated,,scraped_html_paginated,content_length,15.0
511,scraped_html_paginated,,scraped_html_paginated,content_length,15.0
512,scraped_html_paginated,,scraped_html_paginated,content_length,15.0
513,scraped_html_paginated,,scraped_html_paginated,content_length,15.0
514,scraped_html_paginated,,scraped_html_paginated,content_length,15.0
515,scraped_html_paginated,,scraped_html_paginated,content_length,15.0
516,scraped_html_paginated,,scraped_html_paginated,content_length,15.0
517,scraped_html_paginated,,scraped_html_paginated,content_length,15.0
518,scraped_html_paginated,,scraped_html_paginated,content_length,15.0
519,scraped_html_paginated,,scraped_html_paginated,content_length,15.0
520,scraped_html_paginated,,scraped_html_paginated,content_length,15.0
521,scraped_html_paginated,,scraped_html_paginated,content_length,15.0
522,scraped_html_paginated,,scraped_html_paginated,content_length,15.0
523,scraped_html_paginated,,scraped_html_paginated,content_length,15.0
524,scraped_html_paginated,,scraped_html_paginated,content_length,15.0
525,scraped_html_paginated,,scraped_html_paginated,content_length,15.0
526,scraped_html_paginated,,scraped_html_paginated,content_length,15.0
527,scraped_html_paginated,,scraped_html_paginated,content_length,15.0
528,scraped_html_paginated,,scraped_html_paginated,content_length,15.0
529,scraped_html_paginated,,scraped_html_paginated,content_length,15.0
530,scraped_html_paginated,,scraped_html_paginated,content_length,15.0
531,scraped_html_paginated,,scraped_html_paginated,content_length,15.0
532,scraped_html_paginated,,scraped_html_paginated,content_length,15.0
533,scraped_html_paginated,,scraped_html_paginated,content_length,15.0
534,scraped_html_paginated,,scraped_html_paginated,content_length,15.0
535,scraped_html_paginated,,scraped_html_paginated,content_length,15.0
536,scraped_html_paginated,,scraped_html_paginated,content_length,15.0
537,scraped_html_paginated,,scraped_html_paginated,content_length,15.0
538,scraped_html_paginated,,scraped_html_paginated,content_length,15.0
539,scraped_html_paginated,,scraped_html_paginated,content_length,15.0
540,scraped_html_paginated,,scraped_html_paginated,content_length,15.0
541,scraped_html_paginated,,scraped_html_paginated,content_length,15.0
542,scraped_html_paginated,,scraped_html_paginated,content_length,15.0
543,scraped_html_paginated,,scraped_html_paginated,content_length,15.0
544,scraped_html_paginated,,scraped_html_paginated,content_length,15.0
545,scraped_html_paginated,,scraped_html_paginated,content_length,15.0
546,scraped_html_paginated,,scraped_html_paginated,content_length,15.0
547,scraped_html_paginated,,scraped_html_paginated,content_length,15.0
548,scraped_html_paginated,,scraped_html_paginated,content_length,15.0
549,scraped_html_paginated,,scraped_html_paginated,content_length,15.0
550,scraped_html_paginated,,scraped_html_paginated,content_length,15.0
551,scraped_html_paginated,,scraped_html_paginated,content_length,15.0
552,scraped_html_paginated,,scraped_html_paginated,content_length,15.0
553,scraped_html_paginated,,scraped_html_paginated,content_length,15.0
554,scraped_html_paginated,,scraped_html_paginated,content_length,15.0
555,scraped_html_paginated,,scraped_html_paginated,content_length,15.0
556,scraped_html_paginated,,scraped_html_paginated,content_length,15.0
557,scraped_html_paginated,,scraped_html_paginated,content_length,15.0
558,scraped_html_paginated,,scraped_html_paginated,content_length,15.0
559,scraped_html_paginated,,scraped_html_paginated,content_length,15.0
560,scraped_html_paginated,,scraped_html_paginated,content_length,15.0
561,scraped_html_paginated,,scraped_html_paginated,content_length,15.0
562,scraped_html_paginated,,scraped_html_paginated,content_length,15.0
563,scraped_html_paginated,,scraped_html_paginated,content_length,15.0
564,scraped_html_paginated,,scraped_html_paginated,content_length,15.0
565,scraped_html_paginated,,scraped_html_paginated,content_length,15.0
566,scraped_html_paginated,,scraped_html_paginated,content_length,15.0
567,scraped_html_paginated,,scraped_html_paginated,content_length,15.0
568,scraped_html_paginated,,scraped_html_paginated,content_length,15.0
569,scraped_html_paginated,,scraped_html_paginated,content_length,15.0
570,scraped_html_paginated,,scraped_html_paginated,content_length,15.0
571,scraped_html_paginated,,scraped_html_paginated,content_length,15.0
572,scraped_html_paginated,,scraped_html_paginated,content_length,15.0
573,scraped_html_paginated,,scraped_html_paginated,content_length,15.0
574,scraped_html_paginated,,scraped_html_paginated,content_length,15.0
575,scraped_html_paginated,,scraped_html_paginated,content_length,15.0
576,scraped_html_paginated,,scraped_html_paginated,content_length,15.0
577,scraped_html_paginated,,scraped_html_paginated,content_length,15.0
578,scraped_html_paginated,,scraped_html_paginated,content_length,15.0
579,scraped_html_paginated,,scraped_html_paginated,content_length,15.0
580,scraped_html_paginated,,scraped_html_paginated,content_length,15.0
581,scraped_html_paginated,,scraped_html_paginated,content_length,15.0
582,scraped_html_paginated,,scraped_html_paginated,content_length,15.0
583,scraped_html_paginated,,scraped_html_paginated,content_length,15.0
584,scraped_html_paginated,,scraped_html_paginated,content_length,15.0
585,scraped_html_paginated,,scraped_html_paginated,content_length,15.0
586,scraped_html_paginated,,scraped_html_paginated,content_length,15.0
587,scraped_html_paginated,,scraped_html_paginated,content_length,15.0
588,scraped_html_paginated,,scraped_html_paginated,content_length,15.0
589,scraped_html_paginated,,scraped_html_paginated,content_length,15.0
590,scraped_html_paginated,,scraped_html_paginated,content_length,15.0
591,scraped_html_paginated,,scraped_html_paginated,content_length,15.0
592,scraped_html_paginated,,scraped_html_paginated,content_length,15.0
593,scraped_html_paginated,,scraped_html_paginated,content_length,15.0
594,scraped_html_paginated,,scraped_html_paginated,content_length,15.0
595,scraped_html_paginated,,scraped_html_paginated,content_length,15.0
596,scraped_html_paginated,,scraped_html_paginated,content_length,15.0
597,scraped_html_paginated,,scraped_html_paginated,content_length,15.0
614,scraped_json_api,,scraped_json_api,content_length,15.0
657,scraped_json_api,,scraped_json_api,content_length,15.0
671,scraped_json_api,,scraped_json_api,content_length,15.0
672,scraped_json_api,,scraped_json_api,content_length,15.0
673,scraped_json_api,,scraped_json_api,content_length,15.0
674,scraped_json_api,,scraped_json_api,content_length,15.0
727,excel_summary,,excel_summary,content_length,15.0
729,scraped_html,,scraped_html,content_length,15.0
730,scraped_html,,scraped_html,content_length,15.0
731,scraped_html,,scraped_html,content_length,15.0
732,scraped_html,,scraped_html,content_length,15.0
733,scraped_html,,scraped_html,content_length,15.0
734,scraped_html,,scraped_html,content_length,15.0
735,scraped_html,,scraped_html,content_length,15.0
736,scraped_html,,scraped_html,content_length,15.0
737,scraped_html,,scraped_html,content_length,15.0
738,scraped_html,,scraped_html,content_length,15.0
739,scraped_html,,scraped_html,content_length,15.0
740,scraped_html,,scraped_html,content_length,15.0
741,scraped_html,,scraped_html,content_length,15.0
742,scraped_html,,scraped_html,content_length,15.0
743,scraped_html,,scraped_html,content_length,15.0
744,scraped_html,,scraped_html,content_length,15.0
745,scraped_html,,scraped_html,content_length,15.0
746,scraped_html,,scraped_html,content_length,15.0
747,scraped_html,,scraped_html,content_length,15.0
748,scraped_html,,scraped_html,content_length,15.0
749,scraped_html,,scraped_html,content_length,15.0
750,scraped_html,,scraped_html,content_length,15.0
751,scraped_html,,scraped_html,content_length,15.0
752,scraped_html,,scraped_html,content_length,15.0
753,scraped_html,,scraped_html,content_length,15.0
754,scraped_html_paginated,,scraped_html_paginated,content_length,15.0
755,scraped_html_paginated,,scraped_html_paginated,content_length,15.0
756,scraped_html_paginated,,scraped_html_paginated,content_length,15.0
757,scraped_html_paginated,,scraped_html_paginated,content_length,15.0
758,scraped_html_paginated,,scraped_html_paginated,content_length,15.0
759,scraped_html_paginated,,scraped_html_paginated,content_length,15.0
760,scraped_html_paginated,,scraped_html_paginated,content_length,15.0
761,scraped_html_paginated,,scraped_html_paginated,content_length,15.0
762,scraped_html_paginated,,scraped_html_paginated,content_length,15.0
763,scraped_html_paginated,,scraped_html_paginated,content_length,15.0
764,scraped_html_paginated,,scraped_html_paginated,content_length,15.0
765,scraped_html_paginated,,scraped_html_paginated,content_length,15.0
766,scraped_html_paginated,,scraped_html_paginated,content_length,15.0
767,scraped_html_paginated,,scraped_html_paginated,content_length,15.0
768,scraped_html_paginated,,scraped_html_paginated,content_length,15.0
769,scraped_html_paginated,,scraped_html_paginated,content_length,15.0
770,scraped_html_paginated,,scraped_html_paginated,content_length,15.0
771,scraped_html_paginated,,scraped_html_paginated,content_length,15.0
772,scraped_html_paginated,,scraped_html_paginated,content_length,15.0
773,scraped_html_paginated,,scraped_html_paginated,content_length,15.0
774,scraped_html_paginated,,scraped_html_paginated,content_length,15.0
775,scraped_html_paginated,,scraped_html_paginated,content_length,15.0
776,scraped_html_paginated,,scraped_html_paginated,content_length,15.0
777,scraped_html_paginated,,scraped_html_paginated,content_length,15.0
778,scraped_html_paginated,,scraped_html_paginated,content_length,15.0
779,scraped_html_paginated,,scraped_html_paginated,content_length,15.0
780,scraped_html_paginated,,scraped_html_paginated,content_length,15.0
781,scraped_html_paginated,,scraped_html_paginated,content_length,15.0
782,scraped_html_paginated,,scraped_html_paginated,content_length,15.0
783,scraped_html_paginated,,scraped_html_paginated,content_length,15.0
784,scraped_html_paginated,,scraped_html_paginated,content_length,15.0
785,scraped_html_paginated,,scraped_html_paginated,content_length,15.0
786,scraped_html_paginated,,scraped_html_paginated,content_length,15.0
787,scraped_html_paginated,,scraped_html_paginated,content_length,15.0
788,scraped_html_paginated,,scraped_html_paginated,content_length,15.0
789,scraped_html_paginated,,scraped_html_paginated,content_length,15.0
790,scraped_html_paginated,,scraped_html_paginated,content_length,15.0
791,scraped_html_paginated,,scraped_html_paginated,content_length,15.0
792,scraped_html_paginated,,scraped_html_paginated,content_length,15.0
793,scraped_html_paginated,,scraped_html_paginated,content_length,15.0
794,scraped_html_paginated,,scraped_html_paginated,content_length,15.0
795,scraped_html_paginated,,scraped_html_paginated,content_length,15.0
796,scraped_html_paginated,,scraped_html_paginated,content_length,15.0
797,scraped_html_paginated,,scraped_html_paginated,content_length,15.0
798,scraped_html_paginated,,scraped_html_paginated,content_length,15.0
799,scraped_html_paginated,,scraped_html_paginated,content_length,15.0
800,scraped_html_paginated,,scraped_html_paginated,content_length,15.0
801,scraped_html_paginated,,scraped_html_paginated,content_length,15.0
802,scraped_html_paginated,,scraped_html_paginated,content_length,15.0
803,scraped_html_paginated,,scraped_html_paginated,content_length,15.0
804,scraped_html_paginated,,scraped_html_paginated,content_length,15.0
805,scraped_html_paginated,,scraped_html_paginated,content_length,15.0
806,scraped_html_paginated,,scraped_html_paginated,content_length,15.0
807,scraped_html_paginated,,scraped_html_paginated,content_length,15.0
808,scraped_html_paginated,,scraped_html_paginated,content_length,15.0
809,scraped_html_paginated,,scraped_html_paginated,content_length,15.0
810,scraped_html_paginated,,scraped_html_paginated,content_length,15.0
811,scraped_html_paginated,,scraped_html_paginated,content_length,15.0
812,scraped_html_paginated,,scraped_html_paginated,content_length,15.0
813,scraped_html_paginated,,scraped_html_paginated,content_length,15.0
814,scraped_html_paginated,,scraped_html_paginated,content_length,15.0
815,scraped_html_paginated,,scraped_html_paginated,content_length,15.0
816,scraped_html_paginated,,scraped_html_paginated,content_length,15.0
817,scraped_html_paginated,,scraped_html_paginated,content_length,15.0
818,scraped_html_paginated,,scraped_html_paginated,content_length,15.0
819,scraped_html_paginated,,scraped_html_paginated,content_length,15.0
820,scraped_html_paginated,,scraped_html_paginated,content_length,15.0
821,scraped_html_paginated,,scraped_html_paginated,content_length,15.0
822,scraped_html_paginated,,scraped_html_paginated,content_length,15.0
823,scraped_html_paginated,,scraped_html_paginated,content_length,15.0
824,scraped_html_paginated,,scraped_html_paginated,content_length,15.0
825,scraped_html_paginated,,scraped_html_paginated,content_length,15.0
826,scraped_html_paginated,,scraped_html_paginated,content_length,15.0
827,scraped_html_paginated,,scraped_html_paginated,content_length,15.0
828,scraped_html_paginated,,scraped_html_paginated,content_length,15.0
829,scraped_html_paginated,,scraped_html_paginated,content_length,15.0
830,scraped_html_paginated,,scraped_html_paginated,content_length,15.0
831,scraped_html_paginated,,scraped_html_paginated,content_length,15.0
832,scraped_html_paginated,,scraped_html_paginated,content_length,15.0
833,scraped_html_paginated,,scraped_html_paginated,content_length,15.0
834,scraped_html_paginated,,scraped_html_paginated,content_length,15.0
835,scraped_html_paginated,,scraped_html_paginated,content_length,15.0
836,scraped_html_paginated,,scraped_html_paginated,content_length,15.0
837,scraped_html_paginated,,scraped_html_paginated,content_length,15.0
838,scraped_html_paginated,,scraped_html_paginated,content_length,15.0
839,scraped_html_paginated,,scraped_html_paginated,content_length,15.0
840,scraped_html_paginated,,scraped_html_paginated,content_length,15.0
841,scraped_html_paginated,,scraped_html_paginated,content_length,15.0
842,scraped_html_paginated,,scraped_html_paginated,content_length,15.0
843,scraped_html_paginated,,scraped_html_paginated,content_length,15.0
844,scraped_html_paginated,,scraped_html_paginated,content_length,15.0
845,scraped_html_paginated,,scraped_html_paginated,content_length,15.0
846,scraped_html_paginated,,scraped_html_paginated,content_length,15.0
847,scraped_html_paginated,,scraped_html_paginated,content_length,15.0
848,scraped_html_paginated,,scraped_html_paginated,content_length,15.0
849,scraped_html_paginated,,scraped_html_paginated,content_length,15.0
850,scraped_html_paginated,,scraped_html_paginated,content_length,15.0
851,scraped_html_paginated,,scraped_html_paginated,content_length,15.0
852,scraped_html_paginated,,scraped_html_paginated,content_length,15.0
853,scraped_html_paginated,,scraped_html_paginated,content_length,15.0
870,scraped_json_api,,scraped_json_api,content_length,15.0
913,scraped_json_api,,scraped_json_api,content_length,15.0
927,scraped_json_api,,scraped_json_api,content_length,15.0
928,scraped_json_api,,scraped_json_api,content_length,15.0
929,scraped_json_api,,scraped_json_api,content_length,15.0
930,scraped_json_api,,scraped_json_api,content_length,15.0
983,excel_summary,,excel_summary,content_length,15.0
985,scraped_html,,scraped_html,content_length,15.0
986,scraped_html,,scraped_html,content_length,15.0
987,scraped_html,,scraped_html,content_length,15.0
988,scraped_html,,scraped_html,content_length,15.0
989,scraped_html,,scraped_html,content_length,15.0
990,scraped_html,,scraped_html,content_length,15.0
991,scraped_html,,scraped_html,content_length,15.0
992,scraped_html,,scraped_html,content_length,15.0
993,scraped_html,,scraped_html,content_length,15.0
994,scraped_html,,scraped_html,content_length,15.0
995,scraped_html,,scraped_html,content_length,15.0
996,scraped_html,,scraped_html,content_length,15.0
997,scraped_html,,scraped_html,content_length,15.0
998,scraped_html,,scraped_html,content_length,15.0
999,scraped_html,,scraped_html,content_length,15.0
1000,scraped_html,,scraped_html,content_length,15.0
1001,scraped_html,,scraped_html,content_length,15.0
1002,scraped_html,,scraped_html,content_length,15.0
1003,scraped_html,,scraped_html,content_length,15.0
1004,scraped_html,,scraped_html,content_length,15.0
1005,scraped_html,,scraped_html,content_length,15.0
1006,scraped_html,,scraped_html,content_length,15.0
1007,scraped_html,,scraped_html,content_length,15.0
1008,scraped_html,,scraped_html,content_length,15.0
1009,scraped_html,,scraped_html,content_length,15.0
1010,scraped_html_paginated,,scraped_html_paginated,content_length,15.0
1011,scraped_html_paginated,,scraped_html_paginated,content_length,15.0
1012,scraped_html_paginated,,scraped_html_paginated,content_length,15.0
1013,scraped_html_paginated,,scraped_html_paginated,content_length,15.0
1014,scraped_html_paginated,,scraped_html_paginated,content_length,15.0
1015,scraped_html_paginated,,scraped_html_paginated,content_length,15.0
1016,scraped_html_paginated,,scraped_html_paginated,content_length,15.0
1017,scraped_html_paginated,,scraped_html_paginated,content_length,15.0
1018,scraped_html_paginated,,scraped_html_paginated,content_length,15.0
1019,scraped_html_paginated,,scraped_html_paginated,content_length,15.0
1020,scraped_html_paginated,,scraped_html_paginated,content_length,15.0
1021,scraped_html_paginated,,scraped_html_paginated,content_length,15.0
1022,scraped_html_paginated,,scraped_html_paginated,content_length,15.0
1023,scraped_html_paginated,,scraped_html_paginated,content_length,15.0
1024,scraped_html_paginated,,scraped_html_paginated,content_length,15.0
1025,scraped_html_paginated,,scraped_html_paginated,content_length,15.0
1026,scraped_html_paginated,,scraped_html_paginated,content_length,15.0
1027,scraped_html_paginated,,scraped_html_paginated,content_length,15.0
1028,scraped_html_paginated,,scraped_html_paginated,content_length,15.0
1029,scraped_html_paginated,,scraped_html_paginated,content_length,15.0
1030,scraped_html_paginated,,scraped_html_paginated,content_length,15.0
1031,scraped_html_paginated,,scraped_html_paginated,content_length,15.0
1032,scraped_html_paginated,,scraped_html_paginated,content_length,15.0
1033,scraped_html_paginated,,scraped_html_paginated,content_length,15.0
1034,scraped_html_paginated,,scraped_html_paginated,content_length,15.0
1035,scraped_html_paginated,,scraped_html_paginated,content_length,15.0
1036,scraped_html_paginated,,scraped_html_paginated,content_length,15.0
1037,scraped_html_paginated,,scraped_html_paginated,content_length,15.0
1038,scraped_html_paginated,,scraped_html_paginated,content_length,15.0
1039,scraped_html_paginated,,scraped_html_paginated,content_length,15.0
1040,scraped_html_paginated,,scraped_html_paginated,content_length,15.0
1041,scraped_html_paginated,,scraped_html_paginated,content_length,15.0
1042,scraped_html_paginated,,scraped_html_paginated,content_length,15.0
1043,scraped_html_paginated,,scraped_html_paginated,content_length,15.0
1044,scraped_html_paginated,,scraped_html_paginated,content_length,15.0
1045,scraped_html_paginated,,scraped_html_paginated,content_length,15.0
1046,scraped_html_paginated,,scraped_html_paginated,content_length,15.0
1047,scraped_html_paginated,,scraped_html_paginated,content_length,15.0
1048,scraped_html_paginated,,scraped_html_paginated,content_length,15.0
1049,scraped_html_paginated,,scraped_html_paginated,content_length,15.0
1050,scraped_html_paginated,,scraped_html_paginated,content_length,15.0
1051,scraped_html_paginated,,scraped_html_paginated,content_length,15.0
1052,scraped_html_paginated,,scraped_html_paginated,content_length,15.0
1053,scraped_html_paginated,,scraped_html_paginated,content_length,15.0
1054,scraped_html_paginated,,scraped_html_paginated,content_length,15.0
1055,scraped_html_paginated,,scraped_html_paginated,content_length,15.0
1056,scraped_html_paginated,,scraped_html_paginated,content_length,15.0
1057,scraped_html_paginated,,scraped_html_paginated,content_length,15.0
1058,scraped_html_paginated,,scraped_html_paginated,content_length,15.0
1059,scraped_html_paginated,,scraped_html_paginated,content_length,15.0
1060,scraped_html_paginated,,scraped_html_paginated,content_length,15.0
1061,scraped_html_paginated,,scraped_html_paginated,content_length,15.0
1062,scraped_html_paginated,,scraped_html_paginated,content_length,15.0
1063,scraped_html_paginated,,scraped_html_paginated,content_length,15.0
1064,scraped_html_paginated,,scraped_html_paginated,content_length,15.0
1065,scraped_html_paginated,,scraped_html_paginated,content_length,15.0
1066,scraped_html_paginated,,scraped_html_paginated,content_length,15.0
1067,scraped_html_paginated,,scraped_html_paginated,content_length,15.0
1068,scraped_html_paginated,,scraped_html_paginated,content_length,15.0
1069,scraped_html_paginated,,scraped_html_paginated,content_length,15.0
1070,scraped_html_paginated,,scraped_html_paginated,content_length,15.0
1071,scraped_html_paginated,,scraped_html_paginated,content_length,15.0
1072,scraped_html_paginated,,scraped_html_paginated,content_length,15.0
1073,scraped_html_paginated,,scraped_html_paginated,content_length,15.0
1074,scraped_html_paginated,,scraped_html_paginated,content_length,15.0
1075,scraped_html_paginated,,scraped_html_paginated,content_length,15.0
1076,scraped_html_paginated,,scraped_html_paginated,content_length,15.0
1077,scraped_html_paginated,,scraped_html_paginated,content_length,15.0
1078,scraped_html_paginated,,scraped_html_paginated,content_length,15.0
1079,scraped_html_paginated,,scraped_html_paginated,content_length,15.0
1080,scraped_html_paginated,,scraped_html_paginated,content_length,15.0
1081,scraped_html_paginated,,scraped_html_paginated,content_length,15.0
1082,scraped_html_paginated,,scraped_html_paginated,content_length,15.0
1083,scraped_html_paginated,,scraped_html_paginated,content_length,15.0
1084,scraped_html_paginated,,scraped_html_paginated,content_length,15.0
1085,scraped_html_paginated,,scraped_html_paginated,content_length,15.0
1086,scraped_html_paginated,,scraped_html_paginated,content_length,15.0
1087,scraped_html_paginated,,scraped_html_paginated,content_length,15.0
1088,scraped_html_paginated,,scraped_html_paginated,content_length,15.0
1089,scraped_html_paginated,,scraped_html_paginated,content_length,15.0
1090,scraped_html_paginated,,scraped_html_paginated,content_length,15.0
1091,scraped_html_paginated,,scraped_html_paginated,content_length,15.0
1092,scraped_html_paginated,,scraped_html_paginated,content_length,15.0
1093,scraped_html_paginated,,scraped_html_paginated,content_length,15.0
1094,scraped_html_paginated,,scraped_html_paginated,content_length,15.0
1095,scraped_html_paginated,,scraped_html_paginated,content_length,15.0
1096,scraped_html_paginated,,scraped_html_paginated,content_length,15.0
1097,scraped_html_paginated,,scraped_html_paginated,content_length,15.0
1098,scraped_html_paginated,,scraped_html_paginated,content_length,15.0
1099,scraped_html_paginated,,scraped_html_paginated,content_length,15.0
1100,scraped_html_paginated,,scraped_html_paginated,content_length,15.0
1101,scraped_html_paginated,,scraped_html_paginated,content_length,15.0
1102,scraped_html_paginated,,scraped_html_paginated,content_length,15.0
1103,scraped_html_paginated,,scraped_html_paginated,content_length,15.0
1104,scraped_html_paginated,,scraped_html_paginated,content_length,15.0
1105,scraped_html_paginated,,scraped_html_paginated,content_length,15.0
1106,scraped_html_paginated,,scraped_html_paginated,content_length,15.0
1107,scraped_html_paginated,,scraped_html_paginated,content_length,15.0
1108,scraped_html_paginated,,scraped_html_paginated,content_length,15.0
1109,scraped_html_paginated,,scraped_html_paginated,content_length,15.0
1126,scraped_json_api,,scraped_json_api,content_length,15.0
1169,scraped_json_api,,scraped_json_api,content_length,15.0
1183,scraped_json_api,,scraped_json_api,content_length,15.0
1184,scraped_json_api,,scraped_json_api,content_length,15.0
1185,scraped_json_api,,scraped_json_api,content_length,15.0
1186,scraped_json_api,,scraped_json_api,content_length,15.0
1239,excel_summary,,excel_summary,content_length,15.0
1241,scraped_html,,scraped_html,content_length,15.0
1242,scraped_html,,scraped_html,content_length,15.0
1243,scraped_html,,scraped_html,content_length,15.0
1244,scraped_html,,scraped_html,content_length,15.0
1245,scraped_html,,scraped_html,content_length,15.0
1246,scraped_html,,scraped_html,content_length,15.0
1247,scraped_html,,scraped_html,content_length,15.0
1248,scraped_html,,scraped_html,content_length,15.0
1249,scraped_html,,scraped_html,content_length,15.0
1250,scraped_html,,scraped_html,content_length,15.0
1251,scraped_html,,scraped_html,content_length,15.0
1252,scraped_html,,scraped_html,content_length,15.0
1253,scraped_html,,scraped_html,content_length,15.0
1254,scraped_html,,scraped_html,content_length,15.0
1255,scraped_html,,scraped_html,content_length,15.0
1256,scraped_html,,scraped_html,content_length,15.0
1257,scraped_html,,scraped_html,content_length,15.0
1258,scraped_html,,scraped_html,content_length,15.0
1259,scraped_html,,scraped_html,content_length,15.0
1260,scraped_html,,scraped_html,content_length,15.0
1261,scraped_html,,scraped_html,content_length,15.0
1262,scraped_html,,scraped_html,content_length,15.0
1263,scraped_html,,scraped_html,content_length,15.0
1264,scraped_html,,scraped_html,content_length,15.0
1265,scraped_html,,scraped_html,content_length,15.0
1266,scraped_html_paginated,,scraped_html_paginated,content_length,15.0
1267,scraped_html_paginated,,scraped_html_paginated,content_length,15.0
1268,scraped_html_paginated,,scraped_html_paginated,content_length,15.0
1269,scraped_html_paginated,,scraped_html_paginated,content_length,15.0
1270,scraped_html_paginated,,scraped_html_paginated,content_length,15.0
1271,scraped_html_paginated,,scraped_html_paginated,content_length,15.0
1272,scraped_html_paginated,,scraped_html_paginated,content_length,15.0
1273,scraped_html_paginated,,scraped_html_paginated,content_length,15.0
1274,scraped_html_paginated,,scraped_html_paginated,content_length,15.0
1275,scraped_html_paginated,,scraped_html_paginated,content_length,15.0
1276,scraped_html_paginated,,scraped_html_paginated,content_length,15.0
1277,scraped_html_paginated,,scraped_html_paginated,content_length,15.0
1278,scraped_html_paginated,,scraped_html_paginated,content_length,15.0
1279,scraped_html_paginated,,scraped_html_paginated,content_length,15.0
1280,scraped_html_paginated,,scraped_html_paginated,content_length,15.0
1281,scraped_html_paginated,,scraped_html_paginated,content_length,15.0
1282,scraped_html_paginated,,scraped_html_paginated,content_length,15.0
1283,scraped_html_paginated,,scraped_html_paginated,content_length,15.0
1284,scraped_html_paginated,,scraped_html_paginated,content_length,15.0
1285,scraped_html_paginated,,scraped_html_paginated,content_length,15.0
1286,scraped_html_paginated,,scraped_html_paginated,content_length,15.0
1287,scraped_html_paginated,,scraped_html_paginated,content_length,15.0
1288,scraped_html_paginated,,scraped_html_paginated,content_length,15.0
1289,scraped_html_paginated,,scraped_html_paginated,content_length,15.0
1290,scraped_html_paginated,,scraped_html_paginated,content_length,15.0
1291,scraped_html_paginated,,scraped_html_paginated,content_length,15.0
1292,scraped_html_paginated,,scraped_html_paginated,content_length,15.0
1293,scraped_html_paginated,,scraped_html_paginated,content_length,15.0
1294,scraped_html_paginated,,scraped_html_paginated,content_length,15.0
1295,scraped_html_paginated,,scraped_html_paginated,content_length,15.0
1296,scraped_html_paginated,,scraped_html_paginated,content_length,15.0
1297,scraped_html_paginated,,scraped_html_paginated,content_length,15.0
1298,scraped_html_paginated,,scraped_html_paginated,content_length,15.0
1299,scraped_html_paginated,,scraped_html_paginated,content_length,15.0
1300,scraped_html_paginated,,scraped_html_paginated,content_length,15.0
1301,scraped_html_paginated,,scraped_html_paginated,content_length,15.0
1302,scraped_html_paginated,,scraped_html_paginated,content_length,15.0
1303,scraped_html_paginated,,scraped_html_paginated,content_length,15.0
1304,scraped_html_paginated,,scraped_html_paginated,content_length,15.0
1305,scraped_html_paginated,,scraped_html_paginated,content_length,15.0
1306,scraped_html_paginated,,scraped_html_paginated,content_length,15.0
1307,scraped_html_paginated,,scraped_html_paginated,content_length,15.0
1308,scraped_html_paginated,,scraped_html_paginated,content_length,15.0
1309,scraped_html_paginated,,scraped_html_paginated,content_length,15.0
1310,scraped_html_paginated,,scraped_html_paginated,content_length,15.0
1311,scraped_html_paginated,,scraped_html_paginated,content_length,15.0
1312,scraped_html_paginated,,scraped_html_paginated,content_length,15.0
1313,scraped_html_paginated,,scraped_html_paginated,content_length,15.0
1314,scraped_html_paginated,,scraped_html_paginated,content_length,15.0
1315,scraped_html_paginated,,scraped_html_paginated,content_length,15.0
1316,scraped_html_paginated,,scraped_html_paginated,content_length,15.0
1317,scraped_html_paginated,,scraped_html_paginated,content_length,15.0
1318,scraped_html_paginated,,scraped_html_paginated,content_length,15.0
1319,scraped_html_paginated,,scraped_html_paginated,content_length,15.0
1320,scraped_html_paginated,,scraped_html_paginated,content_length,15.0
1321,scraped_html_paginated,,scraped_html_paginated,content_length,15.0
1322,scraped_html_paginated,,scraped_html_paginated,content_length,15.0
1323,scraped_html_paginated,,scraped_html_paginated,content_length,15.0
1324,scraped_html_paginated,,scraped_html_paginated,content_length,15.0
1325,scraped_html_paginated,,scraped_html_paginated,content_length,15.0
1326,scraped_html_paginated,,scraped_html_paginated,content_length,15.0
1327,scraped_html_paginated,,scraped_html_paginated,content_length,15.0
1328,scraped_html_paginated,,scraped_html_paginated,content_length,15.0
1329,scraped_html_paginated,,scraped_html_paginated,content_length,15.0
1330,scraped_html_paginated,,scraped_html_paginated,content_length,15.0
1331,scraped_html_paginated,,scraped_html_paginated,content_length,15.0
1332,scraped_html_paginated,,scraped_html_paginated,content_length,15.0
1333,scraped_html_paginated,,scraped_html_paginated,content_length,15.0
1334,scraped_html_paginated,,scraped_html_paginated,content_length,15.0
1335,scraped_html_paginated,,scraped_html_paginated,content_length,15.0
1336,scraped_html_paginated,,scraped_html_paginated,content_length,15.0
1337,scraped_html_paginated,,scraped_html_paginated,content_length,15.0
1338,scraped_html_paginated,,scraped_html_paginated,content_length,15.0
1339,scraped_html_paginated,,scraped_html_paginated,content_length,15.0
1340,scraped_html_paginated,,scraped_html_paginated,content_length,15.0
1341,scraped_html_paginated,,scraped_html_paginated,content_length,15.0
1342,scraped_html_paginated,,scraped_html_paginated,content_length,15.0
1343,scraped_html_paginated,,scraped_html_paginated,content_length,15.0
1344,scraped_html_paginated,,scraped_html_paginated,content_length,15.0
1345,scraped_html_paginated,,scraped_html_paginated,content_length,15.0
1346,scraped_html_paginated,,scraped_html_paginated,content_length,15.0
1347,scraped_html_paginated,,scraped_html_paginated,content_length,15.0
1348,scraped_html_paginated,,scraped_html_paginated,content_length,15.0
1349,scraped_html_paginated,,scraped_html_paginated,content_length,15.0
1350,scraped_html_paginated,,scraped_html_paginated,content_length,15.0
1351,scraped_html_paginated,,scraped_html_paginated,content_length,15.0
1352,scraped_html_paginated,,scraped_html_paginated,content_length,15.0
1353,scraped_html_paginated,,scraped_html_paginated,content_length,15.0
1354,scraped_html_paginated,,scraped_html_paginated,content_length,15.0
1355,scraped_html_paginated,,scraped_html_paginated,content_length,15.0
1356,scraped_html_paginated,,scraped_html_paginated,content_length,15.0
1357,scraped_html_paginated,,scraped_html_paginated,content_length,15.0
1358,scraped_html_paginated,,scraped_html_paginated,content_length,15.0
1359,scraped_html_paginated,,scraped_html_paginated,content_length,15.0
1360,scraped_html_paginated,,scraped_html_paginated,content_length,15.0
1361,scraped_html_paginated,,scraped_html_paginated,content_length,15.0
1362,scraped_html_paginated,,scraped_html_paginated,content_length,15.0
1363,scraped_html_paginated,,scraped_html_paginated,content_length,15.0
1364,scraped_html_paginated,,scraped_html_paginated,content_length,15.0
1365,scraped_html_paginated,,scraped_html_paginated,content_length,15.0
1382,scraped_json_api,,scraped_json_api,content_length,15.0
1425,scraped_json_api,,scraped_json_api,content_length,15.0
1439,scraped_json_api,,scraped_json_api,content_length,15.0
1440,scraped_json_api,,scraped_json_api,content_length,15.0
1441,scraped_json_api,,scraped_json_api,content_length,15.0
1442,scraped_json_api,,scraped_json_api,content_length,15.0
350,scraped_json_api,,scraped_json_api,content_length,14.0
372,scraped_json_api,,scraped_json_api,content_length,14.0
410,scraped_json_api,,scraped_json_api,content_length,14.0
606,scraped_json_api,,scraped_json_api,content_length,14.0
628,scraped_json_api,,scraped_json_api,content_length,14.0
666,scraped_json_api,,scraped_json_api,content_length,14.0
862,scraped_json_api,,scraped_json_api,content_length,14.0
884,scraped_json_api,,scraped_json_api,content_length,14.0
922,scraped_json_api,,scraped_json_api,content_length,14.0
1118,scraped_json_api,,scraped_json_api,content_length,14.0
1140,scraped_json_api,,scraped_json_api,content_length,14.0
1178,scraped_json_api,,scraped_json_api,content_length,14.0
1374,scraped_json_api,,scraped_json_api,content_length,14.0
1396,scraped_json_api,,scraped_json_api,content_length,14.0
1434,scraped_json_api,,scraped_json_api,content_length,14.0
357,scraped_json_api,,scraped_json_api,content_length,13.0
379,scraped_json_api,,scraped_json_api,content_length,13.0
613,scraped_json_api,,scraped_json_api,content_length,13.0
635,scraped_json_api,,scraped_json_api,content_length,13.0
869,scraped_json_api,,scraped_json_api,content_length,13.0
891,scraped_json_api,,scraped_json_api,content_length,13.0
1125,scraped_json_api,,scraped_json_api,content_length,13.0
1147,scraped_json_api,,scraped_json_api,content_length,13.0
1381,scraped_json_api,,scraped_json_api,content_length,13.0
1403,scraped_json_api,,scraped_json_api,content_length,13.0
362,scraped_json_api,,scraped_json_api,content_length,12.0
391,scraped_json_api,,scraped_json_api,content_length,12.0
403,scraped_json_api,,scraped_json_api,content_length,12.0
618,scraped_json_api,,scraped_json_api,content_length,12.0
647,scraped_json_api,,scraped_json_api,content_length,12.0
659,scraped_json_api,,scraped_json_api,content_length,12.0
874,scraped_json_api,,scraped_json_api,content_length,12.0
903,scraped_json_api,,scraped_json_api,content_length,12.0
915,scraped_json_api,,scraped_json_api,content_length,12.0
1130,scraped_json_api,,scraped_json_api,content_length,12.0
1159,scraped_json_api,,scraped_json_api,content_length,12.0
1171,scraped_json_api,,scraped_json_api,content_length,12.0
1386,scraped_json_api,,scraped_json_api,content_length,12.0
1415,scraped_json_api,,scraped_json_api,content_length,12.0
1427,scraped_json_api,,scraped_json_api,content_length,12.0
345,scraped_json_api,,scraped_json_api,content_length,11.0
346,scraped_json_api,,scraped_json_api,content_length,11.0
351,scraped_json_api,,scraped_json_api,content_length,11.0
352,scraped_json_api,,scraped_json_api,content_length,11.0
366,scraped_json_api,,scraped_json_api,content_length,11.0
367,scraped_json_api,,scraped_json_api,content_length,11.0
407,scraped_json_api,,scraped_json_api,content_length,11.0
411,scraped_json_api,,scraped_json_api,content_length,11.0
413,scraped_json_api,,scraped_json_api,content_length,11.0
420,scraped_json_api,,scraped_json_api,content_length,11.0
422,scraped_json_api,,scraped_json_api,content_length,11.0
424,scraped_json_api,,scraped_json_api,content_length,11.0
426,scraped_json_api,,scraped_json_api,content_length,11.0
428,scraped_json_api,,scraped_json_api,content_length,11.0
601,scraped_json_api,,scraped_json_api,content_length,11.0
602,scraped_json_api,,scraped_json_api,content_length,11.0
607,scraped_json_api,,scraped_json_api,content_length,11.0
608,scraped_json_api,,scraped_json_api,content_length,11.0
622,scraped_json_api,,scraped_json_api,content_length,11.0
623,scraped_json_api,,scraped_json_api,content_length,11.0
663,scraped_json_api,,scraped_json_api,content_length,11.0
667,scraped_json_api,,scraped_json_api,content_length,11.0
669,scraped_json_api,,scraped_json_api,content_length,11.0
676,scraped_json_api,,scraped_json_api,content_length,11.0
678,scraped_json_api,,scraped_json_api,content_length,11.0
680,scraped_json_api,,scraped_json_api,content_length,11.0
682,scraped_json_api,,scraped_json_api,content_length,11.0
684,scraped_json_api,,scraped_json_api,content_length,11.0
857,scraped_json_api,,scraped_json_api,content_length,11.0
858,scraped_json_api,,scraped_json_api,content_length,11.0
863,scraped_json_api,,scraped_json_api,content_length,11.0
864,scraped_json_api,,scraped_json_api,content_length,11.0
878,scraped_json_api,,scraped_json_api,content_length,11.0
879,scraped_json_api,,scraped_json_api,content_length,11.0
919,scraped_json_api,,scraped_json_api,content_length,11.0
923,scraped_json_api,,scraped_json_api,content_length,11.0
925,scraped_json_api,,scraped_json_api,content_length,11.0
932,scraped_json_api,,scraped_json_api,content_length,11.0
934,scraped_json_api,,scraped_json_api,content_length,11.0
936,scraped_json_api,,scraped_json_api,content_length,11.0
938,scraped_json_api,,scraped_json_api,content_length,11.0
940,scraped_json_api,,scraped_json_api,content_length,11.0
1113,scraped_json_api,,scraped_json_api,content_length,11.0
1114,scraped_json_api,,scraped_json_api,content_length,11.0
1119,scraped_json_api,,scraped_json_api,content_length,11.0
1120,scraped_json_api,,scraped_json_api,content_length,11.0
1134,scraped_json_api,,scraped_json_api,content_length,11.0
1135,scraped_json_api,,scraped_json_api,content_length,11.0
1175,scraped_json_api,,scraped_json_api,content_length,11.0
1179,scraped_json_api,,scraped_json_api,content_length,11.0
1181,scraped_json_api,,scraped_json_api,content_length,11.0
1188,scraped_json_api,,scraped_json_api,content_length,11.0
1190,scraped_json_api,,scraped_json_api,content_length,11.0
1192,scraped_json_api,,scraped_json_api,content_length,11.0
1194,scraped_json_api,,scraped_json_api,content_length,11.0
1196,scraped_json_api,,scraped_json_api,content_length,11.0
1369,scraped_json_api,,scraped_json_api,content_length,11.0
1370,scraped_json_api,,scraped_json_api,content_length,11.0
1375,scraped_json_api,,scraped_json_api,content_length,11.0
1376,scraped_json_api,,scraped_json_api,content_length,11.0
1390,scraped_json_api,,scraped_json_api,content_length,11.0
1391,scraped_json_api,,scraped_json_api,content_length,11.0
1431,scraped_json_api,,scraped_json_api,content_length,11.0
1435,scraped_json_api,,scraped_json_api,content_length,11.0
1437,scraped_json_api,,scraped_json_api,content_length,11.0
1444,scraped_json_api,,scraped_json_api,content_length,11.0
1446,scraped_json_api,,scraped_json_api,content_length,11.0
1448,scraped_json_api,,scraped_json_api,content_length,11.0
1450,scraped_json_api,,scraped_json_api,content_length,11.0
1452,scraped_json_api,,scraped_json_api,content_length,11.0
348,scraped_json_api,,scraped_json_api,content_length,10.0
354,scraped_json_api,,scraped_json_api,content_length,10.0
355,scraped_json_api,,scraped_json_api,content_length,10.0
365,scraped_json_api,,scraped_json_api,content_length,10.0
371,scraped_json_api,,scraped_json_api,content_length,10.0
408,scraped_json_api,,scraped_json_api,content_length,10.0
604,scraped_json_api,,scraped_json_api,content_length,10.0
610,scraped_json_api,,scraped_json_api,content_length,10.0
611,scraped_json_api,,scraped_json_api,content_length,10.0
621,scraped_json_api,,scraped_json_api,content_length,10.0
627,scraped_json_api,,scraped_json_api,content_length,10.0
664,scraped_json_api,,scraped_json_api,content_length,10.0
860,scraped_json_api,,scraped_json_api,content_length,10.0
866,scraped_json_api,,scraped_json_api,content_length,10.0
867,scraped_json_api,,scraped_json_api,content_length,10.0
877,scraped_json_api,,scraped_json_api,content_length,10.0
883,scraped_json_api,,scraped_json_api,content_length,10.0
920,scraped_json_api,,scraped_json_api,content_length,10.0
1116,scraped_json_api,,scraped_json_api,content_length,10.0
1122,scraped_json_api,,scraped_json_api,content_length,10.0
1123,scraped_json_api,,scraped_json_api,content_length,10.0
1133,scraped_json_api,,scraped_json_api,content_length,10.0
1139,scraped_json_api,,scraped_json_api,content_length,10.0
1176,scraped_json_api,,scraped_json_api,content_length,10.0
1372,scraped_json_api,,scraped_json_api,content_length,10.0
1378,scraped_json_api,,scraped_json_api,content_length,10.0
1379,scraped_json_api,,scraped_json_api,content_length,10.0
1389,scraped_json_api,,scraped_json_api,content_length,10.0
1395,scraped_json_api,,scraped_json_api,content_length,10.0
1432,scraped_json_api,,scraped_json_api,content_length,10.0
343,scraped_json_api,,scraped_json_api,content_length,9.0
364,scraped_json_api,,scraped_json_api,content_length,9.0
368,scraped_json_api,,scraped_json_api,content_length,9.0
392,scraped_json_api,,scraped_json_api,content_length,9.0
599,scraped_json_api,,scraped_json_api,content_length,9.0
620,scraped_json_api,,scraped_json_api,content_length,9.0
624,scraped_json_api,,scraped_json_api,content_length,9.0
648,scraped_json_api,,scraped_json_api,content_length,9.0
855,scraped_json_api,,scraped_json_api,content_length,9.0
876,scraped_json_api,,scraped_json_api,content_length,9.0
880,scraped_json_api,,scraped_json_api,content_length,9.0
904,scraped_json_api,,scraped_json_api,content_length,9.0
1111,scraped_json_api,,scraped_json_api,content_length,9.0
1132,scraped_json_api,,scraped_json_api,content_length,9.0
1136,scraped_json_api,,scraped_json_api,content_length,9.0
1160,scraped_json_api,,scraped_json_api,content_length,9.0
1367,scraped_json_api,,scraped_json_api,content_length,9.0
1388,scraped_json_api,,scraped_json_api,content_length,9.0
1392,scraped_json_api,,scraped_json_api,content_length,9.0
1416,scraped_json_api,,scraped_json_api,content_length,9.0
361,scraped_json_api,,scraped_json_api,content_length,8.0
380,scraped_json_api,,scraped_json_api,content_length,8.0
383,scraped_json_api,,scraped_json_api,content_length,8.0
399,scraped_json_api,,scraped_json_api,content_length,8.0
617,scraped_json_api,,scraped_json_api,content_length,8.0
636,scraped_json_api,,scraped_json_api,content_length,8.0
639,scraped_json_api,,scraped_json_api,content_length,8.0
655,scraped_json_api,,scraped_json_api,content_length,8.0
873,scraped_json_api,,scraped_json_api,content_length,8.0
892,scraped_json_api,,scraped_json_api,content_length,8.0
895,scraped_json_api,,scraped_json_api,content_length,8.0
911,scraped_json_api,,scraped_json_api,content_length,8.0
1129,scraped_json_api,,scraped_json_api,content_length,8.0
1148,scraped_json_api,,scraped_json_api,content_length,8.0
1151,scraped_json_api,,scraped_json_api,content_length,8.0
1167,scraped_json_api,,scraped_json_api,content_length,8.0
1385,scraped_json_api,,scraped_json_api,content_length,8.0
1404,scraped_json_api,,scraped_json_api,content_length,8.0
1407,scraped_json_api,,scraped_json_api,content_length,8.0
1423,scraped_json_api,,scraped_json_api,content_length,8.0
373,scraped_json_api,,scraped_json_api,content_length,7.0
375,scraped_json_api,,scraped_json_api,content_length,7.0
386,scraped_json_api,,scraped_json_api,content_length,7.0
397,scraped_json_api,,scraped_json_api,content_length,7.0
402,scraped_json_api,,scraped_json_api,content_length,7.0
419,scraped_json_api,,scraped_json_api,content_length,7.0
427,scraped_json_api,,scraped_json_api,content_length,7.0
629,scraped_json_api,,scraped_json_api,content_length,7.0
631,scraped_json_api,,scraped_json_api,content_length,7.0
642,scraped_json_api,,scraped_json_api,content_length,7.0
653,scraped_json_api,,scraped_json_api,content_length,7.0
658,scraped_json_api,,scraped_json_api,content_length,7.0
675,scraped_json_api,,scraped_json_api,content_length,7.0
683,scraped_json_api,,scraped_json_api,content_length,7.0
885,scraped_json_api,,scraped_json_api,content_length,7.0
887,scraped_json_api,,scraped_json_api,content_length,7.0
898,scraped_json_api,,scraped_json_api,content_length,7.0
909,scraped_json_api,,scraped_json_api,content_length,7.0
914,scraped_json_api,,scraped_json_api,content_length,7.0
931,scraped_json_api,,scraped_json_api,content_length,7.0
939,scraped_json_api,,scraped_json_api,content_length,7.0
1141,scraped_json_api,,scraped_json_api,content_length,7.0
1143,scraped_json_api,,scraped_json_api,content_length,7.0
1154,scraped_json_api,,scraped_json_api,content_length,7.0
1165,scraped_json_api,,scraped_json_api,content_length,7.0
1170,scraped_json_api,,scraped_json_api,content_length,7.0
1187,scraped_json_api,,scraped_json_api,content_length,7.0
1195,scraped_json_api,,scraped_json_api,content_length,7.0
1397,scraped_json_api,,scraped_json_api,content_length,7.0
1399,scraped_json_api,,scraped_json_api,content_length,7.0
1410,scraped_json_api,,scraped_json_api,content_length,7.0
1421,scraped_json_api,,scraped_json_api,content_length,7.0
1426,scraped_json_api,,scraped_json_api,content_length,7.0
1443,scraped_json_api,,scraped_json_api,content_length,7.0
1451,scraped_json_api,,scraped_json_api,content_length,7.0
384,scraped_json_api,,scraped_json_api,content_length,6.0
388,scraped_json_api,,scraped_json_api,content_length,6.0
394,scraped_json_api,,scraped_json_api,content_length,6.0
640,scraped_json_api,,scraped_json_api,content_length,6.0
644,scraped_json_api,,scraped_json_api,content_length,6.0
650,scraped_json_api,,scraped_json_api,content_length,6.0
896,scraped_json_api,,scraped_json_api,content_length,6.0
900,scraped_json_api,,scraped_json_api,content_length,6.0
906,scraped_json_api,,scraped_json_api,content_length,6.0
1152,scraped_json_api,,scraped_json_api,content_length,6.0
1156,scraped_json_api,,scraped_json_api,content_length,6.0
1162,scraped_json_api,,scraped_json_api,content_length,6.0
1408,scraped_json_api,,scraped_json_api,content_length,6.0
1412,scraped_json_api,,scraped_json_api,content_length,6.0
1418,scraped_json_api,,scraped_json_api,content_length,6.0
369,scraped_json_api,,scraped_json_api,content_length,5.0
378,scraped_json_api,,scraped_json_api,content_length,5.0
381,scraped_json_api,,scraped_json_api,content_length,5.0
406,scraped_json_api,,scraped_json_api,content_length,5.0
412,scraped_json_api,,scraped_json_api,content_length,5.0
625,scraped_json_api,,scraped_json_api,content_length,5.0
634,scraped_json_api,,scraped_json_api,content_length,5.0
637,scraped_json_api,,scraped_json_api,content_length,5.0
662,scraped_json_api,,scraped_json_api,content_length,5.0
668,scraped_json_api,,scraped_json_api,content_length,5.0
881,scraped_json_api,,scraped_json_api,content_length,5.0
890,scraped_json_api,,scraped_json_api,content_length,5.0
893,scraped_json_api,,scraped_json_api,content_length,5.0
918,scraped_json_api,,scraped_json_api,content_length,5.0
924,scraped_json_api,,scraped_json_api,content_length,5.0
1137,scraped_json_api,,scraped_json_api,content_length,5.0
1146,scraped_json_api,,scraped_json_api,content_length,5.0
1149,scraped_json_api,,scraped_json_api,content_length,5.0
1174,scraped_json_api,,scraped_json_api,content_length,5.0
1180,scraped_json_api,,scraped_json_api,content_length,5.0
1393,scraped_json_api,,scraped_json_api,content_length,5.0
1402,scraped_json_api,,scraped_json_api,content_length,5.0
1405,scraped_json_api,,scraped_json_api,content_length,5.0
1430,scraped_json_api,,scraped_json_api,content_length,5.0
1436,scraped_json_api,,scraped_json_api,content_length,5.0
356,scraped_json_api,,scraped_json_api,content_length,4.0
370,scraped_json_api,,scraped_json_api,content_length,4.0
612,scraped_json_api,,scraped_json_api,content_length,4.0
626,scraped_json_api,,scraped_json_api,content_length,4.0
868,scraped_json_api,,scraped_json_api,content_length,4.0
882,scraped_json_api,,scraped_json_api,content_length,4.0
1124,scraped_json_api,,scraped_json_api,content_length,4.0
1138,scraped_json_api,,scraped_json_api,content_length,4.0
1380,scraped_json_api,,scraped_json_api,content_length,4.0
1394,scraped_json_api,,scraped_json_api,content_length,4.0
390,scraped_json_api,,scraped_json_api,content_length,3.0
405,scraped_json_api,,scraped_json_api,content_length,3.0
423,scraped_json_api,,scraped_json_api,content_length,3.0
646,scraped_json_api,,scraped_json_api,content_length,3.0
661,scraped_json_api,,scraped_json_api,content_length,3.0
679,scraped_json_api,,scraped_json_api,content_length,3.0
902,scraped_json_api,,scraped_json_api,content_length,3.0
917,scraped_json_api,,scraped_json_api,content_length,3.0
935,scraped_json_api,,scraped_json_api,content_length,3.0
1158,scraped_json_api,,scraped_json_api,content_length,3.0
1173,scraped_json_api,,scraped_json_api,content_length,3.0
1191,scraped_json_api,,scraped_json_api,content_length,3.0
1414,scraped_json_api,,scraped_json_api,content_length,3.0
1429,scraped_json_api,,scraped_json_api,content_length,3.0
1447,scraped_json_api,,scraped_json_api,content_length,3.0
